{"emb_norm/square":3.804894208908081,"emb_norm/bike":4.68295955657959,"gradients/emb.weight":{"bins":[-0.0008992828661575913,-0.0008687609806656837,-0.0008382390369661152,-0.0008077171514742076,-0.0007771952077746391,-0.0007466733222827315,-0.0007161514367908239,-0.0006856294930912554,-0.0006551076075993478,-0.0006245857221074402,-0.0005940637784078717,-0.0005635418929159641,-0.0005330200074240565,-0.000502498063724488,-0.0004719761782325804,-0.00044145426363684237,-0.0004109323490411043,-0.00038041043444536626,-0.0003498885198496282,-0.0003193666343577206,-0.00028884471976198256,-0.0002583228051662445,-0.00022780090512242168,-0.00019727900507859886,-0.0001667570904828608,-0.00013623517588712275,-0.00010571327584329993,-7.519136852351949e-05,-4.466946120373905e-05,-1.4147553883958608e-05,1.637435343582183e-05,4.689626075560227e-05,7.741828449070454e-05,0.00010794019181048498,0.00013846209913026541,0.00016898399917408824,0.0001995059137698263,0.00023002782836556435,0.00026054971385747194,0.00029107162845321,0.00032159354304894805,0.0003521154576446861,0.00038263737224042416,0.00041315925773233175,0.0004436811723280698,0.00047420308692380786,0.0005047249724157155,0.000535246916115284,0.0005657688016071916,0.0005962906870990992,0.0006268126307986677,0.0006573345162905753,0.0006878564599901438,0.0007183783454820514,0.000748900230973959,0.0007794221746735275,0.0008099440601654351,0.0008404659456573427,0.0008709878893569112,0.0009015097748488188,0.0009320316603407264,0.0009625536040402949,0.0009930755477398634,0.001023597433231771,0.0010541193187236786],"_type":"histogram","values":[1,0,0,0,1,0,2,0,1,0,2,0,1,1,1,2,1,0,2,0,2,0,1,5,2,2,2,4,6,5,5,7,4,2,5,3,4,2,0,1,2,2,0,1,1,2,2,2,1,2,1,0,0,0,0,1,0,0,0,0,0,0,0,2]},"val_loss/dy_mm":0.08739373087882996,"gradients/net.2.weight":{"bins":[-0.0018280989024788141,-0.0013760311994701624,-0.0009239633800461888,-0.0004718956188298762,-1.9827857613563538e-05,0.0004322399036027491,0.0008843076648190618,0.0013363754842430353,0.001788443187251687,0.002240510890260339,0.002692578826099634,0.003144646529108286,0.0035967142321169376,0.004048781935125589,0.004500849638134241,0.004952917341142893,0.005404985509812832,0.005857053212821484,0.006309120915830135,0.006761188618838787,0.007213256321847439,0.0076653240248560905,0.008117391727864742,0.008569459430873394,0.009021527133882046,0.009473594836890697,0.00992566253989935,0.010377730242908001,0.010829798877239227,0.011281866580247879,0.01173393428325653,0.012186001986265182,0.012638069689273834,0.013090137392282486,0.013542205095291138,0.01399427279829979,0.014446340501308441,0.014898408204317093,0.015350475907325745,0.015802543610334396,0.016254611313343048,0.0167066790163517,0.01715874671936035,0.017610814422369003,0.018062882125377655,0.018514949828386307,0.01896701753139496,0.01941908523440361,0.019871152937412262,0.020323222503066063,0.020775290206074715,0.021227357909083366,0.021679425612092018,0.02213149331510067,0.02258356101810932,0.023035628721117973,0.023487696424126625,0.023939764127135277,0.02439183183014393,0.02484389953315258,0.025295967236161232,0.025748034939169884,0.026200102642178535,0.026652170345187187,0.02710423804819584],"_type":"histogram","values":[2,5,8,15,38,4,5,2,8,5,3,1,2,3,0,1,4,2,2,0,1,0,1,0,0,0,3,2,1,0,1,1,0,0,0,0,0,1,1,0,0,0,0,0,1,1,0,0,1,0,0,0,0,0,0,0,0,0,0,1,1,0,0,1]},"val_loss/rot_deg":0.1009247750043869,"emb_norm/lissajous":4.033312797546387,"emb_norm/circle":3.7929575443267822,"lr":0.001,"parameters/net.2.bias":{"_type":"histogram","values":[1,0,0,0,0,0,0,0,0,0,0,0,0,0,0,0,0,0,0,0,0,0,0,0,0,0,0,1,0,0,0,0,0,0,0,0,0,0,0,0,0,0,0,0,0,0,0,1,0,0,0,0,0,0,0,0,0,0,0,0,0,0,0,1],"bins":[-0.20488528907299042,-0.20120441913604736,-0.1975235641002655,-0.19384269416332245,-0.1901618391275406,-0.18648096919059753,-0.18280011415481567,-0.17911924421787262,-0.17543838918209076,-0.1717575192451477,-0.16807666420936584,-0.1643957942724228,-0.16071493923664093,-0.15703406929969788,-0.15335321426391602,-0.14967234432697296,-0.1459914743900299,-0.14231061935424805,-0.138629749417305,-0.13494889438152313,-0.13126802444458008,-0.12758716940879822,-0.12390630692243576,-0.1202254444360733,-0.11654457449913025,-0.11286371201276779,-0.10918284952640533,-0.10550198704004288,-0.10182112455368042,-0.09814026206731796,-0.0944593995809555,-0.09077853709459305,-0.08709767460823059,-0.08341680467128754,-0.07973594218492508,-0.07605507969856262,-0.07237421721220016,-0.06869335472583771,-0.06501249223947525,-0.06133162975311279,-0.057650767266750336,-0.05396990478038788,-0.05028904229402542,-0.046608179807662964,-0.04292731732130051,-0.03924645110964775,-0.035565588623285294,-0.031884726136922836,-0.02820386365056038,-0.024523001164197922,-0.020842138677835464,-0.017161274328827858,-0.0134804118424654,-0.009799549356102943,-0.0061186859384179115,-0.002437822986394167,0.0012430399656295776,0.004923902917653322,0.008604765869677067,0.012285629287362099,0.015966491773724556,0.019647354260087013,0.02332821860909462,0.027009081095457077,0.030689943581819534]},"epoch":200,"_runtime":7,"parameters/emb.weight":{"values":[2,0,1,0,1,0,0,0,1,3,2,1,1,2,2,1,2,4,1,1,2,0,4,2,2,1,2,3,6,2,2,3,1,0,3,3,1,3,2,1,2,2,2,2,1,3,6,2,1,0,0,1,1,2,1,1,0,0,0,0,0,0,0,1],"bins":[-2.197810411453247,-2.1238508224487305,-2.049891471862793,-1.975932002067566,-1.9019725322723389,-1.8280130624771118,-1.7540535926818848,-1.6800941228866577,-1.6061346530914307,-1.5321751832962036,-1.4582157135009766,-1.3842562437057495,-1.3102967739105225,-1.2363373041152954,-1.1623778343200684,-1.0884183645248413,-1.0144588947296143,-0.9404994249343872,-0.8665399551391602,-0.7925804853439331,-0.718621015548706,-0.644661545753479,-0.570702075958252,-0.4967426061630249,-0.42278313636779785,-0.3488236665725708,-0.27486419677734375,-0.2009047269821167,-0.12694525718688965,-0.0529857873916626,0.020973682403564453,0.0949331521987915,0.16889262199401855,0.2428520917892456,0.31681156158447266,0.3907710313796997,0.46473050117492676,0.5386899709701538,0.6126494407653809,0.6866089105606079,0.760568380355835,0.834527850151062,0.9084873199462891,0.9824467897415161,1.0564062595367432,1.1303657293319702,1.2043251991271973,1.2782846689224243,1.3522441387176514,1.4262036085128784,1.5001630783081055,1.5741225481033325,1.6480820178985596,1.7220414876937866,1.7960009574890137,1.8699604272842407,1.9439198970794678,2.0178794860839844,2.091838836669922,2.1657981872558594,2.239757776260376,2.3137173652648926,2.38767671585083,2.4616360664367676,2.535595655441284],"_type":"histogram"},"_step":199,"train_loss":0.05378199517726898,