{"parameters/net.2.weight":{"bins":[-0.14899131655693054,-0.14428845047950745,-0.13958558440208435,-0.13488271832466125,-0.13017985224723816,-0.12547698616981506,-0.12077412009239197,-0.11607125401496887,-0.11136838793754578,-0.10666552186012268,-0.10196265578269958,-0.09725978970527649,-0.0925569236278534,-0.0878540575504303,-0.0831511914730072,-0.0784483253955841,-0.07374545931816101,-0.06904259324073792,-0.06433972716331482,-0.059636861085891724,-0.05493399500846863,-0.05023112893104553,-0.045528262853622437,-0.04082539677619934,-0.036122530698776245,-0.03141966462135315,-0.026716798543930054,-0.022013932466506958,-0.017311066389083862,-0.012608200311660767,-0.007905334234237671,-0.003202468156814575,0.0015003979206085205,0.006203263998031616,0.010906130075454712,0.015608996152877808,0.020311862230300903,0.025014728307724,0.029717594385147095,0.03442046046257019,0.039123326539993286,0.04382619261741638,0.04852905869483948,0.05323192477226257,0.05793479084968567,0.06263765692710876,0.06734052300453186,0.07204338908195496,0.07674625515937805,0.08144912123680115,0.08615198731422424,0.09085485339164734,0.09555771946907043,0.10026058554649353,0.10496345162391663,0.10966631770133972,0.11436918377876282,0.11907204985618591,0.12377491593360901,0.1284777820110321,0.1331806480884552,0.1378835141658783,0.1425863802433014,0.1472892463207245,0.15199211239814758],"_type":"histogram","values":[1,0,1,0,0,2,1,1,3,0,4,1,0,2,4,4,1,2,2,2,5,3,3,4,1,2,4,1,3,6,2,5,1,1,2,5,4,7,2,2,5,2,3,0,1,1,1,2,1,2,2,2,3,0,3,1,2,0,1,0,1,0,0,1]},"_timestamp":1.7768202815651367e+09,"epoch":200,"train_loss":0.0837403800090154,"val_loss/rot_deg":0.0863480344414711,"val_loss/dx_mm":0.08655146509408951,"parameters/net.2.bias":{"_type":"histogram","values":[1,0,0,0,0,0,0,0,0,0,0,0,0,0,0,1,0,0,0,0,0,1,0,0,0,0,0,0,0,0,0,0,0,0,0,0,0,0,0,0,0,0,0,0,0,0,0,0,0,0,0,0,0,0,0,0,0,0,0,0,0,0,0,1],"bins":[0.011443931609392166,0.012141779065132141,0.01283962745219469,0.013537474907934666,0.014235323294997215,0.01493317075073719,0.015631018206477165,0.01632886566221714,0.017026714980602264,0.01772456243634224,0.018422409892082214,0.01912025734782219,0.019818104803562164,0.02051595225930214,0.021213801577687263,0.02191164903342724,0.022609496489167213,0.02330734394490719,0.024005191400647163,0.024703040719032288,0.025400888174772263,0.026098735630512238,0.026796583086252213,0.027494430541992188,0.028192277997732162,0.028890127316117287,0.02958797477185726,0.030285822227597237,0.03098366968333721,0.031681519001722336,0.03237936645746231,0.033077213913202286,0.03377506136894226,0.034472908824682236,0.03517075628042221,0.035868603736162186,0.03656645119190216,0.037264298647642136,0.03796214982867241,0.038659997284412384,0.03935784474015236,0.040055692195892334,0.04075353965163231,0.041451387107372284,0.04214923456311226,0.042847082018852234,0.04354492947459221,0.044242776930332184,0.04494062811136246,0.04563847556710243,0.04633632302284241,0.04703417047858238,0.04773201793432236,0.04842986539006233,0.04912771284580231,0.04982556030154228,0.05052340775728226,0.05122125521302223,0.05191910266876221,0.05261695384979248,0.053314801305532455,0.05401264876127243,0.054710496217012405,0.05540834367275238,0.056106191128492355]},"emb_norm/bike":4.564620494842529,"emb_norm/plane":4.035239219665527,"lr":0.001,"val_loss/scale":0.08063192665576935,"emb_norm/square":3.871669292449951,"emb_norm/face_simple":4.040156841278076,"_step":199,"parameters/net.0.weight":{"_type":"histogram","values":[1,2,2,1,5,2,6,4,7,11,4,11,8,8,9,8,8,4,12,13,8,9,12,14,12,12,8,13,4,13,18,6,5,13,11,9,5,12,16,10,8,9,12,10,8,5,7,15,7,11,8,10,10,6,9,7,8,4,4,4,3,3,5,3],"bins":[-0.28881481289863586,-0.2801794409751892,-0.27154409885406494,-0.2629087269306183,-0.25427335500717163,-0.24563801288604736,-0.2370026409626007,-0.22836728394031525,-0.21973192691802979,-0.21109656989574432,-0.20246121287345886,-0.1938258409500122,-0.18519048392772675,-0.17655512690544128,-0.16791975498199463,-0.15928439795970917,-0.1506490409374237,-0.14201368391513824,-0.13337832689285278,-0.12474295496940613,-0.11610759794712067,-0.1074722409248352,-0.09883687645196915,-0.09020151197910309,-0.08156615495681763,-0.07293079793453217,-0.06429543346166611,-0.05566007271409035,-0.04702471196651459,-0.03838935121893883,-0.029753990471363068,-0.021118629723787308,-0.012483298778533936,-0.0038479380309581757,0.004787422716617584,0.013422783464193344,0.022058144211769104,0.030693504959344864,0.039328865706920624,0.047964226454496384,0.056599587202072144,0.0652349442243576,0.07387030869722366,0.08250567317008972,0.09114103019237518,0.09977638721466064,0.1084117516875267,0.11704711616039276,0.12568247318267822,0.13431783020496368,0.14295318722724915,0.1515885591506958,0.16022391617298126,0.16885927319526672,0.17749464511871338,0.18613000214099884,0.1947653591632843,0.20340071618556976,0.21203607320785522,0.22067144513130188,0.22930680215358734,0.2379421591758728,0.24657753109931946,0.2552128732204437,0.2638482451438904]},"gradients/net.2.bias":{"_type":"histogram","values":[1,0,0,0,0,0,0,0,0,0,0,0,0,0,0,0,0,0,0,0,0,0,0,0,0,0,0,0,0,0,0,0,0,0,0,0,0,0,0,0,0,0,0,0,0,0,0,0,0,0,0,0,0,0,0,0,1,0,0,1,0,0,0,1],"bins":[-0.022944781929254532,-0.02230747789144516,-0.021670173853635788,-0.021032869815826416,-0.020395567640662193,-0.01975826360285282,-0.01912095956504345,-0.018483655527234077,-0.017846351489424706,-0.017209047451615334,-0.01657174527645111,-0.01593444123864174,-0.015297137200832367,-0.014659833163022995,-0.014022529125213623,-0.013385226018726826,-0.012747921980917454,-0.012110617943108082,-0.011473314836621284,-0.010836010798811913,-0.01019870676100254,-0.009561403654515743,-0.008924099616706371,-0.008286795578897,-0.007649492006748915,-0.00701218843460083,-0.006374884396791458,-0.0057375808246433735,-0.005100277252495289,-0.004462973214685917,-0.0038256696425378323,-0.003188365837559104,-0.0025510620325803757,-0.0019137582276016474,-0.001276454539038241,-0.0006391507922671735,-1.8470454961061478e-06,0.0006354567012749612,0.0012727604480460286,0.001910064136609435,0.0025473679415881634,0.0031846717465668917,0.00382197555154562,0.004459279123693705,0.005096582695841789,0.005733886733651161,0.006371190305799246,0.007008494343608618,0.007645797915756702,0.008283101953566074,0.008920405060052872,0.009557709097862244,0.010195013135671616,0.010832316242158413,0.011469620279967785,0.012106924317777157,0.012744227424263954,0.013381531462073326,0.014018835499882698,0.01465613953769207,0.015293442644178867,0.015930745750665665,0.016568049788475037,0.01720535382628441,0.01784265786409378]},"val_loss":0.08508002330859502,"emb_norm/circle":3.0544111728668213,"gradients/net.0.bias":{"values":[1,0,0,1,0,0,0,0,0,0,0,0,0,0,0,0,2,0,0,0,1,0,1,0,2,0,0,2,1,1,0,9,1,0,1,0,1,0,0,0,1,1,0,0,0,0,1,1,0,2,0,0,1,0,0,0,0,0,0,0,0,0,0,1],