{
  "label": "bike",
  "ds_mm": 2.0,
  "min_det": 0.0054552972848937115,
  "scale": 1.4759012474816537,
  "rot_deg": -22.929982295940093,
  "dx_mm": 13.355065166745206,
  "dy_mm": -27.241747605160903
}