{
  "label": "bike",
  "ds_mm": 2.0,
  "min_det": 0.005766692762731452,
  "scale": 1.2952713139151526,
  "rot_deg": -33.07436096591759,
  "dx_mm": -12.093812914472156,
  "dy_mm": -9.716155621640418
}