{
  "label": "bike",
  "ds_mm": 2.0,
  "min_det": 0.005924058297936209,
  "scale": 0.9494417912499995,
  "rot_deg": 41.16725283227673,
  "dx_mm": -4.772553989140363,
  "dy_mm": -9.848097262149103
}