{
  "label": "bike",
  "ds_mm": 2.0,
  "min_det": 0.005752345653555023,
  "scale": 1.1073435626922392,
  "rot_deg": -38.965861712542676,
  "dx_mm": 4.478164917464717,
  "dy_mm": -13.90902708069125
}