{
  "label": "bike",
  "ds_mm": 2.0,
  "min_det": 0.005578305554019175,
  "scale": 1.4705560397046633,
  "rot_deg": -44.358306177933855,
  "dx_mm": 0.84888243569997,
  "dy_mm": -16.043565315481274
}