{
  "label": "bike",
  "ds_mm": 2.0,
  "min_det": 0.00563678483649961,
  "scale": 0.975325681317232,
  "rot_deg": 38.75637287138426,
  "dx_mm": 11.303577779020557,
  "dy_mm": 12.739789915704442
}