{
  "label": "bike",
  "ds_mm": 2.0,
  "scale": 0.8346010466904379,
  "rot_deg": 9.692339943066948,
  "dx_mm": 24.369914563552577,
  "dy_mm": -23.983381833285428
}