{
  "label": "bike",
  "ds_mm": 2.0,
  "scale": 1.1689196100730173,
  "rot_deg": -12.059095246608607,
  "dx_mm": 0.15841620815102786,
  "dy_mm": 8.17249012948875
}