{
  "label": "bike",
  "ds_mm": 2.0,
  "min_det": 0.006043522239439559,
  "scale": 0.7264026466755611,
  "rot_deg": 21.49937988875918,
  "dx_mm": -4.984475464842994,
  "dy_mm": 21.55753466307371
}