{
  "label": "bike",
  "ds_mm": 2.0,
  "min_det": 0.005858157932363931,
  "scale": 0.9627802372369306,
  "rot_deg": 5.150113114751399,
  "dx_mm": -2.4600682976709543,
  "dy_mm": 6.223220055652604
}