{
  "label": "bike",
  "ds_mm": 2.0,
  "min_det": 0.005743175778234824,
  "scale": 0.7260435947450997,
  "rot_deg": -11.198369034715334,
  "dx_mm": 29.563035916340368,
  "dy_mm": 10.602335966080474
}