{
  "label": "bike",
  "ds_mm": 2.0,
  "min_det": 0.0057627460533504074,
  "scale": 1.133711670574392,
  "rot_deg": 23.698975835085577,
  "dx_mm": -6.101783048575815,
  "dy_mm": -28.500255091182957
}