{
  "label": "bike",
  "ds_mm": 2.0,
  "scale": 1.0257098368455178,
  "rot_deg": 14.528508413917535,
  "dx_mm": 8.688918617263354,
  "dy_mm": 21.70182565958904
}