{
  "label": "bike",
  "ds_mm": 2.0,
  "min_det": 0.006237518532087328,
  "scale": 0.6636531240483432,
  "rot_deg": -37.72403761459809,
  "dx_mm": -2.239938081822647,
  "dy_mm": 7.752502496092916
}