{
  "label": "bike",
  "ds_mm": 2.0,
  "scale": 1.0747798115939735,
  "rot_deg": -8.945914101616715,
  "dx_mm": 10.819811613353444,
  "dy_mm": -28.54403192064468
}