{
  "label": "bike",
  "ds_mm": 2.0,
  "scale": 1.3069483741424963,
  "rot_deg": -30.47320365189578,
  "dx_mm": 0.010322980127369874,
  "dy_mm": 11.951472636347233
}