{
  "label": "bike",
  "ds_mm": 2.0,
  "min_det": 0.0060605614885897805,
  "scale": 0.8614562101401861,
  "rot_deg": -7.432703968844116,
  "dx_mm": -10.919827518507333,
  "dy_mm": 7.254398659774566
}