{
  "label": "bike",
  "ds_mm": 2.0,
  "scale": 0.6057550541120915,
  "rot_deg": -25.59207447468583,
  "dx_mm": -0.5013830078751589,
  "dy_mm": 7.8409200364566445
}