{
  "label": "bike",
  "ds_mm": 2.0,
  "min_det": 0.005951278584385809,
  "scale": 0.6211438988662621,
  "rot_deg": 44.38528084422016,
  "dx_mm": 7.404700445239676,
  "dy_mm": 27.323148970070918
}