{
  "label": "bike",
  "ds_mm": 2.0,
  "min_det": 0.0056814944506876075,
  "scale": 1.1568193234954798,
  "rot_deg": 22.21505079844205,
  "dx_mm": 2.4383508485366576,
  "dy_mm": -28.82138285108974
}