{
  "label": "bike",
  "ds_mm": 2.0,
  "min_det": 0.0055034696733871485,
  "scale": 1.4007587250307763,
  "rot_deg": -5.542392398618752,
  "dx_mm": 17.60380364951024,
  "dy_mm": -17.695558503486303
}