{
  "label": "bike",
  "ds_mm": 2.0,
  "min_det": 0.00626019737511801,
  "scale": 0.6663504305990473,
  "rot_deg": -30.990599678319235,
  "dx_mm": -4.8214423665107695,
  "dy_mm": 22.992859676436886
}