{
  "label": "bike",
  "ds_mm": 2.0,
  "min_det": 0.005557860730018574,
  "scale": 1.4753963243699477,
  "rot_deg": -1.3768568837056563,
  "dx_mm": -7.879111368106916,
  "dy_mm": -29.324175702718197
}