{
  "label": "bike",
  "ds_mm": 2.0,
  "min_det": 0.0056421422764953415,
  "scale": 0.9941857906047863,
  "rot_deg": 39.14987828164175,
  "dx_mm": 14.8813894733482,
  "dy_mm": 1.948143056031153
}