{
  "label": "bike",
  "ds_mm": 2.0,
  "min_det": 0.006277570870179231,
  "scale": 1.0102130190216767,
  "rot_deg": -34.01034405558701,
  "dx_mm": -27.499132114225922,
  "dy_mm": 13.43044595825539
}