{
  "label": "bike",
  "ds_mm": 2.0,
  "scale": 0.6970889909327256,
  "rot_deg": 6.115351018886102,
  "dx_mm": 26.206986316805143,
  "dy_mm": -20.553663133544177
}