{
  "label": "bike",
  "ds_mm": 2.0,
  "scale": 1.3932293273045888,
  "rot_deg": 40.40877641623047,
  "dx_mm": 23.186056831538274,
  "dy_mm": 1.3596922012697412
}