{
  "label": "bike",
  "ds_mm": 2.0,
  "min_det": 0.005758187103281559,
  "scale": 1.3371437717559742,
  "rot_deg": -26.21849612696988,
  "dx_mm": -9.922590961641674,
  "dy_mm": 6.026777306978133
}