{
  "label": "bike",
  "ds_mm": 2.0,
  "min_det": 0.005694555272436057,
  "scale": 0.9903528446090273,
  "rot_deg": 16.172989673431346,
  "dx_mm": 12.691332025043309,
  "dy_mm": -22.09984001868127
}