{
  "label": "bike",
  "ds_mm": 2.0,
  "scale": 0.803900865450129,
  "rot_deg": -7.4196424313120275,
  "dx_mm": -11.699356773878186,
  "dy_mm": -26.324934567661657
}