{
  "label": "bike",
  "ds_mm": 2.0,
  "min_det": 0.006100158292171149,
  "scale": 0.6018803828765826,
  "rot_deg": 4.887712679349008,
  "dx_mm": 0.536693270871158,
  "dy_mm": -15.914371263508695
}