{
  "label": "bike",
  "ds_mm": 2.0,
  "min_det": 0.006376557931262362,
  "scale": 0.6628530334309196,
  "rot_deg": -17.865785405765287,
  "dx_mm": -24.66330760733137,
  "dy_mm": -27.194280579793688
}