{
  "label": "bike",
  "ds_mm": 2.0,
  "min_det": 0.006086646346691223,
  "scale": 0.6577677221163892,
  "rot_deg": -32.85547187313749,
  "dx_mm": 7.464193780748978,
  "dy_mm": 6.626646707079217
}