{
  "label": "bike",
  "ds_mm": 2.0,
  "min_det": 0.005596790625416218,
  "scale": 1.0166917287577228,
  "rot_deg": 36.6248053413496,
  "dx_mm": 26.61488328347214,
  "dy_mm": -20.636285951368695
}