{
  "label": "bike",
  "ds_mm": 2.0,
  "min_det": 0.006086699903632858,
  "scale": 0.8154751653400635,
  "rot_deg": -2.7927536850631753,
  "dx_mm": -15.532829012471552,
  "dy_mm": -20.71519456279244
}