{
  "label": "bike",
  "ds_mm": 2.0,
  "scale": 1.4925877340770843,
  "rot_deg": -0.8614302996308609,
  "dx_mm": -4.2176035759726105,
  "dy_mm": 27.19914317846122
}