{
  "label": "bike",
  "ds_mm": 2.0,
  "scale": 0.7179157403879367,
  "rot_deg": -4.329230437368068,
  "dx_mm": 16.998490257552803,
  "dy_mm": 7.9665962639044565
}