{
  "label": "bike",
  "ds_mm": 2.0,
  "min_det": 0.006070865749953498,
  "scale": 0.7229689612606744,
  "rot_deg": 7.551124966047794,
  "dx_mm": -5.13665158201497,
  "dy_mm": -10.6469995795396
}