{
  "label": "bike",
  "ds_mm": 2.0,
  "scale": 1.2374069290244445,
  "rot_deg": -30.192080333271267,
  "dx_mm": 13.98433218489508,
  "dy_mm": 15.47641484635308
}