{
  "label": "bike",
  "ds_mm": 2.0,
  "scale": 1.3515792007076843,
  "rot_deg": 22.638149156588284,
  "dx_mm": -18.949331857098052,
  "dy_mm": -29.141221271952723
}