{
  "label": "bike",
  "ds_mm": 2.0,
  "min_det": 0.005639047794769673,
  "scale": 1.1357788470851877,
  "rot_deg": -0.427822998734122,
  "dx_mm": 11.166801791526915,
  "dy_mm": -12.685908773607615
}