{
  "label": "bike",
  "ds_mm": 2.0,
  "scale": 1.2673757350347254,
  "rot_deg": -17.903036931563758,
  "dx_mm": -16.811718441780588,
  "dy_mm": 4.4062207940449625
}