{
  "label": "bike",
  "ds_mm": 2.0,
  "scale": 1.1156765139256697,
  "rot_deg": -10.938774177444138,
  "dx_mm": 8.32853296739907,
  "dy_mm": 2.8344931396134925
}