{
  "label": "bike",
  "ds_mm": 2.0,
  "min_det": 0.00556209823900413,
  "scale": 1.3320246875649935,
  "rot_deg": -1.6894805459980375,
  "dx_mm": 8.840597083534071,
  "dy_mm": -18.101212899580325
}