{
  "label": "bike",
  "ds_mm": 2.0,
  "scale": 1.3333690978531458,
  "rot_deg": 42.58329106662458,
  "dx_mm": -13.491470948829459,
  "dy_mm": 23.583029945444395
}