{
  "label": "bike",
  "ds_mm": 2.0,
  "min_det": 0.005677148919225474,
  "scale": 1.1566493047768236,
  "rot_deg": -41.37722664132047,
  "dx_mm": 18.918232844833838,
  "dy_mm": 0.5314881663884492
}