{
  "label": "bike",
  "ds_mm": 2.0,
  "scale": 0.9544692470076472,
  "rot_deg": -9.787856025455447,
  "dx_mm": -4.319817421563926,
  "dy_mm": -25.522920027405007
}