{
  "label": "bike",
  "ds_mm": 2.0,
  "scale": 0.8819246920170396,
  "rot_deg": -11.622393082981624,
  "dx_mm": -12.421920870926236,
  "dy_mm": -5.489093096033297
}