{
  "label": "bike",
  "ds_mm": 2.0,
  "min_det": 0.005759507983747758,
  "scale": 1.1606901747451626,
  "rot_deg": 34.30969192630549,
  "dx_mm": -5.486437969072824,
  "dy_mm": -11.955772943254928
}