{
  "label": "bike",
  "ds_mm": 2.0,
  "scale": 1.021007428168191,
  "rot_deg": 38.80528528068868,
  "dx_mm": -24.826380254967678,
  "dy_mm": -12.898565074377675
}