{
  "label": "bike",
  "ds_mm": 2.0,
  "min_det": 0.006250692192769844,
  "scale": 0.6334104953496829,
  "rot_deg": 24.593268574343185,
  "dx_mm": -12.428373043309591,
  "dy_mm": -23.137293862274603
}