{
  "label": "bike",
  "ds_mm": 2.0,
  "scale": 1.165654356796989,
  "rot_deg": 21.29456994418625,
  "dx_mm": -15.612156099992472,
  "dy_mm": -25.64336430450539
}