{
  "label": "bike",
  "ds_mm": 2.0,
  "min_det": 0.0060237326413761835,
  "scale": 0.8100680673200829,
  "rot_deg": 8.195480712158123,
  "dx_mm": -6.566353409330375,
  "dy_mm": 0.026627872820039755
}