{
  "label": "bike",
  "ds_mm": 2.0,
  "min_det": 0.005836862932549212,
  "scale": 1.0994830661679575,
  "rot_deg": 43.6660070212269,
  "dx_mm": -7.788575849677809,
  "dy_mm": -7.935653787855632
}