{
  "label": "bike",
  "ds_mm": 2.0,
  "min_det": 0.005581986569479533,
  "scale": 1.4233020135786032,
  "rot_deg": 24.003260127166186,
  "dx_mm": -1.8784696254372655,
  "dy_mm": -21.501623161058532
}