{
  "label": "bike",
  "ds_mm": 2.0,
  "min_det": 0.005620927981129761,
  "scale": 1.2124120544984334,
  "rot_deg": -30.087710332490204,
  "dx_mm": 13.757298708335568,
  "dy_mm": 24.391290907488766
}