{
  "label": "bike",
  "ds_mm": 2.0,
  "scale": 0.7346875576149434,
  "rot_deg": -40.46445584791616,
  "dx_mm": 27.356325880359528,
  "dy_mm": -4.104576012108264
}