{
  "label": "bike",
  "ds_mm": 2.0,
  "min_det": 0.006047132388632017,
  "scale": 0.9414128111329959,
  "rot_deg": 18.57884311385895,
  "dx_mm": -20.313347753945035,
  "dy_mm": 18.793125231018188
}