{
  "label": "bike",
  "ds_mm": 2.0,
  "min_det": 0.00547796846131811,
  "scale": 1.3070292702750272,
  "rot_deg": 24.844273986886634,
  "dx_mm": 13.06164402357416,
  "dy_mm": -2.6170180653120383
}