{
  "label": "bike",
  "ds_mm": 2.0,
  "scale": 1.4108037463108278,
  "rot_deg": -9.738366542165593,
  "dx_mm": 6.142828492048494,
  "dy_mm": -0.8069655784892298
}