{
  "label": "bike",
  "ds_mm": 2.0,
  "min_det": 0.006183747556475562,
  "scale": 1.0025542972706034,
  "rot_deg": -14.557350087810462,
  "dx_mm": -29.100474110088783,
  "dy_mm": 5.108703938512598
}