{
  "label": "bike",
  "ds_mm": 2.0,
  "scale": 1.4674649779812072,
  "rot_deg": 40.12307597392153,
  "dx_mm": 6.102540630994056,
  "dy_mm": 10.7102889165118
}