{
  "label": "bike",
  "ds_mm": 2.0,
  "scale": 1.0281209522170816,
  "rot_deg": 10.128775732920126,
  "dx_mm": 6.289090626745647,
  "dy_mm": -20.8818970758117
}