{
  "label": "bike",
  "ds_mm": 2.0,
  "min_det": 0.006240920315084428,
  "scale": 0.8900692366293406,
  "rot_deg": -39.36951307512134,
  "dx_mm": -16.535094821922563,
  "dy_mm": 5.520540326404586
}