{
  "label": "bike",
  "ds_mm": 2.0,
  "min_det": 0.005748830325272705,
  "scale": 0.9720146443606392,
  "rot_deg": 41.10306035456897,
  "dx_mm": 11.265848514045494,
  "dy_mm": -15.618310635436565
}