{
  "label": "bike",
  "ds_mm": 2.0,
  "min_det": 0.0056852358459281325,
  "scale": 1.212102734869215,
  "rot_deg": 30.20981405854731,
  "dx_mm": -5.464580164893878,
  "dy_mm": 0.30819903487628153
}