{
  "label": "bike",
  "ds_mm": 2.0,
  "min_det": 0.005645480354923343,
  "scale": 1.3372317623219598,
  "rot_deg": 19.92763696021079,
  "dx_mm": -5.268462103071574,
  "dy_mm": -15.67007148018445
}