{
  "label": "bike",
  "ds_mm": 2.0,
  "scale": 0.9910366310340533,
  "rot_deg": 38.540617355737126,
  "dx_mm": -14.201285852203522,
  "dy_mm": 1.5606015855081843
}