{
  "label": "bike",
  "ds_mm": 2.0,
  "scale": 0.7865227906930421,
  "rot_deg": -27.114642538917984,
  "dx_mm": 1.470531928546336,
  "dy_mm": 0.7943515521275728
}