{
  "label": "bike",
  "ds_mm": 2.0,
  "min_det": 0.005913892720515577,
  "scale": 0.8194202592500369,
  "rot_deg": -15.419076665065848,
  "dx_mm": 3.1701759057609067,
  "dy_mm": -10.863978987874894
}