{
  "label": "bike",
  "ds_mm": 2.0,
  "scale": 1.0729580632282985,
  "rot_deg": 18.22036221219085,
  "dx_mm": -1.5713863918567377,
  "dy_mm": 8.815101076073802
}