{
  "label": "bike",
  "ds_mm": 2.0,
  "min_det": 0.005631798673724724,
  "scale": 1.120546667359477,
  "rot_deg": 33.3876565469221,
  "dx_mm": 14.325600018321836,
  "dy_mm": -23.174661143731463
}