{
  "label": "bike",
  "ds_mm": 2.0,
  "min_det": 0.0059228749755390366,
  "scale": 0.8705009860906986,
  "rot_deg": 31.483470163173763,
  "dx_mm": -2.760091617372339,
  "dy_mm": 5.098913503200201
}