{
  "label": "bike",
  "ds_mm": 2.0,
  "min_det": 0.005882775790789139,
  "scale": 0.972585457273466,
  "rot_deg": 4.929240257758707,
  "dx_mm": -8.57650307630449,
  "dy_mm": -18.85027054777165
}