{
  "label": "bike",
  "ds_mm": 2.0,
  "scale": 0.9553476734441297,
  "rot_deg": -30.41033835555044,
  "dx_mm": 6.351635403207531,
  "dy_mm": -18.72533978238779
}