{
  "label": "bike",
  "ds_mm": 2.0,
  "scale": 1.2373208488962348,
  "rot_deg": 27.840586570679136,
  "dx_mm": 16.996671509956528,
  "dy_mm": 28.765507480106393
}