{
  "label": "bike",
  "ds_mm": 2.0,
  "scale": 1.2762616385967944,
  "rot_deg": -6.0726941524154086,
  "dx_mm": -13.461406914563842,
  "dy_mm": 5.075675920361924
}