{
  "label": "bike",
  "ds_mm": 2.0,
  "min_det": 0.005680934516568103,
  "scale": 0.9399577950886284,
  "rot_deg": 2.1515919791640243,
  "dx_mm": 19.420988159198636,
  "dy_mm": -11.213890994233644
}