{
  "label": "bike",
  "ds_mm": 2.0,
  "min_det": 0.005400026468266607,
  "scale": 1.0258042944335461,
  "rot_deg": 42.45733765096654,
  "dx_mm": 22.356506967131324,
  "dy_mm": 20.901547637918952
}