{
  "label": "bike",
  "ds_mm": 2.0,
  "min_det": 0.005504207213284748,
  "scale": 1.4490157031328383,
  "rot_deg": -39.7993652735509,
  "dx_mm": 17.189026433343912,
  "dy_mm": -13.316041614225732
}