{
  "label": "bike",
  "ds_mm": 2.0,
  "scale": 1.2048098192850887,
  "rot_deg": 9.350609915839563,
  "dx_mm": -16.514901582001933,
  "dy_mm": 4.921718628727888
}