{
  "label": "bike",
  "ds_mm": 2.0,
  "min_det": 0.005922961845970217,
  "scale": 0.8373695474912078,
  "rot_deg": -43.01324535835014,
  "dx_mm": 13.006437065697433,
  "dy_mm": 18.150248094959167
}