{
  "label": "bike",
  "ds_mm": 2.0,
  "scale": 0.6658430861595488,
  "rot_deg": 40.48509908818269,
  "dx_mm": 24.304806884846784,
  "dy_mm": 26.2309676414326
}