{
  "label": "bike",
  "ds_mm": 2.0,
  "scale": 0.6475041133898088,
  "rot_deg": -0.013905307363870634,
  "dx_mm": -9.401313338090198,
  "dy_mm": 11.228903544358133
}