{
  "label": "bike",
  "ds_mm": 2.0,
  "scale": 1.2707279707586485,
  "rot_deg": 27.47569278952423,
  "dx_mm": 1.0554110404159331,
  "dy_mm": 6.073431259083662
}