{
  "label": "bike",
  "ds_mm": 2.0,
  "scale": 0.8774193796027145,
  "rot_deg": 9.639847700258024,
  "dx_mm": 10.26211481904918,
  "dy_mm": 1.8708737666230952
}