{
  "label": "bike",
  "ds_mm": 2.0,
  "min_det": 0.005593519533547711,
  "scale": 1.09252073075475,
  "rot_deg": -6.136669414133337,
  "dx_mm": 23.302349412298433,
  "dy_mm": 3.566394624925991
}