{
  "label": "bike",
  "ds_mm": 2.0,
  "scale": 0.910122718566688,
  "rot_deg": -39.94263028669356,
  "dx_mm": -13.832964589143863,
  "dy_mm": -9.33065081798291
}