{
  "label": "bike",
  "ds_mm": 2.0,
  "scale": 0.7986365190883514,
  "rot_deg": -16.791938007618416,
  "dx_mm": 1.8375287510013791,
  "dy_mm": -24.91447486865953
}