{
  "label": "bike",
  "ds_mm": 2.0,
  "scale": 0.7885294183170597,
  "rot_deg": 21.422067900987244,
  "dx_mm": -0.5346159141395503,
  "dy_mm": -7.377365996305521
}