{
  "label": "bike",
  "ds_mm": 2.0,
  "scale": 1.0627606782749588,
  "rot_deg": -25.81199202330353,
  "dx_mm": -4.281886248691382,
  "dy_mm": -28.001546957216807
}