{
  "label": "bike",
  "ds_mm": 2.0,
  "scale": 1.0458707917791625,
  "rot_deg": -33.36599678943669,
  "dx_mm": -1.5546937109214163,
  "dy_mm": 15.017838151402792
}