{
  "label": "bike",
  "ds_mm": 2.0,
  "scale": 0.9545536976389388,
  "rot_deg": -12.52626268450932,
  "dx_mm": -5.897095537542906,
  "dy_mm": -16.09988355027715
}