{
  "label": "bike",
  "ds_mm": 2.0,
  "min_det": 0.005832985020489734,
  "scale": 0.9597569703047312,
  "rot_deg": 26.454186640469928,
  "dx_mm": 0.38211257905852847,
  "dy_mm": -18.60072538232472
}