{
  "label": "bike",
  "ds_mm": 2.0,
  "scale": 1.2480956060988266,
  "rot_deg": -22.037489984505104,
  "dx_mm": 8.652304558130993,
  "dy_mm": -15.569990260840372
}