{
  "label": "bike",
  "ds_mm": 2.0,
  "min_det": 0.005946075946541705,
  "scale": 0.6922100563856358,
  "rot_deg": -33.75352950064549,
  "dx_mm": 17.54745319260448,
  "dy_mm": 6.723294292654842
}