{
  "label": "bike",
  "ds_mm": 2.0,
  "scale": 0.7788227587026213,
  "rot_deg": -34.464692504008596,
  "dx_mm": 22.194398292134323,
  "dy_mm": 25.810703092847326
}