{
  "label": "bike",
  "ds_mm": 2.0,
  "min_det": 0.005370876740941675,
  "scale": 1.2944469904050173,
  "rot_deg": -12.473254076603801,
  "dx_mm": 29.073527329271833,
  "dy_mm": 21.7578081233251
}