{
  "label": "bike",
  "ds_mm": 2.0,
  "scale": 1.2012437317635256,
  "rot_deg": 42.73213695257701,
  "dx_mm": -29.25108876350285,
  "dy_mm": 6.923901859096418
}