{
  "label": "bike",
  "ds_mm": 2.0,
  "scale": 0.9049398636152661,
  "rot_deg": 30.601512490424227,
  "dx_mm": -7.788210724401349,
  "dy_mm": 13.65974750971182
}