{
  "label": "bike",
  "ds_mm": 2.0,
  "min_det": 0.005982727023790081,
  "scale": 0.7864600120164112,
  "rot_deg": -32.10673367474164,
  "dx_mm": 4.368611977592764,
  "dy_mm": -6.758562042544387
}