{
  "label": "bike",
  "ds_mm": 2.0,
  "scale": 0.6795178520090115,
  "rot_deg": -0.600265037492484,
  "dx_mm": -7.054346728502132,
  "dy_mm": 26.770236356896966
}