{
  "label": "bike",
  "ds_mm": 2.0,
  "min_det": 0.005807788374703305,
  "scale": 0.9274289422351951,
  "rot_deg": -11.661923236265942,
  "dx_mm": 1.4107835472918602,
  "dy_mm": -23.259600513668
}