{
  "label": "bike",
  "ds_mm": 2.0,
  "min_det": 0.005723912513186312,
  "scale": 1.0404168204918949,
  "rot_deg": -39.83988154586264,
  "dx_mm": 20.438747483694073,
  "dy_mm": 1.9449408720469457
}