{
  "label": "bike",
  "ds_mm": 2.0,
  "min_det": 0.005618467321975335,
  "scale": 1.0718912148305388,
  "rot_deg": 34.477540307159614,
  "dx_mm": 20.161066859993255,
  "dy_mm": -25.168322205093723
}