{
  "label": "bike",
  "ds_mm": 2.0,
  "min_det": 0.006568769803056323,
  "scale": 0.7135211423863901,
  "rot_deg": -44.700179150256744,
  "dx_mm": -24.96796017270996,
  "dy_mm": -2.052401725491592
}