{
  "label": "bike",
  "ds_mm": 2.0,
  "scale": 0.6204916119679132,
  "rot_deg": -27.299150357488884,
  "dx_mm": -6.740458440825538,
  "dy_mm": -14.19173281252978
}