{
  "label": "bike",
  "ds_mm": 2.0,
  "scale": 0.8551485370562404,
  "rot_deg": 44.90235816906703,
  "dx_mm": -7.345384212057418,
  "dy_mm": 0.5555332212957502
}