{
  "label": "bike",
  "ds_mm": 2.0,
  "min_det": 0.005795902262928203,
  "scale": 1.0014886688404032,
  "rot_deg": -6.754132717094436,
  "dx_mm": -0.21425453893920832,
  "dy_mm": -14.7673061031401
}