{
  "label": "bike",
  "ds_mm": 2.0,
  "min_det": 0.005160734480029748,
  "scale": 1.4544379294243908,
  "rot_deg": 7.970067259740105,
  "dx_mm": 26.328038722455346,
  "dy_mm": 27.16625069603723
}