{
  "label": "bike",
  "ds_mm": 2.0,
  "scale": 0.921539599395233,
  "rot_deg": -17.687307786218195,
  "dx_mm": -5.553440425889711,
  "dy_mm": 9.162998187477392
}