{
  "label": "bike",
  "ds_mm": 2.0,
  "scale": 0.6167241054154898,
  "rot_deg": 13.198049718070124,
  "dx_mm": 16.46302626209617,
  "dy_mm": -4.103879645159601
}