{
  "label": "bike",
  "ds_mm": 2.0,
  "min_det": 0.0057267610491168715,
  "scale": 1.1523001236488275,
  "rot_deg": 38.477844442843605,
  "dx_mm": -1.7885152143735752,
  "dy_mm": -9.032860007134339
}