{
  "label": "bike",
  "ds_mm": 2.0,
  "min_det": 0.006070919689372798,
  "scale": 0.6555281535676922,
  "rot_deg": 20.197465273624744,
  "dx_mm": -0.8785924142685388,
  "dy_mm": 18.21626095023371
}