{
  "label": "bike",
  "ds_mm": 2.0,
  "scale": 1.3913960759568165,
  "rot_deg": 9.887064453838612,
  "dx_mm": 20.114889808737743,
  "dy_mm": 14.34104876365506
}