{
  "label": "bike",
  "ds_mm": 2.0,
  "min_det": 0.005965661737987509,
  "scale": 0.9861792857321627,
  "rot_deg": -19.75290461421402,
  "dx_mm": -17.857987830021465,
  "dy_mm": -23.296918090584782
}