{
  "label": "bike",
  "ds_mm": 2.0,
  "scale": 0.7492811044885865,
  "rot_deg": -3.5206905392492516,
  "dx_mm": 7.064627693110296,
  "dy_mm": -23.74400493136045
}