{
  "label": "bike",
  "ds_mm": 2.0,
  "min_det": 0.005575409629753289,
  "scale": 1.0539985753157197,
  "rot_deg": 40.46768357276417,
  "dx_mm": 14.072246293835512,
  "dy_mm": 6.499963800666983
}