{
  "label": "bike",
  "ds_mm": 2.0,
  "min_det": 0.005852912163448147,
  "scale": 0.8534516027571801,
  "rot_deg": 29.657965048730446,
  "dx_mm": -1.5321994946446154,
  "dy_mm": 23.02811976232273
}