{
  "label": "bike",
  "ds_mm": 2.0,
  "min_det": 0.005824778701525036,
  "scale": 1.191772529106779,
  "rot_deg": 13.211315085881125,
  "dx_mm": -18.620130456035994,
  "dy_mm": 13.892778058090478
}