{
  "label": "bike",
  "ds_mm": 2.0,
  "min_det": 0.0056274239973701816,
  "scale": 1.4886866130047487,
  "rot_deg": -17.44086864920628,
  "dx_mm": -9.753940209468219,
  "dy_mm": 26.564367478003625
}