{
  "label": "bike",
  "ds_mm": 2.0,
  "min_det": 0.005562882668603617,
  "scale": 1.492417755470374,
  "rot_deg": 1.7239327916889238,
  "dx_mm": -14.653137302045584,
  "dy_mm": 29.17417009161047
}