{
  "label": "bike",
  "ds_mm": 2.0,
  "scale": 1.2087919789780472,
  "rot_deg": -9.553801817954017,
  "dx_mm": 12.068138597980216,
  "dy_mm": 21.796888560497422
}