{
  "label": "bike",
  "ds_mm": 2.0,
  "scale": 1.428189713845088,
  "rot_deg": 40.4780370462513,
  "dx_mm": -23.06058649037347,
  "dy_mm": -19.376682760986718
}