{
  "label": "bike",
  "ds_mm": 2.0,
  "scale": 1.3278368263164473,
  "rot_deg": 44.072555794653724,
  "dx_mm": -6.18084359552855,
  "dy_mm": 6.676562708709348
}