{
  "label": "bike",
  "ds_mm": 2.0,
  "scale": 1.0300675240048411,
  "rot_deg": 31.32499025843684,
  "dx_mm": -19.128251623446523,
  "dy_mm": -14.997048806574915
}