{
  "label": "bike",
  "ds_mm": 2.0,
  "min_det": 0.005625805542804558,
  "scale": 1.3897746409229468,
  "rot_deg": 8.958097209163334,
  "dx_mm": -5.916508480587382,
  "dy_mm": -8.762918689761683
}