{
  "label": "bike",
  "ds_mm": 2.0,
  "scale": 1.431869498524621,
  "rot_deg": -23.039512362996575,
  "dx_mm": 21.24721630813802,
  "dy_mm": -24.647846539805006
}