{
  "label": "bike",
  "ds_mm": 2.0,
  "min_det": 0.006096394321963751,
  "scale": 0.9782450029619586,
  "rot_deg": -4.8378367917752385,
  "dx_mm": -22.845641884317807,
  "dy_mm": 4.873107981872899
}