{
  "label": "bike",
  "ds_mm": 2.0,
  "scale": 0.7565517133147082,
  "rot_deg": 12.827005535127405,
  "dx_mm": 4.296916714595056,
  "dy_mm": -12.930066714012888
}