{
  "label": "bike",
  "ds_mm": 2.0,
  "min_det": 0.005420942352422003,
  "scale": 1.3743412319989758,
  "rot_deg": 30.881776376148665,
  "dx_mm": -7.433494368327349,
  "dy_mm": 20.770828305830165
}