{
  "label": "bike",
  "ds_mm": 2.0,
  "scale": 1.0076002181823367,
  "rot_deg": -17.12333980856847,
  "dx_mm": -12.998980083245048,
  "dy_mm": 18.88796262684358
}