{
  "label": "bike",
  "ds_mm": 2.0,
  "min_det": 0.005600618550253782,
  "scale": 1.278068214616261,
  "rot_deg": -39.72917690011446,
  "dx_mm": 22.911008821523964,
  "dy_mm": 3.1804063070994744
}