{
  "label": "bike",
  "ds_mm": 2.0,
  "min_det": 0.005977570268737474,
  "scale": 1.043977303788116,
  "rot_deg": 39.28934613228465,
  "dx_mm": -16.92155254696848,
  "dy_mm": -6.121364973224686
}