{
  "label": "bike",
  "ds_mm": 2.0,
  "scale": 1.3360921864579283,
  "rot_deg": -28.866441265366845,
  "dx_mm": 20.72297670048055,
  "dy_mm": 21.25546064378719
}