{
  "label": "bike",
  "ds_mm": 2.0,
  "scale": 1.2442444591780424,
  "rot_deg": 19.95277995309577,
  "dx_mm": 26.907269774058925,
  "dy_mm": -26.323128581554784
}