{
  "label": "bike",
  "ds_mm": 2.0,
  "min_det": 0.005400189804912145,
  "scale": 1.4836405493411386,
  "rot_deg": 26.40378413161858,
  "dx_mm": 21.33586890097461,
  "dy_mm": -22.851775920739243
}