{
  "label": "bike",
  "ds_mm": 2.0,
  "min_det": 0.0062983564780807475,
  "scale": 0.7991975130390905,
  "rot_deg": -12.81208405106203,
  "dx_mm": -21.957121194425824,
  "dy_mm": 14.013176653188403
}