{
  "label": "bike",
  "ds_mm": 2.0,
  "scale": 0.9976075667088723,
  "rot_deg": 43.47789124027362,
  "dx_mm": -6.938104936144768,
  "dy_mm": -24.272752527038357
}