{
  "label": "bike",
  "ds_mm": 2.0,
  "scale": 1.0068938274753196,
  "rot_deg": -37.26184618802587,
  "dx_mm": 2.0302959064292168,
  "dy_mm": 1.4706241554766493
}