{
  "label": "bike",
  "ds_mm": 2.0,
  "scale": 0.6340394282222894,
  "rot_deg": 29.807723683084333,
  "dx_mm": 1.7890754589027082,
  "dy_mm": -6.407223835064173
}