{
  "label": "bike",
  "ds_mm": 2.0,
  "scale": 1.0556740268804474,
  "rot_deg": 28.17153748401121,
  "dx_mm": 16.73103912864118,
  "dy_mm": -8.04589143019843
}