{
  "label": "bike",
  "ds_mm": 2.0,
  "min_det": 0.005480490025697547,
  "scale": 1.2523303938731982,
  "rot_deg": 12.636929445669125,
  "dx_mm": 16.015052789554915,
  "dy_mm": 9.53416707558128
}