{
  "label": "bike",
  "ds_mm": 2.0,
  "min_det": 0.005961086528405741,
  "scale": 0.6926735167998672,
  "rot_deg": 31.199640470690454,
  "dx_mm": 8.120945696131962,
  "dy_mm": -3.631573633875327
}