{
  "label": "bike",
  "ds_mm": 2.0,
  "min_det": 0.006515744853576566,
  "scale": 0.6386608479574846,
  "rot_deg": -40.67117770089614,
  "dx_mm": -16.823528990083236,
  "dy_mm": 8.920976528715684
}