{
  "label": "bike",
  "ds_mm": 2.0,
  "min_det": 0.005493004306675325,
  "scale": 1.494238586597738,
  "rot_deg": -3.3038140556023023,
  "dx_mm": 6.674515451909038,
  "dy_mm": -28.106601725969146
}