{
  "label": "bike",
  "ds_mm": 2.0,
  "min_det": 0.005818612721809454,
  "scale": 0.7895318107240255,
  "rot_deg": 14.105916331473146,
  "dx_mm": 13.549647989323304,
  "dy_mm": -1.7398659725090369
}