{
  "label": "bike",
  "ds_mm": 2.0,
  "min_det": 0.0059260854232122216,
  "scale": 0.8322733106100432,
  "rot_deg": -28.863469118962115,
  "dx_mm": 1.7768004051640602,
  "dy_mm": -17.369069231628888
}