{
  "label": "bike",
  "ds_mm": 2.0,
  "scale": 0.7349510564742874,
  "rot_deg": -4.753591476397766,
  "dx_mm": -19.551216754994883,
  "dy_mm": -29.99823323622798
}