{
  "label": "bike",
  "ds_mm": 2.0,
  "min_det": 0.005832820998895732,
  "scale": 0.8718539091956258,
  "rot_deg": -33.24804757400324,
  "dx_mm": 17.574432561496018,
  "dy_mm": 18.679547811586907
}