{
  "label": "bike",
  "ds_mm": 2.0,
  "scale": 0.975785615772141,
  "rot_deg": -15.978907060298003,
  "dx_mm": 22.17896558090164,
  "dy_mm": 17.185897407710243
}