{
  "label": "bike",
  "ds_mm": 2.0,
  "scale": 1.327305084996114,
  "rot_deg": 43.62305577219769,
  "dx_mm": 24.164015254872012,
  "dy_mm": 14.526079339548374
}