{
  "label": "bike",
  "ds_mm": 2.0,
  "scale": 1.1488443095787053,
  "rot_deg": -35.86197911635837,
  "dx_mm": 3.549715499372951,
  "dy_mm": -12.449944597161604
}