{
  "label": "bike",
  "ds_mm": 2.0,
  "scale": 1.2795964317263857,
  "rot_deg": -9.769215960400103,
  "dx_mm": 12.362137916148662,
  "dy_mm": -15.257817111593653
}