{
  "label": "bike",
  "ds_mm": 2.0,
  "min_det": 0.005551686370208227,
  "scale": 1.4033055925843083,
  "rot_deg": -31.59233985135058,
  "dx_mm": 14.970679314023187,
  "dy_mm": 15.270477144395073
}