{
  "label": "bike",
  "ds_mm": 2.0,
  "scale": 0.6210039833492138,
  "rot_deg": 36.15862667837892,
  "dx_mm": -17.151926213197257,
  "dy_mm": -3.496953400618068
}