{
  "label": "bike",
  "ds_mm": 2.0,
  "scale": 0.8567195327499346,
  "rot_deg": 5.404061849725252,
  "dx_mm": 29.16942369779666,
  "dy_mm": -8.77468346022799
}