{
  "label": "bike",
  "ds_mm": 2.0,
  "min_det": 0.005988572616890988,
  "scale": 0.9728659540912226,
  "rot_deg": -0.17154030865280134,
  "dx_mm": -18.33193128442411,
  "dy_mm": -17.255405318427325
}