{
  "label": "bike",
  "ds_mm": 2.0,
  "scale": 1.2425335956018837,
  "rot_deg": 2.442162546706129,
  "dx_mm": -4.778892076343009,
  "dy_mm": 8.428054167969002
}