{
  "label": "bike",
  "ds_mm": 2.0,
  "scale": 0.851207168803219,
  "rot_deg": 15.790976245561218,
  "dx_mm": -24.436116213562034,
  "dy_mm": 18.652012115592804
}