{
  "label": "bike",
  "ds_mm": 2.0,
  "min_det": 0.005968397046216087,
  "scale": 0.9269868332784195,
  "rot_deg": 23.963463199947697,
  "dx_mm": -10.148757802053169,
  "dy_mm": -10.20894575554745
}