{
  "label": "bike",
  "ds_mm": 2.0,
  "scale": 1.2050898891938342,
  "rot_deg": 9.001688813912715,
  "dx_mm": 5.162731607833351,
  "dy_mm": -9.34623168728291
}