{
  "label": "bike",
  "ds_mm": 2.0,
  "scale": 1.4371513662840145,
  "rot_deg": 16.859207813436598,
  "dx_mm": 6.836174542823265,
  "dy_mm": 14.03566507383912
}