{
  "label": "bike",
  "ds_mm": 2.0,
  "scale": 1.1192717217719164,
  "rot_deg": 32.87103023405942,
  "dx_mm": 1.1061072386232134,
  "dy_mm": -24.429221582927255
}