{
  "label": "bike",
  "ds_mm": 2.0,
  "scale": 0.9864648316750264,
  "rot_deg": -36.51573832033937,
  "dx_mm": 17.067020157370003,
  "dy_mm": -12.514366588342515
}