{
  "label": "bike",
  "ds_mm": 2.0,
  "scale": 1.3065698597366433,
  "rot_deg": 12.635810947153352,
  "dx_mm": -10.688526520627459,
  "dy_mm": -24.97393959997789
}