{
  "label": "bike",
  "ds_mm": 2.0,
  "min_det": 0.0054953538797817255,
  "scale": 1.4980427093104427,
  "rot_deg": -39.74622114623322,
  "dx_mm": 11.594401122859693,
  "dy_mm": -16.784571554793864
}