{
  "label": "bike",
  "ds_mm": 2.0,
  "min_det": 0.006358170069301576,
  "scale": 0.8043384215057972,
  "rot_deg": -9.639758529118943,
  "dx_mm": -27.15044271907943,
  "dy_mm": 10.230178789399055
}