{
  "label": "bike",
  "ds_mm": 2.0,
  "min_det": 0.005633417882568762,
  "scale": 1.3745522600208142,
  "rot_deg": 34.04084046668922,
  "dx_mm": -10.40706142117125,
  "dy_mm": -6.753978607929639
}