{
  "label": "bike",
  "ds_mm": 2.0,
  "scale": 1.0167569923637838,
  "rot_deg": 28.977676401540165,
  "dx_mm": 8.95200107743647,
  "dy_mm": 21.327280932957194
}