{
  "label": "bike",
  "ds_mm": 2.0,
  "min_det": 0.006003955488378071,
  "scale": 0.832964099100487,
  "rot_deg": -11.715008531678492,
  "dx_mm": -6.1111069738716814,
  "dy_mm": -8.855108062967599
}