{
  "label": "bike",
  "ds_mm": 2.0,
  "min_det": 0.005454831363160602,
  "scale": 1.4674666462198085,
  "rot_deg": 38.751375035449556,
  "dx_mm": 12.545974491107955,
  "dy_mm": -25.766160112130933
}