{
  "label": "bike",
  "ds_mm": 2.0,
  "scale": 0.6739673808739244,
  "rot_deg": -23.82626483222857,
  "dx_mm": 25.990041960105494,
  "dy_mm": 24.198100338452413
}