{
  "label": "bike",
  "ds_mm": 2.0,
  "scale": 1.0989896356240791,
  "rot_deg": -4.9166769938993795,
  "dx_mm": -9.16374569522739,
  "dy_mm": -2.9320049403155863
}