{
  "label": "bike",
  "ds_mm": 2.0,
  "min_det": 0.005744379756719583,
  "scale": 0.7666795705272589,
  "rot_deg": 28.509999211910994,
  "dx_mm": 11.465450187528901,
  "dy_mm": 28.899273865895204
}