{
  "label": "bike",
  "ds_mm": 2.0,
  "min_det": 0.005641481918611567,
  "scale": 1.3732575200962045,
  "rot_deg": -24.058600016105295,
  "dx_mm": -14.907348044998512,
  "dy_mm": -27.37006623377454
}