{
  "label": "bike",
  "ds_mm": 2.0,
  "min_det": 0.0060467616201963685,
  "scale": 1.0706551549451893,
  "rot_deg": -32.61692659367673,
  "dx_mm": -27.997586749033154,
  "dy_mm": -24.333185726216257
}