{
  "label": "bike",
  "ds_mm": 2.0,
  "scale": 0.9026178451327094,
  "rot_deg": -13.02375245419248,
  "dx_mm": 17.57186204443805,
  "dy_mm": 6.601927943728583
}