{
  "label": "bike",
  "ds_mm": 2.0,
  "min_det": 0.005749107450680266,
  "scale": 0.8996282789603036,
  "rot_deg": -25.005170574629226,
  "dx_mm": 21.92658632394341,
  "dy_mm": 8.334203534465153
}