{
  "label": "bike",
  "ds_mm": 2.0,
  "min_det": 0.006373688685931062,
  "scale": 0.6366500152910064,
  "rot_deg": -16.190357874161403,
  "dx_mm": -14.956347184547269,
  "dy_mm": 11.568704207117705
}