{
  "label": "bike",
  "ds_mm": 2.0,
  "min_det": 0.005317784252004564,
  "scale": 1.435481145452132,
  "rot_deg": -9.81850196707422,
  "dx_mm": 14.703095361573538,
  "dy_mm": 29.68097328287434
}