{
  "label": "bike",
  "ds_mm": 2.0,
  "min_det": 0.0065120768451968495,
  "scale": 0.7217945224907849,
  "rot_deg": -18.83120346514136,
  "dx_mm": -28.174837359371544,
  "dy_mm": 13.081601924484659
}