{
  "label": "bike",
  "ds_mm": 2.0,
  "scale": 0.6762462155257366,
  "rot_deg": 35.93207714426467,
  "dx_mm": 2.3019273314566533,
  "dy_mm": -6.557978166600769
}