{
  "label": "bike",
  "ds_mm": 2.0,
  "scale": 1.3600318556677733,
  "rot_deg": 36.14693839473587,
  "dx_mm": -8.644526220791676,
  "dy_mm": -0.7475302340466286
}