{
  "label": "bike",
  "ds_mm": 2.0,
  "scale": 1.4991900986081417,
  "rot_deg": 7.208224595941452,
  "dx_mm": 20.032624952593586,
  "dy_mm": -23.474715562010704
}