{
  "label": "bike",
  "ds_mm": 2.0,
  "scale": 0.9578219541439124,
  "rot_deg": -6.7221011349733075,
  "dx_mm": 1.8685869748495207,
  "dy_mm": -14.06489372470807
}