{
  "label": "bike",
  "ds_mm": 2.0,
  "scale": 0.9161485175855608,
  "rot_deg": -5.780027256997144,
  "dx_mm": 1.779370956356363,
  "dy_mm": 1.2451428424638848
}