{
  "label": "bike",
  "ds_mm": 2.0,
  "scale": 1.1003652434097586,
  "rot_deg": -43.48974514224005,
  "dx_mm": 20.01458916183173,
  "dy_mm": -19.876090320013013
}