{
  "label": "bike",
  "ds_mm": 2.0,
  "scale": 0.6307290200923527,
  "rot_deg": -20.748456922802387,
  "dx_mm": -20.38245817536629,
  "dy_mm": -14.298729177141178
}