{
  "label": "bike",
  "ds_mm": 2.0,
  "scale": 0.6182380803592591,
  "rot_deg": 35.9346022875345,
  "dx_mm": -1.8675582405388553,
  "dy_mm": 18.019834379881488
}