{
  "label": "bike",
  "ds_mm": 2.0,
  "scale": 0.9827899879515922,
  "rot_deg": 30.720773131905972,
  "dx_mm": 25.638834467713032,
  "dy_mm": 9.778071524825073
}