{
  "label": "bike",
  "ds_mm": 2.0,
  "min_det": 0.006202115477628947,
  "scale": 1.1407025687931978,
  "rot_deg": -44.49351170252431,
  "dx_mm": -24.307760271450324,
  "dy_mm": 18.74870976294681
}