{
  "label": "bike",
  "ds_mm": 2.0,
  "scale": 1.4618193326302311,
  "rot_deg": 3.8563516302229317,
  "dx_mm": -25.609549252543772,
  "dy_mm": 9.88040885652537
}