{
  "label": "bike",
  "ds_mm": 2.0,
  "min_det": 0.006305168709969119,
  "scale": 0.8071299250796559,
  "rot_deg": -28.948438048680654,
  "dx_mm": -27.189848120640395,
  "dy_mm": -22.82400898167764
}