{
  "label": "bike",
  "ds_mm": 2.0,
  "min_det": 0.005921442405067955,
  "scale": 1.1436183385185505,
  "rot_deg": 2.2963052620039974,
  "dx_mm": -27.720583871136878,
  "dy_mm": -25.402599942577005
}