{
  "label": "bike",
  "ds_mm": 2.0,
  "min_det": 0.00624384224325874,
  "scale": 1.023058286087945,
  "rot_deg": -36.36180695357603,
  "dx_mm": -28.516722896504728,
  "dy_mm": -0.3934145406759697
}