{
  "label": "bike",
  "ds_mm": 2.0,
  "scale": 0.7376580883865875,
  "rot_deg": -42.079784683325,
  "dx_mm": -29.384179778513865,
  "dy_mm": -18.39747026852553
}