{
  "label": "bike",
  "ds_mm": 2.0,
  "scale": 1.1765708386538294,
  "rot_deg": -43.64035150367443,
  "dx_mm": 21.052552149844963,
  "dy_mm": 10.964728534355181
}