{
  "label": "bike",
  "ds_mm": 2.0,
  "scale": 1.3106970301420064,
  "rot_deg": -37.65472825973181,
  "dx_mm": -7.236996028207649,
  "dy_mm": -1.6015181099834983
}