{
  "label": "bike",
  "ds_mm": 2.0,
  "scale": 0.8814851874175922,
  "rot_deg": -40.0469808762839,
  "dx_mm": 7.542619244742298,
  "dy_mm": 24.25762468463912
}