{
  "label": "bike",
  "ds_mm": 2.0,
  "scale": 1.140638443558025,
  "rot_deg": 37.57493836862312,
  "dx_mm": 17.70786954215248,
  "dy_mm": 6.756381278225177
}