{
  "label": "bike",
  "ds_mm": 2.0,
  "scale": 1.0256295759170924,
  "rot_deg": -26.299693982298976,
  "dx_mm": 7.205378342042394,
  "dy_mm": -6.37332987898721
}