{
  "label": "bike",
  "ds_mm": 2.0,
  "min_det": 0.006340774923903776,
  "scale": 0.7154458707190207,
  "rot_deg": 30.2861546586918,
  "dx_mm": -21.35718067059335,
  "dy_mm": -8.019179217670192
}