{
  "label": "bike",
  "ds_mm": 2.0,
  "min_det": 0.006034679678681843,
  "scale": 0.6221605186196748,
  "rot_deg": -35.58150445756199,
  "dx_mm": 11.088176657027688,
  "dy_mm": -10.710031086915048
}