{
  "label": "bike",
  "ds_mm": 2.0,
  "min_det": 0.005696566769398263,
  "scale": 0.799232928137144,
  "rot_deg": 25.090440137604702,
  "dx_mm": 26.91904044614717,
  "dy_mm": -27.166737446301962
}