{
  "label": "bike",
  "ds_mm": 2.0,
  "scale": 1.3678229398389083,
  "rot_deg": -43.54568886669106,
  "dx_mm": -0.9553678102566678,
  "dy_mm": -15.493466422234881
}