{
  "label": "bike",
  "ds_mm": 2.0,
  "scale": 0.8943665141534947,
  "rot_deg": 25.069198548634404,
  "dx_mm": -12.777762403240779,
  "dy_mm": -0.8074627990906933
}