{
  "label": "bike",
  "ds_mm": 2.0,
  "min_det": 0.005709593724592279,
  "scale": 0.6720260468735125,
  "rot_deg": 23.57917528709146,
  "dx_mm": 27.847386046571344,
  "dy_mm": 18.02541587148005
}