{
  "label": "bike",
  "ds_mm": 2.0,
  "min_det": 0.00578616266502738,
  "scale": 0.9937310012180034,
  "rot_deg": 17.26406742360485,
  "dx_mm": -0.11525031224768156,
  "dy_mm": -27.34587198422694
}