{
  "label": "bike",
  "ds_mm": 2.0,
  "scale": 1.3046164730555394,
  "rot_deg": -4.676705296907578,
  "dx_mm": 27.740293628278877,
  "dy_mm": 12.072459038839987
}