{
  "label": "bike",
  "ds_mm": 2.0,
  "min_det": 0.00517657153290634,
  "scale": 1.398634647874736,
  "rot_deg": 34.99994381668196,
  "dx_mm": 6.361108064131436,
  "dy_mm": 24.255792600914134
}