{
  "label": "bike",
  "ds_mm": 2.0,
  "scale": 0.9958611204796598,
  "rot_deg": 4.149915579265198,
  "dx_mm": 1.495783260803325,
  "dy_mm": -17.1295321494567
}