{
  "label": "bike",
  "ds_mm": 2.0,
  "scale": 1.0575548489317255,
  "rot_deg": -43.593314154263616,
  "dx_mm": -26.614341469919868,
  "dy_mm": -7.518206936474208
}