{
  "label": "bike",
  "ds_mm": 2.0,
  "min_det": 0.005972407280148297,
  "scale": 0.8345923939529202,
  "rot_deg": -5.634554721739903,
  "dx_mm": -2.289891957914371,
  "dy_mm": 20.35034718310306
}