{
  "label": "bike",
  "ds_mm": 2.0,
  "scale": 1.0420254467533638,
  "rot_deg": 0.974857773622297,
  "dx_mm": 24.368065997542615,
  "dy_mm": -28.162985881080555
}