{
  "label": "bike",
  "ds_mm": 2.0,
  "min_det": 0.005916052414347484,
  "scale": 0.8648096391376496,
  "rot_deg": -24.376303268454198,
  "dx_mm": 6.055358607279956,
  "dy_mm": 8.148824970520522
}