{
  "label": "bike",
  "ds_mm": 2.0,
  "scale": 0.9239345842483233,
  "rot_deg": -41.11807313137585,
  "dx_mm": 1.1474241703978123,
  "dy_mm": 14.467396704898604
}