{
  "label": "bike",
  "ds_mm": 2.0,
  "min_det": 0.006677737500682241,
  "scale": 0.6023172581161274,
  "rot_deg": -33.65229505329903,
  "dx_mm": -24.250202240919684,
  "dy_mm": 26.46281156790149
}