{
  "label": "bike",
  "ds_mm": 2.0,
  "scale": 1.1525950424205718,
  "rot_deg": -16.78843895833558,
  "dx_mm": 2.496614250054556,
  "dy_mm": 27.916180227946313
}