{
  "label": "bike",
  "ds_mm": 2.0,
  "scale": 1.3846307247394787,
  "rot_deg": -25.704835311877794,
  "dx_mm": -9.53897099822305,
  "dy_mm": -18.53342917886517
}