{
  "label": "bike",
  "ds_mm": 2.0,
  "scale": 0.7072535830597111,
  "rot_deg": 31.610054582399442,
  "dx_mm": 7.345387398669942,
  "dy_mm": -1.0903849505639052
}