{
  "label": "bike",
  "ds_mm": 2.0,
  "scale": 1.1729370474109235,
  "rot_deg": -37.88403490782305,
  "dx_mm": -1.310267650323567,
  "dy_mm": 20.75777960091262
}