{
  "label": "bike",
  "ds_mm": 2.0,
  "min_det": 0.005948528744325874,
  "scale": 0.9878424306428404,
  "rot_deg": -40.300816719600306,
  "dx_mm": -0.2261311240697026,
  "dy_mm": 2.684064128872329
}