{
  "label": "bike",
  "ds_mm": 2.0,
  "min_det": 0.0062555632544169845,
  "scale": 0.9147918351945202,
  "rot_deg": -41.92758575411764,
  "dx_mm": -28.594771320417763,
  "dy_mm": -26.80433345191701
}