{
  "label": "bike",
  "ds_mm": 2.0,
  "min_det": 0.005858107328182955,
  "scale": 0.890319899769473,
  "rot_deg": -3.7630667468064516,
  "dx_mm": -2.388355541900477,
  "dy_mm": -25.990646298586263
}