{
  "label": "bike",
  "ds_mm": 2.0,
  "scale": 1.4156575505009819,
  "rot_deg": -40.15618926062125,
  "dx_mm": 28.600778497140972,
  "dy_mm": -16.30116380977678
}