{
  "label": "bike",
  "ds_mm": 2.0,
  "min_det": 0.006193383422061892,
  "scale": 0.9056939838988387,
  "rot_deg": 16.756204962236865,
  "dx_mm": -26.672252392867833,
  "dy_mm": 10.615084260905967
}