{
  "label": "bike",
  "ds_mm": 2.0,
  "scale": 0.7760941835580412,
  "rot_deg": 12.440740969155556,
  "dx_mm": 21.846563093056524,
  "dy_mm": -21.421974460750537
}