{
  "label": "bike",
  "ds_mm": 2.0,
  "scale": 1.2642057024440967,
  "rot_deg": -40.24909230304504,
  "dx_mm": -10.8018367057512,
  "dy_mm": 7.517874506699663
}