{
  "label": "bike",
  "ds_mm": 2.0,
  "scale": 1.1055508472265907,
  "rot_deg": -40.25287397419061,
  "dx_mm": 7.3526859649033725,
  "dy_mm": -15.853610183846548
}