{
  "label": "bike",
  "ds_mm": 2.0,
  "scale": 0.7936337208404927,
  "rot_deg": 39.3884811256429,
  "dx_mm": -9.098989876907119,
  "dy_mm": -14.588432875072431
}