{
  "label": "bike",
  "ds_mm": 2.0,
  "scale": 1.2119757528407415,
  "rot_deg": 34.63212771447655,
  "dx_mm": -10.185292120933127,
  "dy_mm": 13.300872457362026
}