{
  "label": "bike",
  "ds_mm": 2.0,
  "scale": 0.950397515402954,
  "rot_deg": 31.501583893407243,
  "dx_mm": 13.502712053554369,
  "dy_mm": -24.4953238726946
}