{
  "label": "bike",
  "ds_mm": 2.0,
  "scale": 0.7962453831387242,
  "rot_deg": 42.403224181945745,
  "dx_mm": 24.45487072984519,
  "dy_mm": 7.693470647440641
}