{
  "label": "bike",
  "ds_mm": 2.0,
  "scale": 1.3663158214715634,
  "rot_deg": -17.41160687563165,
  "dx_mm": 15.862920329875344,
  "dy_mm": -29.102653563122114
}