{
  "label": "bike",
  "ds_mm": 2.0,
  "scale": 0.8609205938997704,
  "rot_deg": 4.596501064457449,
  "dx_mm": -8.79237917117608,
  "dy_mm": 1.6586931319036715
}