{
  "label": "bike",
  "ds_mm": 2.0,
  "min_det": 0.006334105943938733,
  "scale": 0.679431836271422,
  "rot_deg": 35.792324240701575,
  "dx_mm": -17.327886712827166,
  "dy_mm": -3.6642961397838043
}