{
  "label": "bike",
  "ds_mm": 2.0,
  "min_det": 0.005755715282511302,
  "scale": 1.4375206407095016,
  "rot_deg": -43.44271578358495,
  "dx_mm": -17.837114866358505,
  "dy_mm": -11.703118895971706
}