{
  "label": "bike",
  "ds_mm": 2.0,
  "min_det": 0.006350328919608545,
  "scale": 0.7529604650572799,
  "rot_deg": 41.53226968081465,
  "dx_mm": -24.104865138754125,
  "dy_mm": -29.452104060347175
}