{
  "label": "bike",
  "ds_mm": 2.0,
  "scale": 1.198759098461556,
  "rot_deg": -3.4787272147793473,
  "dx_mm": -9.557942536239295,
  "dy_mm": 11.331377652255853
}