{
  "label": "bike",
  "ds_mm": 2.0,
  "scale": 1.099461428802938,
  "rot_deg": 33.526432942845716,
  "dx_mm": 28.597318276037328,
  "dy_mm": 27.67073178946667
}