{
  "label": "bike",
  "ds_mm": 2.0,
  "scale": 0.6767639006528294,
  "rot_deg": -0.5634612211868912,
  "dx_mm": -2.7419222081955006,
  "dy_mm": -7.074804091544561
}