{
  "label": "bike",
  "ds_mm": 2.0,
  "min_det": 0.006321827750154538,
  "scale": 0.7252074703220275,
  "rot_deg": -19.78451324041378,
  "dx_mm": -22.91068670317277,
  "dy_mm": -18.343258039486535
}