{
  "label": "bike",
  "ds_mm": 2.0,
  "min_det": 0.006053539882765357,
  "scale": 0.9090958443489467,
  "rot_deg": -9.759535196218458,
  "dx_mm": -12.79017315528695,
  "dy_mm": 13.547799827442468
}