{
  "label": "bike",
  "ds_mm": 2.0,
  "min_det": 0.005973836554733234,
  "scale": 1.1893883618080947,
  "rot_deg": -31.83727400495843,
  "dx_mm": -26.069400583399783,
  "dy_mm": -12.05579291203463
}