{
  "label": "bike",
  "ds_mm": 2.0,
  "min_det": 0.0053205223662695115,
  "scale": 1.4791375369434956,
  "rot_deg": -15.419958481293918,
  "dx_mm": 26.357749233112912,
  "dy_mm": 16.817325291927283
}