{
  "label": "bike",
  "ds_mm": 2.0,
  "min_det": 0.006502825201104092,
  "scale": 0.6474980034258637,
  "rot_deg": -19.22309358331625,
  "dx_mm": -25.184237758508353,
  "dy_mm": -5.544202428010628
}