{
  "label": "bike",
  "ds_mm": 2.0,
  "scale": 1.4309674435425297,
  "rot_deg": -44.989676660463296,
  "dx_mm": -26.844623176695286,
  "dy_mm": -28.03062560950483
}