{
  "label": "bike",
  "ds_mm": 2.0,
  "min_det": 0.005709770266872216,
  "scale": 1.2895038473294091,
  "rot_deg": -42.532127543542444,
  "dx_mm": -11.154632847231344,
  "dy_mm": -28.42083968280553
}