{
  "label": "bike",
  "ds_mm": 2.0,
  "scale": 0.9897185312447825,
  "rot_deg": -18.983017933749846,
  "dx_mm": -9.934956848802784,
  "dy_mm": 25.986395845692563
}