{
  "label": "bike",
  "ds_mm": 2.0,
  "scale": 0.9098597402806485,
  "rot_deg": 37.3196920290723,
  "dx_mm": 9.023807667685176,
  "dy_mm": 26.632470007971413
}