{
  "label": "bike",
  "ds_mm": 2.0,
  "min_det": 0.005761808472446014,
  "scale": 1.2018530193403012,
  "rot_deg": -12.433951300034565,
  "dx_mm": -5.004176527609104,
  "dy_mm": 6.815160377196179
}