{
  "label": "bike",
  "ds_mm": 2.0,
  "scale": 0.8506878873230699,
  "rot_deg": 22.940537115144863,
  "dx_mm": 26.712098567091992,
  "dy_mm": -21.443161184820568
}