{
  "label": "bike",
  "ds_mm": 2.0,
  "scale": 1.4648528813546435,
  "rot_deg": 33.91055238806315,
  "dx_mm": -16.003761714944048,
  "dy_mm": 0.64850227824709
}