{
  "label": "bike",
  "ds_mm": 2.0,
  "scale": 0.622115619047074,
  "rot_deg": -20.430715578349265,
  "dx_mm": -2.280324912070885,
  "dy_mm": -12.570413933713613
}