{
  "label": "bike",
  "ds_mm": 2.0,
  "scale": 0.7274837099223563,
  "rot_deg": -5.159469689100916,
  "dx_mm": -18.604638993162645,
  "dy_mm": -18.251417244434013
}