{
  "label": "bike",
  "ds_mm": 2.0,
  "scale": 1.4304556441201388,
  "rot_deg": 8.610431948173222,
  "dx_mm": -14.592219350511918,
  "dy_mm": -10.165710658298874
}