{
  "label": "bike",
  "ds_mm": 2.0,
  "min_det": 0.005811179653955409,
  "scale": 0.7756352496295952,
  "rot_deg": -14.008914960916453,
  "dx_mm": 14.59316398610978,
  "dy_mm": -18.805175995183767
}