{
  "label": "bike",
  "ds_mm": 2.0,
  "scale": 1.1701663348225897,
  "rot_deg": -14.913777502625138,
  "dx_mm": 7.4310630051661235,
  "dy_mm": 4.370430160334166
}