{
  "label": "bike",
  "ds_mm": 2.0,
  "min_det": 0.005723813062584153,
  "scale": 1.330516193146412,
  "rot_deg": 1.6652819416202576,
  "dx_mm": -20.029453784526247,
  "dy_mm": -24.557190913354066
}