{
  "label": "bike",
  "ds_mm": 2.0,
  "scale": 0.8616960133292677,
  "rot_deg": -39.3399401578862,
  "dx_mm": -7.108923737270651,
  "dy_mm": -21.874567921492297
}