{
  "label": "bike",
  "ds_mm": 2.0,
  "min_det": 0.005922843320318264,
  "scale": 1.1918544842522913,
  "rot_deg": 16.895205316847864,
  "dx_mm": -25.842579097853754,
  "dy_mm": -6.1287166491415555
}