{
  "label": "bike",
  "ds_mm": 2.0,
  "scale": 1.0640494460922896,
  "rot_deg": 17.15000390894572,
  "dx_mm": -5.649249135373729,
  "dy_mm": -21.714784703321953
}