{
  "label": "bike",
  "ds_mm": 2.0,
  "scale": 0.8964915773685537,
  "rot_deg": 31.368950200193296,
  "dx_mm": 23.845293297935136,
  "dy_mm": 5.327479318601583
}