{
  "label": "bike",
  "ds_mm": 2.0,
  "min_det": 0.006119609241889224,
  "scale": 0.6201270447953381,
  "rot_deg": -29.46178029225618,
  "dx_mm": 3.092106788034627,
  "dy_mm": -9.814139837650323
}