{
  "label": "bike",
  "ds_mm": 2.0,
  "scale": 1.1909110997374577,
  "rot_deg": 43.35303856002277,
  "dx_mm": -18.176569351595,
  "dy_mm": -21.92588587306046
}