{
  "label": "bike",
  "ds_mm": 2.0,
  "min_det": 0.005666438536367663,
  "scale": 1.1511716055173116,
  "rot_deg": 43.27403347005399,
  "dx_mm": -14.66674820042368,
  "dy_mm": 24.245123475289333
}