{
  "label": "bike",
  "ds_mm": 2.0,
  "scale": 0.8667798002098047,
  "rot_deg": 11.954674675130207,
  "dx_mm": -8.722537181333074,
  "dy_mm": -27.95706704417908
}