{
  "label": "bike",
  "ds_mm": 2.0,
  "min_det": 0.006150035204652127,
  "scale": 0.7891787398522861,
  "rot_deg": 33.723116914992275,
  "dx_mm": -15.26845958382051,
  "dy_mm": -29.316980123745438
}