{
  "label": "bike",
  "ds_mm": 2.0,
  "min_det": 0.005760453192168421,
  "scale": 1.3324351421026388,
  "rot_deg": 3.9423460830131347,
  "dx_mm": -18.508644613458486,
  "dy_mm": 3.0721812645157485
}