{
  "label": "bike",
  "ds_mm": 2.0,
  "min_det": 0.00614054032936183,
  "scale": 0.8903783852651626,
  "rot_deg": -18.284007455969828,
  "dx_mm": -26.744040419383957,
  "dy_mm": -28.81225880622375
}