{
  "label": "bike",
  "ds_mm": 2.0,
  "scale": 1.41140155712527,
  "rot_deg": 15.451808791327444,
  "dx_mm": -1.5406565929819287,
  "dy_mm": 17.350763518384568
}