{
  "label": "bike",
  "ds_mm": 2.0,
  "scale": 0.7118755559948999,
  "rot_deg": -10.016485127586009,
  "dx_mm": -13.79543201624822,
  "dy_mm": -2.989348039398724
}