{
  "label": "bike",
  "ds_mm": 2.0,
  "min_det": 0.006009449385354526,
  "scale": 0.8488945849607571,
  "rot_deg": -12.819273817988062,
  "dx_mm": -4.176384683318499,
  "dy_mm": 20.287324056688533
}