{
  "label": "bike",
  "ds_mm": 2.0,
  "min_det": 0.006017077645994755,
  "scale": 1.0288912913972514,
  "rot_deg": 43.31574912924407,
  "dx_mm": -17.182805060410175,
  "dy_mm": -28.133348684700838
}