{
  "label": "bike",
  "ds_mm": 2.0,
  "scale": 0.6069507850426333,
  "rot_deg": 23.197337978971433,
  "dx_mm": 25.01850396179941,
  "dy_mm": -13.690194524991167
}