{
  "label": "bike",
  "ds_mm": 2.0,
  "min_det": 0.005594221333015995,
  "scale": 1.0269933366993238,
  "rot_deg": -19.094613504393696,
  "dx_mm": 21.47107957246815,
  "dy_mm": -28.457004092453978
}