{
  "label": "bike",
  "ds_mm": 2.0,
  "min_det": 0.00560779639246552,
  "scale": 0.9804962203272996,
  "rot_deg": -8.798694663341813,
  "dx_mm": 28.144332173192694,
  "dy_mm": -15.193345990936027
}