{
  "label": "bike",
  "ds_mm": 2.0,
  "scale": 0.7862442363144153,
  "rot_deg": 18.692720008124333,
  "dx_mm": -4.462885069693215,
  "dy_mm": 19.802074909578458
}