{
  "label": "bike",
  "ds_mm": 2.0,
  "scale": 0.6884959190817533,
  "rot_deg": -22.260264912480498,
  "dx_mm": -2.0140157855738003,
  "dy_mm": 21.903931855168786
}