{
  "label": "bike",
  "ds_mm": 2.0,
  "min_det": 0.005473137451854138,
  "scale": 1.4777907888533361,
  "rot_deg": 18.701139632288296,
  "dx_mm": 10.565319228577003,
  "dy_mm": -17.1262563572188
}