{
  "label": "bike",
  "ds_mm": 2.0,
  "scale": 1.1890504004631555,
  "rot_deg": -42.5339416476383,
  "dx_mm": -1.0849534612281495,
  "dy_mm": 7.760925500073739
}