{
  "label": "bike",
  "ds_mm": 2.0,
  "scale": 1.35501413646928,
  "rot_deg": 10.31917579439127,
  "dx_mm": 28.037914108321402,
  "dy_mm": -3.8412966638235773
}