{
  "label": "bike",
  "ds_mm": 2.0,
  "min_det": 0.005541484975337369,
  "scale": 1.2473097372469353,
  "rot_deg": 20.285265218290178,
  "dx_mm": 16.75620823174306,
  "dy_mm": -17.02856089499162
}