{
  "label": "bike",
  "ds_mm": 2.0,
  "min_det": 0.005770276388592818,
  "scale": 0.9453652282398856,
  "rot_deg": -22.00567931843198,
  "dx_mm": 14.560318073940849,
  "dy_mm": 3.7797622697356275
}