{
  "label": "bike",
  "ds_mm": 2.0,
  "scale": 0.8300700681552113,
  "rot_deg": 29.18950839904602,
  "dx_mm": -8.134349151848895,
  "dy_mm": -11.573659159216781
}