{
  "label": "bike",
  "ds_mm": 2.0,
  "scale": 0.9281588436775303,
  "rot_deg": 34.19873221948306,
  "dx_mm": -3.3625482612747035,
  "dy_mm": 12.502648945898052
}