{
  "label": "bike",
  "ds_mm": 2.0,
  "scale": 1.0053683619308988,
  "rot_deg": -17.67207148106846,
  "dx_mm": 3.3953670896491275,
  "dy_mm": -18.193411902328734
}