{
  "label": "bike",
  "ds_mm": 2.0,
  "min_det": 0.005821400068296515,
  "scale": 1.1071088594677574,
  "rot_deg": 10.97165333536556,
  "dx_mm": -14.43485023850074,
  "dy_mm": 23.917678314024258
}