{
  "label": "bike",
  "ds_mm": 2.0,
  "min_det": 0.00573132340796052,
  "scale": 0.998503153986473,
  "rot_deg": -36.16342089751231,
  "dx_mm": 14.322982220588337,
  "dy_mm": -13.854499864550633
}