{
  "label": "bike",
  "ds_mm": 2.0,
  "min_det": 0.005175655365833863,
  "scale": 1.331673573922957,
  "rot_deg": 33.73521415885408,
  "dx_mm": 17.231038783209414,
  "dy_mm": 21.80231972269459
}