{
  "label": "bike",
  "ds_mm": 2.0,
  "min_det": 0.005654328771922587,
  "scale": 0.9520536238528985,
  "rot_deg": 26.526063935413575,
  "dx_mm": 15.525684344059357,
  "dy_mm": 7.585675202240509
}