{
  "label": "bike",
  "ds_mm": 2.0,
  "min_det": 0.005496549026253471,
  "scale": 1.4387575116376428,
  "rot_deg": -6.809244427134104,
  "dx_mm": 8.554075671738133,
  "dy_mm": -28.799985194990587
}