{
  "label": "bike",
  "ds_mm": 2.0,
  "scale": 0.7503228420179139,
  "rot_deg": 0.8450855283265497,
  "dx_mm": -18.97557718088618,
  "dy_mm": 21.995685413419913
}