{
  "label": "bike",
  "ds_mm": 2.0,
  "scale": 0.950318520395907,
  "rot_deg": -21.12696981629729,
  "dx_mm": 4.518613173034993,
  "dy_mm": -2.9895561521706924
}