{
  "label": "bike",
  "ds_mm": 2.0,
  "scale": 1.2766573952711857,
  "rot_deg": 24.302294094600953,
  "dx_mm": -6.482702568056158,
  "dy_mm": 1.2351253190577367
}