{
  "label": "bike",
  "ds_mm": 2.0,
  "scale": 1.0573829054548942,
  "rot_deg": 0.23518456859142134,
  "dx_mm": 19.69749437264749,
  "dy_mm": 26.85009055441772
}