{
  "label": "bike",
  "ds_mm": 2.0,
  "min_det": 0.0060263986099386765,
  "scale": 1.1148366491665356,
  "rot_deg": -39.761778480148095,
  "dx_mm": -14.942469958818794,
  "dy_mm": 5.614744476301517
}