{
  "label": "bike",
  "ds_mm": 2.0,
  "scale": 0.7495921965269678,
  "rot_deg": -0.9332184182663283,
  "dx_mm": 8.522112675168941,
  "dy_mm": 17.86806173743173
}