{
  "label": "bike",
  "ds_mm": 2.0,
  "scale": 1.0255599449234754,
  "rot_deg": -1.4878190073438162,
  "dx_mm": 10.584574248735628,
  "dy_mm": -0.2607161878830695
}