{
  "label": "bike",
  "ds_mm": 2.0,
  "scale": 1.2036165130823198,
  "rot_deg": 23.302695522628696,
  "dx_mm": 14.236283479243752,
  "dy_mm": 17.88404423565288
}