{
  "label": "bike",
  "ds_mm": 2.0,
  "scale": 1.3978394089748862,
  "rot_deg": -10.748569931920919,
  "dx_mm": 6.950262195191584,
  "dy_mm": -28.433357374491784
}