{
  "label": "bike",
  "ds_mm": 2.0,
  "scale": 1.1753245874094214,
  "rot_deg": -35.019591064425406,
  "dx_mm": -29.74977799705831,
  "dy_mm": 19.090931486861635
}