{
  "label": "bike",
  "ds_mm": 2.0,
  "min_det": 0.0055915793570760096,
  "scale": 1.3010097466855022,
  "rot_deg": -26.48064124736973,
  "dx_mm": 9.350204195336303,
  "dy_mm": 25.136672828178625
}