{
  "label": "bike",
  "ds_mm": 2.0,
  "scale": 1.0328530021121907,
  "rot_deg": -19.142809712500764,
  "dx_mm": 18.02476683810019,
  "dy_mm": 2.6077593578586544
}