{
  "label": "bike",
  "ds_mm": 2.0,
  "min_det": 0.005621431841557237,
  "scale": 1.3924344014847883,
  "rot_deg": -44.103816130142704,
  "dx_mm": 8.900033253341576,
  "dy_mm": -3.087692166201027
}