{
  "label": "bike",
  "ds_mm": 2.0,
  "min_det": 0.005650351964214528,
  "scale": 1.1250818635845876,
  "rot_deg": 10.847593536125835,
  "dx_mm": 9.582978796002813,
  "dy_mm": -8.700671718432439
}