{
  "label": "bike",
  "ds_mm": 2.0,
  "min_det": 0.005770180217448245,
  "scale": 0.8106975415734756,
  "rot_deg": -26.741441282086218,
  "dx_mm": 15.677640709696426,
  "dy_mm": -26.18236235002518
}