{
  "label": "bike",
  "ds_mm": 2.0,
  "min_det": 0.005699123601541403,
  "scale": 1.4860453923623043,
  "rot_deg": 20.26531314351348,
  "dx_mm": -26.36614218732642,
  "dy_mm": 1.01426522386069
}