{
  "label": "bike",
  "ds_mm": 2.0,
  "scale": 0.6397595089358666,
  "rot_deg": 8.989201298397994,
  "dx_mm": 24.778205024903734,
  "dy_mm": -18.61106093241481
}