{
  "label": "bike",
  "ds_mm": 2.0,
  "scale": 0.8508062265136792,
  "rot_deg": 11.93046884576384,
  "dx_mm": -28.96150359347552,
  "dy_mm": -29.537763512505204
}