{
  "label": "bike",
  "ds_mm": 2.0,
  "min_det": 0.005187070398117486,
  "scale": 1.430050496000251,
  "rot_deg": 2.0490806678278304,
  "dx_mm": 29.794061705873247,
  "dy_mm": 24.365315603624936
}