{
  "label": "bike",
  "ds_mm": 2.0,
  "min_det": 0.005348793880186602,
  "scale": 1.4003466972292515,
  "rot_deg": 43.93620170113597,
  "dx_mm": 29.960024460783863,
  "dy_mm": -23.27858324827733
}