{
  "label": "bike",
  "ds_mm": 2.0,
  "min_det": 0.0055663077349982285,
  "scale": 1.4507762582592363,
  "rot_deg": -1.9972078016998935,
  "dx_mm": -0.7002297192863622,
  "dy_mm": -16.386231700886036
}