{
  "label": "bike",
  "ds_mm": 2.0,
  "min_det": 0.005814141904538733,
  "scale": 1.0268148661750334,
  "rot_deg": -20.113432929115366,
  "dx_mm": 4.734233356907993,
  "dy_mm": 15.698794618896855
}