{
  "label": "bike",
  "ds_mm": 2.0,
  "scale": 0.8812493985585722,
  "rot_deg": 36.73986040244009,
  "dx_mm": 1.2131211154726032,
  "dy_mm": -8.78133872242179
}