{
  "label": "bike",
  "ds_mm": 2.0,
  "min_det": 0.005635334170253194,
  "scale": 0.9883581428251004,
  "rot_deg": 13.198463391598928,
  "dx_mm": 17.508494706527564,
  "dy_mm": 8.034751052049394
}