{
  "label": "bike",
  "ds_mm": 2.0,
  "min_det": 0.005732639484270475,
  "scale": 0.9227632040882547,
  "rot_deg": -7.070656903801861,
  "dx_mm": 16.45502654628808,
  "dy_mm": 6.250168759375406
}