{
  "label": "bike",
  "ds_mm": 2.0,
  "min_det": 0.005715931010010045,
  "scale": 0.8456588618302923,
  "rot_deg": 34.268071366202335,
  "dx_mm": 5.769781817894419,
  "dy_mm": 29.92491301828725
}