{
  "label": "bike",
  "ds_mm": 2.0,
  "min_det": 0.00562822502145663,
  "scale": 1.3224061230763722,
  "rot_deg": 7.077750893569863,
  "dx_mm": -5.108094429257324,
  "dy_mm": -27.4385535853953
}