{
  "label": "bike",
  "ds_mm": 2.0,
  "min_det": 0.006074574571268281,
  "scale": 1.2972278302495979,
  "rot_deg": -38.78424180860114,
  "dx_mm": -29.787797897411586,
  "dy_mm": 11.757002640733084
}