{
  "label": "bike",
  "ds_mm": 2.0,
  "scale": 1.177630318857843,
  "rot_deg": 36.33800634382105,
  "dx_mm": 22.044222028643205,
  "dy_mm": 2.6492226917172133
}