{
  "label": "bike",
  "ds_mm": 2.0,
  "scale": 0.6848752862631216,
  "rot_deg": -33.023491491362414,
  "dx_mm": 14.899918823332513,
  "dy_mm": -29.39258783318656
}