{
  "label": "bike",
  "ds_mm": 2.0,
  "scale": 0.6615656711415918,
  "rot_deg": 34.138310732339576,
  "dx_mm": 29.68720729428764,
  "dy_mm": 21.27329017960686
}