{
  "label": "bike",
  "ds_mm": 2.0,
  "scale": 1.280412055020151,
  "rot_deg": -27.492873143159784,
  "dx_mm": 25.193019165892004,
  "dy_mm": 15.064996326173834
}