{
  "label": "bike",
  "ds_mm": 2.0,
  "scale": 0.811487208632872,
  "rot_deg": 6.837373298384442,
  "dx_mm": -11.725386141981623,
  "dy_mm": -23.30197564959858
}