{
  "label": "bike",
  "ds_mm": 2.0,
  "scale": 0.8704159919048347,
  "rot_deg": 3.336664581312057,
  "dx_mm": 4.41903533611972,
  "dy_mm": 13.11550578517123
}