{
  "label": "bike",
  "ds_mm": 2.0,
  "min_det": 0.005652507240486344,
  "scale": 1.1946200638239035,
  "rot_deg": 15.841495697832151,
  "dx_mm": -4.508664230003831,
  "dy_mm": 17.312115007550297
}