{
  "label": "bike",
  "ds_mm": 2.0,
  "scale": 1.0738286898888239,
  "rot_deg": -20.090167606214475,
  "dx_mm": -27.640980866077875,
  "dy_mm": 3.482548496202483
}