{
  "label": "bike",
  "ds_mm": 2.0,
  "scale": 1.0813578442807317,
  "rot_deg": -31.64814207121749,
  "dx_mm": -29.01879112338754,
  "dy_mm": -11.290594769286976
}