{
  "label": "bike",
  "ds_mm": 2.0,
  "min_det": 0.005551567298419443,
  "scale": 1.2110432546408623,
  "rot_deg": -2.290490816877167,
  "dx_mm": 20.465566833754828,
  "dy_mm": 1.3506457164378318
}