{
  "label": "bike",
  "ds_mm": 2.0,
  "scale": 0.9100211571922656,
  "rot_deg": 11.066448492305156,
  "dx_mm": -21.85803452032024,
  "dy_mm": -5.728931971318666
}