{
  "label": "bike",
  "ds_mm": 2.0,
  "min_det": 0.00545388109645499,
  "scale": 1.2885559158008781,
  "rot_deg": 39.340312959721714,
  "dx_mm": -11.017541292991563,
  "dy_mm": 25.669920925611855
}