{
  "label": "bike",
  "ds_mm": 2.0,
  "min_det": 0.005927211453273374,
  "scale": 0.9299035182700885,
  "rot_deg": -5.490787775751208,
  "dx_mm": -6.105193811949629,
  "dy_mm": -4.043746670545694
}