{
  "label": "bike",
  "ds_mm": 2.0,
  "min_det": 0.006361201448166225,
  "scale": 0.6659027327834394,
  "rot_deg": -39.60739027174317,
  "dx_mm": -10.965171044450656,
  "dy_mm": 1.759087398057325
}