{
  "label": "bike",
  "ds_mm": 2.0,
  "min_det": 0.0057556900984631785,
  "scale": 0.9821712276728167,
  "rot_deg": 11.61375216021925,
  "dx_mm": 6.572503188848138,
  "dy_mm": -6.782457247491369
}