{
  "label": "bike",
  "ds_mm": 2.0,
  "min_det": 0.006101618502787391,
  "scale": 0.8369645022998226,
  "rot_deg": 44.68007055254027,
  "dx_mm": -10.19919166565457,
  "dy_mm": -20.587261239270248
}