{
  "label": "bike",
  "ds_mm": 2.0,
  "min_det": 0.0054324104115584726,
  "scale": 1.3588491362004511,
  "rot_deg": 19.526522293702584,
  "dx_mm": 3.4168329538307276,
  "dy_mm": 17.04535806370221
}