{
  "label": "bike",
  "ds_mm": 2.0,
  "scale": 1.0043156921110192,
  "rot_deg": -22.767701572167113,
  "dx_mm": 21.125725423831803,
  "dy_mm": -0.03215220035663435
}