{
  "label": "bike",
  "ds_mm": 2.0,
  "scale": 1.0811432674629042,
  "rot_deg": -0.9114300873923611,
  "dx_mm": 26.970482895520988,
  "dy_mm": -3.9919920574443992
}