{
  "label": "bike",
  "ds_mm": 2.0,
  "min_det": 0.005931164403029203,
  "scale": 1.2267677158867785,
  "rot_deg": 44.520467238288475,
  "dx_mm": -26.81282914197713,
  "dy_mm": -1.7468039498123247
}