{
  "label": "bike",
  "ds_mm": 2.0,
  "min_det": 0.005463414125577051,
  "scale": 1.1868261968030005,
  "rot_deg": -2.7043373392149803,
  "dx_mm": 28.66205341835824,
  "dy_mm": 17.725252959404052
}