{
  "label": "bike",
  "ds_mm": 2.0,
  "scale": 1.3382031708613669,
  "rot_deg": 9.99521953117668,
  "dx_mm": 19.771190782903155,
  "dy_mm": -18.538923517683376
}