{
  "label": "bike",
  "ds_mm": 2.0,
  "scale": 0.7365556519024583,
  "rot_deg": -8.001749308176073,
  "dx_mm": -9.578755343664621,
  "dy_mm": -5.864866358042061
}