{
  "label": "bike",
  "ds_mm": 2.0,
  "min_det": 0.006443321000429456,
  "scale": 0.7252267617961606,
  "rot_deg": -31.310862657455992,
  "dx_mm": -21.855511538032566,
  "dy_mm": 5.4054321734434865
}