{
  "label": "bike",
  "ds_mm": 2.0,
  "min_det": 0.006166846578024098,
  "scale": 0.6649511581209963,
  "rot_deg": 7.718803259478278,
  "dx_mm": -7.115453031462,
  "dy_mm": -1.3819213101659926
}