{
  "label": "bike",
  "ds_mm": 2.0,
  "min_det": 0.00581931495749788,
  "scale": 1.194913907897066,
  "rot_deg": -16.20192863356901,
  "dx_mm": -9.167968389811648,
  "dy_mm": 11.541448362685315
}