{
  "label": "bike",
  "ds_mm": 2.0,
  "min_det": 0.005677672858835603,
  "scale": 1.1465156588724155,
  "rot_deg": -38.27665023588239,
  "dx_mm": 12.896385464203746,
  "dy_mm": -10.191350120689357
}