{
  "label": "bike",
  "ds_mm": 2.0,
  "min_det": 0.00544950016254238,
  "scale": 1.335301597190166,
  "rot_deg": 32.01422099272801,
  "dx_mm": 18.400509876811192,
  "dy_mm": -13.359469562962168
}