{
  "label": "bike",
  "ds_mm": 2.0,
  "scale": 1.3651038968587546,
  "rot_deg": -31.058518571518217,
  "dx_mm": 13.234812148583394,
  "dy_mm": 27.320472116204883
}