{
  "label": "bike",
  "ds_mm": 2.0,
  "min_det": 0.005430147658112101,
  "scale": 1.3941424260502462,
  "rot_deg": -2.3652582803651185,
  "dx_mm": 13.194357965089225,
  "dy_mm": 23.432430134546117
}