{
  "label": "bike",
  "ds_mm": 2.0,
  "min_det": 0.005279957898622846,
  "scale": 1.239323797822152,
  "rot_deg": 44.741910948881625,
  "dx_mm": 5.3805110238306355,
  "dy_mm": 26.403921080971863
}