{
  "label": "bike",
  "ds_mm": 2.0,
  "scale": 0.8060763043891757,
  "rot_deg": -39.30052771989338,
  "dx_mm": -10.202181064777708,
  "dy_mm": -26.42008482086967
}