{
  "label": "bike",
  "ds_mm": 2.0,
  "scale": 0.6816903819735147,
  "rot_deg": 36.031601924002416,
  "dx_mm": 22.458454774522714,
  "dy_mm": -26.059641753189698
}