{
  "label": "bike",
  "ds_mm": 2.0,
  "scale": 1.3530892690464094,
  "rot_deg": 18.168770788247805,
  "dx_mm": 23.87697319279377,
  "dy_mm": -17.68195957280305
}