{
  "label": "bike",
  "ds_mm": 2.0,
  "scale": 1.1822948531501367,
  "rot_deg": -44.86190046279842,
  "dx_mm": -20.78314802721521,
  "dy_mm": -23.537908046365438
}