{
  "label": "bike",
  "ds_mm": 2.0,
  "scale": 1.4988092187260922,
  "rot_deg": 37.74993726407081,
  "dx_mm": 25.458777588793225,
  "dy_mm": 12.102456866590295
}