{
  "label": "bike",
  "ds_mm": 2.0,
  "min_det": 0.006034187084505801,
  "scale": 0.6572440173403826,
  "rot_deg": 0.6252786882608063,
  "dx_mm": 0.9252986144828199,
  "dy_mm": -19.591474121032814
}