{
  "label": "bike",
  "ds_mm": 2.0,
  "scale": 1.4403677719514092,
  "rot_deg": -38.940376540019145,
  "dx_mm": 13.200420008774273,
  "dy_mm": -27.859742435474374
}