{
  "label": "bike",
  "ds_mm": 2.0,
  "scale": 1.4705192764920731,
  "rot_deg": -21.452469970366334,
  "dx_mm": -15.653944860347737,
  "dy_mm": -19.19782017468352
}