{
  "label": "bike",
  "ds_mm": 2.0,
  "scale": 0.9652378424105692,
  "rot_deg": 30.27879806563439,
  "dx_mm": 18.789236928765867,
  "dy_mm": 3.112868167033305
}