{
  "label": "bike",
  "ds_mm": 2.0,
  "scale": 0.7072263193465163,
  "rot_deg": -13.071391974761877,
  "dx_mm": -4.979215239855598,
  "dy_mm": 2.200126990449121
}