{
  "label": "bike",
  "ds_mm": 2.0,
  "scale": 0.9448781328396685,
  "rot_deg": 17.070272334715725,
  "dx_mm": -6.079158212803975,
  "dy_mm": -22.932406745574312
}