{
  "label": "bike",
  "ds_mm": 2.0,
  "scale": 0.6447632865429753,
  "rot_deg": -12.528014498160502,
  "dx_mm": -29.558927249712088,
  "dy_mm": -13.76403330761147
}