{
  "label": "bike",
  "ds_mm": 2.0,
  "min_det": 0.005804760676805798,
  "scale": 1.1364584195747163,
  "rot_deg": 31.70114985842686,
  "dx_mm": -17.035202871705643,
  "dy_mm": 15.544623057796649
}