{
  "label": "bike",
  "ds_mm": 2.0,
  "min_det": 0.005966709602561934,
  "scale": 0.6323821006230722,
  "rot_deg": -27.67496937349185,
  "dx_mm": 10.639002406439346,
  "dy_mm": -22.54130536826257
}