{
  "label": "bike",
  "ds_mm": 2.0,
  "scale": 1.236357572424997,
  "rot_deg": -9.273556028536703,
  "dx_mm": 2.6188132837746707,
  "dy_mm": 3.1725056040844706
}