{
  "label": "bike",
  "ds_mm": 2.0,
  "min_det": 0.005766769149552997,
  "scale": 1.23334981206236,
  "rot_deg": 4.3197397571219796,
  "dx_mm": -17.708158522730283,
  "dy_mm": 28.736865649367246
}