{
  "label": "bike",
  "ds_mm": 2.0,
  "min_det": 0.005496750448784873,
  "scale": 1.4273746284497806,
  "rot_deg": 5.649189606615998,
  "dx_mm": 15.126969676489146,
  "dy_mm": -15.915216648634186
}