{
  "label": "bike",
  "ds_mm": 2.0,
  "min_det": 0.00553845100531646,
  "scale": 1.4841229046071032,
  "rot_deg": -3.42743468192063,
  "dx_mm": 4.307944921188579,
  "dy_mm": -11.926829696873
}