{
  "label": "bike",
  "ds_mm": 2.0,
  "scale": 0.6485989100005973,
  "rot_deg": -43.61778411413909,
  "dx_mm": -28.992544686628325,
  "dy_mm": -7.866157845879485
}