{
  "label": "bike",
  "ds_mm": 2.0,
  "min_det": 0.0052526145244159205,
  "scale": 1.4266538134543751,
  "rot_deg": 36.459586444784435,
  "dx_mm": 29.036900347718834,
  "dy_mm": -7.728860381893064
}