{
  "label": "bike",
  "ds_mm": 2.0,
  "min_det": 0.005941890428619116,
  "scale": 0.8848755163990266,
  "rot_deg": -20.610271000618013,
  "dx_mm": -2.700488773643734,
  "dy_mm": -8.750659366432377
}