{
  "label": "bike",
  "ds_mm": 2.0,
  "min_det": 0.005525414216098619,
  "scale": 1.1398047568350647,
  "rot_deg": 16.748505330422915,
  "dx_mm": 29.479181052496216,
  "dy_mm": -25.553518901961564
}