{
  "label": "bike",
  "ds_mm": 2.0,
  "scale": 0.7241362260770576,
  "rot_deg": -21.55616097951516,
  "dx_mm": -21.740198401873116,
  "dy_mm": 23.751843718586265
}