{
  "label": "bike",
  "ds_mm": 2.0,
  "scale": 0.9993024525458057,
  "rot_deg": 40.93950041474868,
  "dx_mm": -24.280220741610826,
  "dy_mm": -3.050549867634249
}