{
  "label": "bike",
  "ds_mm": 2.0,
  "min_det": 0.005542471605970369,
  "scale": 1.3783668944662584,
  "rot_deg": 0.3668841965608465,
  "dx_mm": 8.931408483620679,
  "dy_mm": 1.6265939254906279
}