{
  "label": "bike",
  "ds_mm": 2.0,
  "min_det": 0.0061523328943898095,
  "scale": 0.7361225941267875,
  "rot_deg": 35.46751018096431,
  "dx_mm": -14.097181834697718,
  "dy_mm": 23.882306281310278
}