{
  "label": "bike",
  "ds_mm": 2.0,
  "scale": 1.4135364223282043,
  "rot_deg": 5.744209914394894,
  "dx_mm": 13.432214719820024,
  "dy_mm": 26.95890166932925
}