{
  "label": "bike",
  "ds_mm": 2.0,
  "min_det": 0.005943862301928297,
  "scale": 1.159135159639428,
  "rot_deg": -30.41169077881089,
  "dx_mm": -13.05330945288146,
  "dy_mm": 13.53372203399568
}