{
  "label": "bike",
  "ds_mm": 2.0,
  "min_det": 0.005704621498477865,
  "scale": 1.408965294251215,
  "rot_deg": -20.535765004396648,
  "dx_mm": -10.780023167283858,
  "dy_mm": 4.57377534541709
}