{
  "label": "bike",
  "ds_mm": 2.0,
  "min_det": 0.005849141610459956,
  "scale": 1.0752104658820822,
  "rot_deg": 31.730751804388774,
  "dx_mm": -8.48101949585108,
  "dy_mm": -14.059309464910214
}