{
  "label": "bike",
  "ds_mm": 2.0,
  "scale": 1.4677298986681484,
  "rot_deg": -26.506548340156428,
  "dx_mm": -3.104216771302461,
  "dy_mm": 0.05546332956028621
}