{
  "label": "bike",
  "ds_mm": 2.0,
  "scale": 0.6279345674154336,
  "rot_deg": 17.62721569305564,
  "dx_mm": 1.6390269738026966,
  "dy_mm": 24.372682486724123
}