{
  "label": "bike",
  "ds_mm": 2.0,
  "scale": 1.316386092050878,
  "rot_deg": -18.89423128472602,
  "dx_mm": -18.6122397349921,
  "dy_mm": 5.680984023885657
}