{
  "label": "bike",
  "ds_mm": 2.0,
  "scale": 1.0947965988379138,
  "rot_deg": -41.23634594063699,
  "dx_mm": -21.318756627820555,
  "dy_mm": -18.0941969145266
}