{
  "label": "bike",
  "ds_mm": 2.0,
  "scale": 0.7497167637345687,
  "rot_deg": 21.358926029065785,
  "dx_mm": 11.26713966017131,
  "dy_mm": 19.22691732331537
}