{
  "label": "bike",
  "ds_mm": 2.0,
  "scale": 0.7937025728982084,
  "rot_deg": 41.07255179365396,
  "dx_mm": -15.957768126660245,
  "dy_mm": -23.17316932789307
}