{
  "label": "bike",
  "ds_mm": 2.0,
  "scale": 0.8451971524770269,
  "rot_deg": -8.083584994082152,
  "dx_mm": -21.616075170886965,
  "dy_mm": 17.17890944982527
}