{
  "label": "bike",
  "ds_mm": 2.0,
  "min_det": 0.006421969636727031,
  "scale": 0.7090988366171774,
  "rot_deg": -8.597726739154531,
  "dx_mm": -24.24381184275496,
  "dy_mm": 23.73631060955322
}