{
  "label": "bike",
  "ds_mm": 2.0,
  "scale": 1.402588464027704,
  "rot_deg": 6.346105154961727,
  "dx_mm": 9.075341425226952,
  "dy_mm": 6.9941809273532485
}