{
  "label": "bike",
  "ds_mm": 2.0,
  "min_det": 0.005768163701123042,
  "scale": 1.2159547476419539,
  "rot_deg": 16.727127338764056,
  "dx_mm": -16.41641749458479,
  "dy_mm": 14.7364263238726
}