{
  "label": "bike",
  "ds_mm": 2.0,
  "scale": 0.8454147836656907,
  "rot_deg": -4.40851220311928,
  "dx_mm": -2.5152124093612613,
  "dy_mm": -26.19799982225943
}