{
  "label": "bike",
  "ds_mm": 2.0,
  "min_det": 0.005818234569352512,
  "scale": 0.772852113035452,
  "rot_deg": 29.142332442716537,
  "dx_mm": 15.871789781990223,
  "dy_mm": -15.533764382720028
}