{
  "label": "bike",
  "ds_mm": 2.0,
  "min_det": 0.005322172460566056,
  "scale": 1.3051737480269778,
  "rot_deg": 41.31718582199244,
  "dx_mm": 25.54566889335984,
  "dy_mm": -2.9510734678263226
}