{
  "label": "bike",
  "ds_mm": 2.0,
  "scale": 0.9284625135358209,
  "rot_deg": 23.295056804930766,
  "dx_mm": 13.30585727824387,
  "dy_mm": -25.671716448170507
}