{
  "label": "bike",
  "ds_mm": 2.0,
  "scale": 0.8968944269558153,
  "rot_deg": 43.99172102813614,
  "dx_mm": -13.722309589261673,
  "dy_mm": -27.62183965703094
}