{
  "label": "bike",
  "ds_mm": 2.0,
  "min_det": 0.0062732923314371474,
  "scale": 0.7255123001872295,
  "rot_deg": -3.825630826246851,
  "dx_mm": -17.20646907029124,
  "dy_mm": 22.25890134178399
}