{
  "label": "bike",
  "ds_mm": 2.0,
  "min_det": 0.006117469729100257,
  "scale": 0.6366026186555472,
  "rot_deg": 9.301123068858267,
  "dx_mm": -3.653191570382436,
  "dy_mm": 27.888823855177854
}