{
  "label": "bike",
  "ds_mm": 2.0,
  "scale": 0.6732246859965727,
  "rot_deg": 23.253328810277168,
  "dx_mm": 19.546626865744386,
  "dy_mm": 11.995201661160571
}