{
  "label": "bike",
  "ds_mm": 2.0,
  "min_det": 0.0058521958586912025,
  "scale": 1.3016422700387589,
  "rot_deg": -19.49389721671093,
  "dx_mm": -17.529520584927514,
  "dy_mm": 21.401471491662917
}