{
  "label": "bike",
  "ds_mm": 2.0,
  "min_det": 0.006111404740552517,
  "scale": 0.9949836267662481,
  "rot_deg": -27.65005001758314,
  "dx_mm": -24.513725383349605,
  "dy_mm": -12.957738304401595
}