{
  "label": "bike",
  "ds_mm": 2.0,
  "min_det": 0.005446596333981592,
  "scale": 1.4825485849679152,
  "rot_deg": 8.969542403462171,
  "dx_mm": 17.227122112050672,
  "dy_mm": -11.4408853405194
}