{
  "label": "bike",
  "ds_mm": 2.0,
  "min_det": 0.0056859358575360045,
  "scale": 1.331607918736285,
  "rot_deg": 18.94168429380416,
  "dx_mm": -10.847558436096016,
  "dy_mm": -23.940033511963144
}