{
  "label": "bike",
  "ds_mm": 2.0,
  "min_det": 0.005450035162021804,
  "scale": 1.2180092560107423,
  "rot_deg": 8.533422744016391,
  "dx_mm": 18.186922290278538,
  "dy_mm": 20.260002462100687
}