{
  "label": "bike",
  "ds_mm": 2.0,
  "min_det": 0.005532335845056355,
  "scale": 1.4410243721804794,
  "rot_deg": 28.74833261196433,
  "dx_mm": 1.6901665695852515,
  "dy_mm": -17.249074533593863
}