{
  "label": "bike",
  "ds_mm": 2.0,
  "min_det": 0.005599599578428006,
  "scale": 0.8496844484528905,
  "rot_deg": 30.972627297127104,
  "dx_mm": 19.74367660728256,
  "dy_mm": 23.92258557779303
}