{
  "label": "bike",
  "ds_mm": 2.0,
  "scale": 1.075897991403068,
  "rot_deg": 8.745279607852154,
  "dx_mm": 13.83131287381756,
  "dy_mm": 17.134611611485624
}