{
  "label": "bike",
  "ds_mm": 2.0,
  "scale": 0.6437723361214842,
  "rot_deg": 23.22499248182271,
  "dx_mm": 3.5102152522222667,
  "dy_mm": 4.57737951596733
}