{
  "label": "bike",
  "ds_mm": 2.0,
  "min_det": 0.006168861121956172,
  "scale": 0.8682394223475409,
  "rot_deg": 44.077176539471395,
  "dx_mm": -21.49900855147208,
  "dy_mm": 14.337508095339743
}