{
  "label": "bike",
  "ds_mm": 2.0,
  "min_det": 0.005652161394868277,
  "scale": 1.2928165012812614,
  "rot_deg": -25.19248054171441,
  "dx_mm": -10.528610050816482,
  "dy_mm": -29.204416841315528
}