{
  "label": "bike",
  "ds_mm": 2.0,
  "scale": 0.902011547890224,
  "rot_deg": 35.729227811545755,
  "dx_mm": 24.265433207270604,
  "dy_mm": -19.815410181620507
}