{
  "label": "bike",
  "ds_mm": 2.0,
  "scale": 0.75668170379466,
  "rot_deg": 28.7858189747556,
  "dx_mm": 18.214655824714484,
  "dy_mm": 22.779279235880907
}