{
  "label": "bike",
  "ds_mm": 2.0,
  "min_det": 0.005826372065902994,
  "scale": 1.0663864919825317,
  "rot_deg": 44.16239511561055,
  "dx_mm": -5.876102481657718,
  "dy_mm": -2.58860374518796
}