{
  "label": "bike",
  "ds_mm": 2.0,
  "min_det": 0.006033565707798953,
  "scale": 0.8356173983615458,
  "rot_deg": -15.978645060770706,
  "dx_mm": -5.252721381253341,
  "dy_mm": 5.184814591016412
}