{
  "label": "bike",
  "ds_mm": 2.0,
  "scale": 1.4367763449100632,
  "rot_deg": 17.255492477553886,
  "dx_mm": -24.543264650225243,
  "dy_mm": -17.6456766927153
}