{
  "label": "bike",
  "ds_mm": 2.0,
  "min_det": 0.005590477382296981,
  "scale": 1.02776338285015,
  "rot_deg": 43.6479085713963,
  "dx_mm": 28.281220198162437,
  "dy_mm": -23.185439823114628
}