{
  "label": "bike",
  "ds_mm": 2.0,
  "scale": 1.3464826324564636,
  "rot_deg": -32.72670056246466,
  "dx_mm": 21.682575368686386,
  "dy_mm": 12.288647780861282
}