{
  "label": "bike",
  "ds_mm": 2.0,
  "min_det": 0.006463910579582729,
  "scale": 0.6351154240046125,
  "rot_deg": -7.126250860398187,
  "dx_mm": -22.171524201258183,
  "dy_mm": 28.051141460143313
}