{
  "label": "bike",
  "ds_mm": 2.0,
  "scale": 0.8805748478700842,
  "rot_deg": -8.46256998914022,
  "dx_mm": -11.57449530595175,
  "dy_mm": 29.285707913785778
}