{
  "label": "bike",
  "ds_mm": 2.0,
  "scale": 0.7439147835120579,
  "rot_deg": -34.930169332129545,
  "dx_mm": 0.4179058036617107,
  "dy_mm": 7.799409408407968
}