{
  "label": "bike",
  "ds_mm": 2.0,
  "min_det": 0.0056846515365073244,
  "scale": 0.9509745475106428,
  "rot_deg": 0.5681685276772797,
  "dx_mm": 18.76746382802306,
  "dy_mm": 0.09400809909304542
}