{
  "label": "bike",
  "ds_mm": 2.0,
  "scale": 1.1490730193934116,
  "rot_deg": 10.004183577763364,
  "dx_mm": -8.46276070266622,
  "dy_mm": -13.358383236162226
}