{
  "label": "bike",
  "ds_mm": 2.0,
  "min_det": 0.005801017932966147,
  "scale": 1.0067882115372075,
  "rot_deg": -9.313370163912204,
  "dx_mm": 3.476429222103718,
  "dy_mm": 9.015041924961416
}