{
  "label": "bike",
  "ds_mm": 2.0,
  "min_det": 0.005837749215159224,
  "scale": 0.6740753457488858,
  "rot_deg": 43.35891126407196,
  "dx_mm": 20.14645063722984,
  "dy_mm": 5.119590552027944
}