{
  "label": "bike",
  "ds_mm": 2.0,
  "min_det": 0.005990423651359252,
  "scale": 0.8739859826070429,
  "rot_deg": -26.87081096561684,
  "dx_mm": -2.6347189312811423,
  "dy_mm": -1.5722872021967973
}