{
  "label": "bike",
  "ds_mm": 2.0,
  "min_det": 0.0059290262936325016,
  "scale": 0.8123941537016588,
  "rot_deg": 2.4717205130376314,
  "dx_mm": -0.6493112891073061,
  "dy_mm": -16.708636928023388
}