{
  "label": "bike",
  "ds_mm": 2.0,
  "scale": 1.1690237314288343,
  "rot_deg": -4.283769141297164,
  "dx_mm": 8.250737645044907,
  "dy_mm": -11.705913466543954
}