{
  "label": "bike",
  "ds_mm": 2.0,
  "min_det": 0.005876495464772423,
  "scale": 1.2757738246735175,
  "rot_deg": -41.45526180729638,
  "dx_mm": -12.946465295216555,
  "dy_mm": 1.8702577500510813
}