{
  "label": "bike",
  "ds_mm": 2.0,
  "min_det": 0.005530208595364928,
  "scale": 1.3595967533081599,
  "rot_deg": -23.181476202577365,
  "dx_mm": 23.23267301897353,
  "dy_mm": -0.6682411476517878
}