{
  "label": "bike",
  "ds_mm": 2.0,
  "scale": 0.9135953226092541,
  "rot_deg": 24.42377238921611,
  "dx_mm": -12.75370255957214,
  "dy_mm": -29.448232044587726
}