{
  "label": "bike",
  "ds_mm": 2.0,
  "scale": 1.3851520701665403,
  "rot_deg": -11.261002544381945,
  "dx_mm": -9.514427825452682,
  "dy_mm": -12.22130573494265
}