{
  "label": "bike",
  "ds_mm": 2.0,
  "scale": 1.4052324199779491,
  "rot_deg": 7.30558765970823,
  "dx_mm": -2.037353653083965,
  "dy_mm": 2.747237011708407
}