{
  "label": "bike",
  "ds_mm": 2.0,
  "scale": 1.152224315390948,
  "rot_deg": 28.77529361546226,
  "dx_mm": -12.41588789526222,
  "dy_mm": 4.1532360983871826
}