{
  "label": "bike",
  "ds_mm": 2.0,
  "scale": 0.6908124575584021,
  "rot_deg": -40.47598783154901,
  "dx_mm": 28.598759426655157,
  "dy_mm": 0.3682674649401285
}