{
  "label": "bike",
  "ds_mm": 2.0,
  "min_det": 0.006059778755967994,
  "scale": 0.9109750448304703,
  "rot_deg": -38.152132267295826,
  "dx_mm": -2.6728080213792254,
  "dy_mm": 20.560529795262795
}