{
  "label": "bike",
  "ds_mm": 2.0,
  "scale": 1.2221657556725614,
  "rot_deg": 0.28424210547254347,
  "dx_mm": -27.449955853778537,
  "dy_mm": -0.28988332090749225
}