{
  "label": "bike",
  "ds_mm": 2.0,
  "min_det": 0.005733819492551028,
  "scale": 1.32956351005026,
  "rot_deg": -43.31519681204694,
  "dx_mm": 4.1558100556650075,
  "dy_mm": 14.85411326171895
}