{
  "label": "bike",
  "ds_mm": 2.0,
  "min_det": 0.0057049121610570535,
  "scale": 1.4028810084129435,
  "rot_deg": 39.20911095596715,
  "dx_mm": -16.91225059248856,
  "dy_mm": -14.375565767989567
}