{
  "label": "bike",
  "ds_mm": 2.0,
  "scale": 0.8381498720311875,
  "rot_deg": 8.77488414639528,
  "dx_mm": -28.419561322059796,
  "dy_mm": -22.702514541744115
}