{
  "label": "bike",
  "ds_mm": 2.0,
  "scale": 1.0139639219744923,
  "rot_deg": -16.12736181232017,
  "dx_mm": 22.483367291668365,
  "dy_mm": 10.635079510900326
}