{
  "label": "bike",
  "ds_mm": 2.0,
  "scale": 0.86383840540959,
  "rot_deg": 7.942522915004538,
  "dx_mm": 29.069696481569366,
  "dy_mm": 20.33979294307649
}