{
  "label": "bike",
  "ds_mm": 2.0,
  "min_det": 0.005935100068501641,
  "scale": 0.9727674959236643,
  "rot_deg": -25.684501621300384,
  "dx_mm": -13.954638234380141,
  "dy_mm": -25.836645461967127
}