{
  "label": "bike",
  "ds_mm": 2.0,
  "min_det": 0.0055317776790179225,
  "scale": 1.086659182183168,
  "rot_deg": 16.57932548604395,
  "dx_mm": 27.851093661803212,
  "dy_mm": -6.705184190353524
}