{
  "label": "bike",
  "ds_mm": 2.0,
  "scale": 1.1287929623527488,
  "rot_deg": -17.180069720559587,
  "dx_mm": 29.020620135389635,
  "dy_mm": -0.6367131911336052
}