{
  "label": "bike",
  "ds_mm": 2.0,
  "min_det": 0.005484473144219618,
  "scale": 1.3502852535794647,
  "rot_deg": -25.989199488814894,
  "dx_mm": 26.26088991023982,
  "dy_mm": -17.31859814698905
}