{
  "label": "bike",
  "ds_mm": 2.0,
  "min_det": 0.005539275303568939,
  "scale": 1.46453401510936,
  "rot_deg": 28.893074578280704,
  "dx_mm": -17.905738708324044,
  "dy_mm": 11.637605607906039
}