{
  "label": "bike",
  "ds_mm": 2.0,
  "scale": 1.2658209526738968,
  "rot_deg": 13.297719801347178,
  "dx_mm": -1.5038390007580844,
  "dy_mm": 1.2413209546452855
}