{
  "label": "bike",
  "ds_mm": 2.0,
  "scale": 0.8719674954293614,
  "rot_deg": 20.23888934895723,
  "dx_mm": 3.2707681641687643,
  "dy_mm": 22.837481202205872
}