{
  "label": "bike",
  "ds_mm": 2.0,
  "min_det": 0.005867060438326435,
  "scale": 0.878721918327603,
  "rot_deg": -35.87354693576212,
  "dx_mm": 10.204344700849774,
  "dy_mm": -6.852948221989884
}