{
  "label": "bike",
  "ds_mm": 2.0,
  "scale": 1.4856977168145882,
  "rot_deg": 38.59533949847044,
  "dx_mm": -10.17315525360262,
  "dy_mm": 9.25260590848395
}