{
  "label": "bike",
  "ds_mm": 2.0,
  "scale": 0.7391305304008691,
  "rot_deg": 17.714925473908067,
  "dx_mm": 11.701189321034377,
  "dy_mm": -20.067581525408876
}