{
  "label": "bike",
  "ds_mm": 2.0,
  "min_det": 0.005929626858253075,
  "scale": 0.8573230183718387,
  "rot_deg": -44.12472025906032,
  "dx_mm": 7.365858607605354,
  "dy_mm": -10.84671742035935
}