{
  "label": "bike",
  "ds_mm": 2.0,
  "scale": 1.0882364995300684,
  "rot_deg": 32.34013046582932,
  "dx_mm": 11.03036485407835,
  "dy_mm": 3.454736735584113
}