{
  "label": "bike",
  "ds_mm": 2.0,
  "min_det": 0.006020973121530371,
  "scale": 1.0807099939965603,
  "rot_deg": -43.55534089995785,
  "dx_mm": -20.346116571344467,
  "dy_mm": -20.603850237630624
}