{
  "label": "bike",
  "ds_mm": 2.0,
  "scale": 1.391964818691773,
  "rot_deg": 43.000391223400285,
  "dx_mm": -21.601522433678817,
  "dy_mm": -15.18795131466401
}