{
  "label": "bike",
  "ds_mm": 2.0,
  "min_det": 0.00577616058967946,
  "scale": 1.4149665865817243,
  "rot_deg": 25.26295897322663,
  "dx_mm": -26.851558964873202,
  "dy_mm": -11.429188404676161
}