{
  "label": "bike",
  "ds_mm": 2.0,
  "min_det": 0.005501730928029684,
  "scale": 1.4828099301544806,
  "rot_deg": 8.371006300859001,
  "dx_mm": -0.16038674436429545,
  "dy_mm": 7.632635922103468
}