{
  "label": "bike",
  "ds_mm": 2.0,
  "min_det": 0.006295465247551338,
  "scale": 0.8801088873090777,
  "rot_deg": -41.99459864347756,
  "dx_mm": -16.657287430166946,
  "dy_mm": 21.927127889821442
}