{
  "label": "bike",
  "ds_mm": 2.0,
  "scale": 1.1406811565320059,
  "rot_deg": 34.48121711478714,
  "dx_mm": 15.546472191896939,
  "dy_mm": 19.999190622209028
}