{
  "label": "bike",
  "ds_mm": 2.0,
  "min_det": 0.005936143014434396,
  "scale": 0.8918789446609374,
  "rot_deg": -41.20575308090072,
  "dx_mm": 8.846739869139377,
  "dy_mm": 7.06246615521961
}