{
  "label": "bike",
  "ds_mm": 2.0,
  "scale": 1.058723830332284,
  "rot_deg": 32.06132092109533,
  "dx_mm": -16.594609247926027,
  "dy_mm": 29.523020327421023
}