{
  "label": "bike",
  "ds_mm": 2.0,
  "min_det": 0.0055738675879511285,
  "scale": 1.2311783235991798,
  "rot_deg": -23.483013454895833,
  "dx_mm": 24.00938684583025,
  "dy_mm": 9.616555033700195
}