{
  "label": "bike",
  "ds_mm": 2.0,
  "min_det": 0.00585518319981153,
  "scale": 0.9693549755490177,
  "rot_deg": -31.88300319702994,
  "dx_mm": 9.415235077481547,
  "dy_mm": 16.57812861764561
}