{
  "label": "bike",
  "ds_mm": 2.0,
  "scale": 0.8982068626702919,
  "rot_deg": 25.436270971084966,
  "dx_mm": 7.372671002448932,
  "dy_mm": -25.390311432957546
}