{
  "label": "bike",
  "ds_mm": 2.0,
  "scale": 1.0356207483554516,
  "rot_deg": 32.36276829340976,
  "dx_mm": 20.81890785398415,
  "dy_mm": -8.725104270245104
}