{
  "label": "bike",
  "ds_mm": 2.0,
  "scale": 1.1575980998237592,
  "rot_deg": 5.63378878336453,
  "dx_mm": -24.973040692188373,
  "dy_mm": -9.758881300606351
}