{
  "label": "bike",
  "ds_mm": 2.0,
  "min_det": 0.0054518970445392246,
  "scale": 1.2490355703991711,
  "rot_deg": 21.88309085527048,
  "dx_mm": 1.6690665682163086,
  "dy_mm": 26.34661964251017
}