{
  "label": "bike",
  "ds_mm": 2.0,
  "scale": 0.8147535268455492,
  "rot_deg": 23.86351812043884,
  "dx_mm": 2.1710333540967355,
  "dy_mm": -11.053924030872306
}