{
  "label": "bike",
  "ds_mm": 2.0,
  "min_det": 0.0064395776919824385,
  "scale": 0.7320342368119503,
  "rot_deg": -41.08192675512713,
  "dx_mm": -21.268463283805815,
  "dy_mm": -6.2516001813144975
}