{
  "label": "bike",
  "ds_mm": 2.0,
  "min_det": 0.005350131049124115,
  "scale": 1.1375822805498337,
  "rot_deg": 31.223204504569907,
  "dx_mm": 18.34806997974532,
  "dy_mm": 23.758191788609352
}