{
  "label": "bike",
  "ds_mm": 2.0,
  "scale": 0.961397873408046,
  "rot_deg": 18.22197477443784,
  "dx_mm": 22.985610581532725,
  "dy_mm": 0.6319971807235305
}