{
  "label": "bike",
  "ds_mm": 2.0,
  "min_det": 0.0058314323962189414,
  "scale": 0.6333242339434083,
  "rot_deg": -16.57593787722867,
  "dx_mm": 24.76575783422159,
  "dy_mm": -13.82004723617537
}