{
  "label": "bike",
  "ds_mm": 2.0,
  "scale": 0.8153624859024644,
  "rot_deg": -0.6298893287307408,
  "dx_mm": 2.548786611356448,
  "dy_mm": -13.378056946803078
}