{
  "label": "bike",
  "ds_mm": 2.0,
  "scale": 0.7897869189050148,
  "rot_deg": 5.366959869868651,
  "dx_mm": 17.437909022304716,
  "dy_mm": 19.10883992476076
}