{
  "label": "bike",
  "ds_mm": 2.0,
  "min_det": 0.005049089047834216,
  "scale": 1.4102989853823593,
  "rot_deg": 36.50614100464885,
  "dx_mm": 13.900663954795746,
  "dy_mm": 25.80674793396291
}