{
  "label": "bike",
  "ds_mm": 2.0,
  "scale": 0.6912631759858658,
  "rot_deg": -7.868396408591316,
  "dx_mm": 3.5979103825994727,
  "dy_mm": 6.609840288888819
}