{
  "label": "bike",
  "ds_mm": 2.0,
  "scale": 1.1151102059333349,
  "rot_deg": 5.984430358713539,
  "dx_mm": 7.9501108982892035,
  "dy_mm": -8.198521084690135
}