{
  "label": "bike",
  "ds_mm": 2.0,
  "scale": 0.753918799473866,
  "rot_deg": 27.029942500007067,
  "dx_mm": -22.922089294569865,
  "dy_mm": 3.0787217080253697
}