{
  "label": "bike",
  "ds_mm": 2.0,
  "scale": 1.3801693251183225,
  "rot_deg": 35.442368942161394,
  "dx_mm": 16.95143412341143,
  "dy_mm": -8.934593577243913
}