{
  "label": "bike",
  "ds_mm": 2.0,
  "min_det": 0.005863671531027365,
  "scale": 1.1280227465363426,
  "rot_deg": 8.356073522654938,
  "dx_mm": -15.825811855944188,
  "dy_mm": 10.489567147874503
}