{
  "label": "bike",
  "ds_mm": 2.0,
  "scale": 1.3355269267592549,
  "rot_deg": 40.167394980811764,
  "dx_mm": -1.7418635302839327,
  "dy_mm": 29.882881794468588
}