{
  "label": "bike",
  "ds_mm": 2.0,
  "scale": 0.8089818097293032,
  "rot_deg": 31.262379095389704,
  "dx_mm": -0.7662198821339494,
  "dy_mm": 24.091105609221373
}