{
  "label": "bike",
  "ds_mm": 2.0,
  "scale": 1.473376399065791,
  "rot_deg": -20.099994965738798,
  "dx_mm": 23.371570305669536,
  "dy_mm": -11.570819141628071
}