{
  "label": "bike",
  "ds_mm": 2.0,
  "min_det": 0.005798789838170131,
  "scale": 1.106892290979321,
  "rot_deg": 8.919562170712197,
  "dx_mm": -7.327490871749362,
  "dy_mm": -7.081442575531781
}