{
  "label": "bike",
  "ds_mm": 2.0,
  "scale": 1.0722861940152477,
  "rot_deg": -4.9587440865756705,
  "dx_mm": 4.3782586316701355,
  "dy_mm": 3.5373407305794373
}