{
  "label": "bike",
  "ds_mm": 2.0,
  "scale": 0.6061011734789395,
  "rot_deg": -18.526510209197056,
  "dx_mm": 1.4967924711146452,
  "dy_mm": -26.34502624240274
}