{
  "label": "bike",
  "ds_mm": 2.0,
  "min_det": 0.005636852087645269,
  "scale": 0.9187575102599426,
  "rot_deg": -4.561123775088582,
  "dx_mm": 27.714022440425346,
  "dy_mm": -13.909065455050133
}