{
  "label": "bike",
  "ds_mm": 2.0,
  "scale": 0.6473861750223335,
  "rot_deg": 33.42782088171059,
  "dx_mm": 20.758271111861916,
  "dy_mm": 16.496606129506148
}