{
  "label": "bike",
  "ds_mm": 2.0,
  "scale": 0.7613864401201965,
  "rot_deg": 40.90295597056088,
  "dx_mm": -27.541692776045426,
  "dy_mm": 22.220881096370682
}