{
  "label": "bike",
  "ds_mm": 2.0,
  "scale": 1.1570059382755318,
  "rot_deg": -12.836627796020565,
  "dx_mm": -22.85128312646624,
  "dy_mm": 13.314353496908353
}