{
  "label": "bike",
  "ds_mm": 2.0,
  "scale": 1.0966348948389257,
  "rot_deg": 18.756927862462483,
  "dx_mm": 13.160901200215939,
  "dy_mm": -16.62927400882811
}