{
  "label": "bike",
  "ds_mm": 2.0,
  "min_det": 0.005587695668886489,
  "scale": 1.1189875350474967,
  "rot_deg": -23.68503839205963,
  "dx_mm": 29.71864837075571,
  "dy_mm": 3.6231839837711632
}