{
  "label": "bike",
  "ds_mm": 2.0,
  "scale": 1.2078266032122715,
  "rot_deg": 43.91842425112884,
  "dx_mm": -4.221192007341163,
  "dy_mm": 16.84933912995084
}