{
  "label": "bike",
  "ds_mm": 2.0,
  "scale": 0.8705329138526163,
  "rot_deg": -39.132226454537886,
  "dx_mm": -16.175989137044848,
  "dy_mm": 28.821146951880102
}