{
  "label": "bike",
  "ds_mm": 2.0,
  "min_det": 0.005745919899203731,
  "scale": 0.9422312604871568,
  "rot_deg": -34.39287043581695,
  "dx_mm": 17.523433645803465,
  "dy_mm": 28.390162924088386
}