{
  "label": "bike",
  "ds_mm": 2.0,
  "min_det": 0.005934512448101243,
  "scale": 1.2128675670883737,
  "rot_deg": 15.938524336835258,
  "dx_mm": -29.65804624338412,
  "dy_mm": -16.523769870355306
}