{
  "label": "bike",
  "ds_mm": 2.0,
  "min_det": 0.005581415782416706,
  "scale": 1.1873929588822079,
  "rot_deg": 20.73553723106447,
  "dx_mm": 15.912312119321506,
  "dy_mm": -25.95900363889356
}