{
  "label": "bike",
  "ds_mm": 2.0,
  "scale": 1.298060331772464,
  "rot_deg": 3.9937557894800975,
  "dx_mm": -6.505080660292137,
  "dy_mm": 6.674130242625836
}