{
  "label": "bike",
  "ds_mm": 2.0,
  "min_det": 0.005131999458227724,
  "scale": 1.3380779649795058,
  "rot_deg": 36.58383287755859,
  "dx_mm": 23.58495283622527,
  "dy_mm": 17.823940726469964
}