{
  "label": "bike",
  "ds_mm": 2.0,
  "scale": 0.6945516117998389,
  "rot_deg": -3.0177548587364385,
  "dx_mm": -20.225599205424288,
  "dy_mm": 27.355298810099427
}