{
  "label": "bike",
  "ds_mm": 2.0,
  "min_det": 0.0055136992062142015,
  "scale": 1.3190906747281135,
  "rot_deg": 18.436012873597505,
  "dx_mm": 1.187055272777691,
  "dy_mm": 13.378108719721439
}