{
  "label": "bike",
  "ds_mm": 2.0,
  "min_det": 0.006069728213155979,
  "scale": 0.7550586668369179,
  "rot_deg": -26.97196391008963,
  "dx_mm": -3.1881495682440857,
  "dy_mm": -10.108979426574717
}