{
  "label": "bike",
  "ds_mm": 2.0,
  "scale": 1.4695954563789557,
  "rot_deg": 6.423373106976804,
  "dx_mm": 28.553300842787266,
  "dy_mm": -11.40910714437608
}