{
  "label": "bike",
  "ds_mm": 2.0,
  "min_det": 0.005844036180680298,
  "scale": 1.163268499641652,
  "rot_deg": 21.668175848272966,
  "dx_mm": -16.01400011375276,
  "dy_mm": -6.333505333325242
}