{
  "label": "bike",
  "ds_mm": 2.0,
  "min_det": 0.005627259406236504,
  "scale": 0.9001465729903664,
  "rot_deg": -4.554255105246263,
  "dx_mm": 27.656041168041753,
  "dy_mm": -24.5657855056076
}