{
  "label": "bike",
  "ds_mm": 2.0,
  "min_det": 0.005994564602961423,
  "scale": 0.907657791691195,
  "rot_deg": 11.818253122555383,
  "dx_mm": -15.139919326148805,
  "dy_mm": -24.91416877221308
}