{
  "label": "bike",
  "ds_mm": 2.0,
  "min_det": 0.005336327080059018,
  "scale": 1.3290918645785026,
  "rot_deg": 29.293252370546483,
  "dx_mm": 23.183896763693475,
  "dy_mm": 1.7896081176904914
}