{
  "label": "bike",
  "ds_mm": 2.0,
  "scale": 0.9805020940820568,
  "rot_deg": 6.056634501045679,
  "dx_mm": -22.873400922263126,
  "dy_mm": -5.588459024902633
}