{
  "label": "bike",
  "ds_mm": 2.0,
  "min_det": 0.006486273133649047,
  "scale": 0.7772582695947743,
  "rot_deg": -25.270535866123886,
  "dx_mm": -29.458395603108507,
  "dy_mm": 7.010657955032379
}