{
  "label": "bike",
  "ds_mm": 2.0,
  "min_det": 0.005631552842368712,
  "scale": 1.235176627622194,
  "rot_deg": -40.095553814993885,
  "dx_mm": 22.107961650219124,
  "dy_mm": 6.976307613978605
}