{
  "label": "bike",
  "ds_mm": 2.0,
  "scale": 0.6107771884161308,
  "rot_deg": 4.246571698944614,
  "dx_mm": -6.5373583375131545,
  "dy_mm": 18.89527795319146
}