{
  "label": "bike",
  "ds_mm": 2.0,
  "min_det": 0.00536868974506464,
  "scale": 1.262462537014104,
  "rot_deg": 28.09940599495208,
  "dx_mm": 19.85812558232589,
  "dy_mm": 9.006731487794347
}