{
  "label": "bike",
  "ds_mm": 2.0,
  "min_det": 0.005906417616387933,
  "scale": 0.7792269493653131,
  "rot_deg": 39.65678090314313,
  "dx_mm": 7.398265018595403,
  "dy_mm": -1.2463184284544546
}