{
  "label": "bike",
  "ds_mm": 2.0,
  "scale": 0.7934766036472335,
  "rot_deg": -14.964662135761312,
  "dx_mm": 8.26032104627523,
  "dy_mm": -19.588658834952874
}