{
  "label": "bike",
  "ds_mm": 2.0,
  "scale": 0.713928510792323,
  "rot_deg": -22.240489586862974,
  "dx_mm": -3.6471020608243627,
  "dy_mm": 20.900978298746438
}