{
  "label": "bike",
  "ds_mm": 2.0,
  "scale": 0.912007411022141,
  "rot_deg": -37.37115946096766,
  "dx_mm": 12.398177255905338,
  "dy_mm": 27.17810373302435
}