{
  "label": "bike",
  "ds_mm": 2.0,
  "min_det": 0.005502494854756163,
  "scale": 1.1877653304236686,
  "rot_deg": 14.826726425124399,
  "dx_mm": 29.408976187653053,
  "dy_mm": -19.160165547847818
}