{
  "label": "bike",
  "ds_mm": 2.0,
  "min_det": 0.005710050585347917,
  "scale": 1.181477874836934,
  "rot_deg": -4.480959381472445,
  "dx_mm": -8.234006452063621,
  "dy_mm": -26.83546889236648
}