{
  "label": "bike",
  "ds_mm": 2.0,
  "scale": 1.4320220612961887,
  "rot_deg": 9.128316463520804,
  "dx_mm": -10.944407751313467,
  "dy_mm": 0.8785216637202247
}