{
  "label": "bike",
  "ds_mm": 2.0,
  "min_det": 0.005464800931897924,
  "scale": 1.4740268844047106,
  "rot_deg": 26.328022565889526,
  "dx_mm": 0.7366774116304882,
  "dy_mm": -3.450298825061516
}