{
  "label": "bike",
  "ds_mm": 2.0,
  "scale": 0.8605073723927091,
  "rot_deg": 3.5414256788641367,
  "dx_mm": -15.28048584280932,
  "dy_mm": 24.466264038245086
}