{
  "label": "bike",
  "ds_mm": 2.0,
  "scale": 1.4385430851026142,
  "rot_deg": -38.48568071959403,
  "dx_mm": -29.079426484186556,
  "dy_mm": 14.817332599245283
}