{
  "label": "bike",
  "ds_mm": 2.0,
  "min_det": 0.005723010246129422,
  "scale": 1.068219487617429,
  "rot_deg": 40.195263330512105,
  "dx_mm": 4.417467218668165,
  "dy_mm": -6.70491473625367
}