{
  "label": "bike",
  "ds_mm": 2.0,
  "scale": 1.3946328867624498,
  "rot_deg": -15.558049047889334,
  "dx_mm": -8.636772630196422,
  "dy_mm": -18.626191053049993
}