{
  "label": "bike",
  "ds_mm": 2.0,
  "scale": 1.047416664556756,
  "rot_deg": 32.746655937181444,
  "dx_mm": -4.655735480730112,
  "dy_mm": 7.213177185085655
}