{
  "label": "bike",
  "ds_mm": 2.0,
  "scale": 1.003709696682024,
  "rot_deg": -7.079354764795433,
  "dx_mm": 4.783055369673463,
  "dy_mm": -7.33583605354378
}