{
  "label": "bike",
  "ds_mm": 2.0,
  "min_det": 0.005669465997786574,
  "scale": 1.3555303462873836,
  "rot_deg": -22.78240507467657,
  "dx_mm": -3.2278069673604577,
  "dy_mm": -1.2530989356261593
}