{
  "label": "bike",
  "ds_mm": 2.0,
  "min_det": 0.005688876262392081,
  "scale": 1.1788858200856733,
  "rot_deg": 19.61429814618738,
  "dx_mm": -0.9664171824388603,
  "dy_mm": -29.096503856602247
}