{
  "label": "bike",
  "ds_mm": 2.0,
  "scale": 1.4176869144421995,
  "rot_deg": 0.9692457474186611,
  "dx_mm": 23.9975949290939,
  "dy_mm": -5.033067972265155
}