{
  "label": "bike",
  "ds_mm": 2.0,
  "scale": 1.2199661037702731,
  "rot_deg": -41.705088169288466,
  "dx_mm": 3.8494066651996164,
  "dy_mm": 1.6385315649426566
}