{
  "label": "bike",
  "ds_mm": 2.0,
  "scale": 1.1859104110656542,
  "rot_deg": 14.134168587388757,
  "dx_mm": 8.360793190236059,
  "dy_mm": -27.924103157365998
}