{
  "label": "bike",
  "ds_mm": 2.0,
  "scale": 0.8098472331244424,
  "rot_deg": 0.6678475078196087,
  "dx_mm": -29.681607094726957,
  "dy_mm": 13.686004363247072
}