{
  "label": "bike",
  "ds_mm": 2.0,
  "scale": 0.6784133991314951,
  "rot_deg": -36.63517009179574,
  "dx_mm": -2.0746499453389404,
  "dy_mm": 19.34590012873582
}