{
  "label": "bike",
  "ds_mm": 2.0,
  "min_det": 0.005885484198732146,
  "scale": 1.0853709996696816,
  "rot_deg": 27.69154111044675,
  "dx_mm": -17.831273767527257,
  "dy_mm": 12.340327300844159
}