{
  "label": "bike",
  "ds_mm": 2.0,
  "min_det": 0.0063002930209575415,
  "scale": 0.6514630559820468,
  "rot_deg": -9.921701811334437,
  "dx_mm": -16.95697508179702,
  "dy_mm": -16.58028220220098
}