{
  "label": "bike",
  "ds_mm": 2.0,
  "scale": 1.125279498125574,
  "rot_deg": -41.84706917603168,
  "dx_mm": 1.884627117066156,
  "dy_mm": 24.71514481702973
}