{
  "label": "bike",
  "ds_mm": 2.0,
  "min_det": 0.005491932439996143,
  "scale": 1.1682698769411268,
  "rot_deg": 14.56108465127567,
  "dx_mm": 22.87778602511503,
  "dy_mm": 4.452787569613918
}