{
  "label": "bike",
  "ds_mm": 2.0,
  "min_det": 0.005970331495391621,
  "scale": 0.7679189989278427,
  "rot_deg": -7.855343905472068,
  "dx_mm": 3.042705526278354,
  "dy_mm": 20.579842281733733
}