{
  "label": "bike",
  "ds_mm": 2.0,
  "min_det": 0.006041076423136214,
  "scale": 0.6196841873260241,
  "rot_deg": -38.180989837333584,
  "dx_mm": 10.639580045759331,
  "dy_mm": -13.47553305953624
}