{
  "label": "bike",
  "ds_mm": 2.0,
  "scale": 0.8782054707483955,
  "rot_deg": -34.49808873590534,
  "dx_mm": -29.89795968017002,
  "dy_mm": 22.28485594179491
}