{
  "label": "bike",
  "ds_mm": 2.0,
  "scale": 1.2395704794402804,
  "rot_deg": 29.866107446938926,
  "dx_mm": 16.494010659895878,
  "dy_mm": -25.814145345327674
}