{
  "label": "bike",
  "ds_mm": 2.0,
  "min_det": 0.005727121645308047,
  "scale": 1.2458646861773903,
  "rot_deg": -16.25247012975583,
  "dx_mm": -8.87427926690485,
  "dy_mm": -12.398389443799324
}