{
  "label": "bike",
  "ds_mm": 2.0,
  "min_det": 0.005776589253104283,
  "scale": 1.2821090413570784,
  "rot_deg": -3.2719224397374376,
  "dx_mm": -21.165571156088006,
  "dy_mm": -18.973365452053773
}