{
  "label": "bike",
  "ds_mm": 2.0,
  "min_det": 0.005347236774497726,
  "scale": 1.276030534414816,
  "rot_deg": 37.830139200821705,
  "dx_mm": 28.65958240741488,
  "dy_mm": -5.211287749604917
}