{
  "label": "bike",
  "ds_mm": 2.0,
  "min_det": 0.00563792191815877,
  "scale": 1.0543419962932812,
  "rot_deg": -30.74931997264678,
  "dx_mm": 27.19287794999331,
  "dy_mm": 13.578171419724889
}