{
  "label": "bike",
  "ds_mm": 2.0,
  "scale": 1.2325483360207796,
  "rot_deg": 18.812680149464697,
  "dx_mm": -0.5476179293617385,
  "dy_mm": -18.70344094227468
}