{
  "label": "bike",
  "ds_mm": 2.0,
  "min_det": 0.006138701321795026,
  "scale": 1.0114245072627424,
  "rot_deg": -20.01939769000866,
  "dx_mm": -29.363476126049296,
  "dy_mm": -11.445898223411156
}