{
  "label": "bike",
  "ds_mm": 2.0,
  "scale": 1.0429040423442744,
  "rot_deg": 5.628464856261367,
  "dx_mm": 7.122930108467344,
  "dy_mm": 13.542669258490541
}