{
  "label": "bike",
  "ds_mm": 2.0,
  "scale": 0.9860520365280367,
  "rot_deg": -8.883552979168066,
  "dx_mm": 18.10085463126339,
  "dy_mm": 3.2955324637785566
}