{
  "label": "bike",
  "ds_mm": 2.0,
  "min_det": 0.0055888387014736635,
  "scale": 1.4521906985064672,
  "rot_deg": 2.1756552510693723,
  "dx_mm": -9.980883432680937,
  "dy_mm": 19.394408706188756
}