{
  "label": "bike",
  "ds_mm": 2.0,
  "scale": 1.2163706324070485,
  "rot_deg": 29.44185580445236,
  "dx_mm": 4.506592527539134,
  "dy_mm": -2.09899892393976
}