{
  "label": "bike",
  "ds_mm": 2.0,
  "min_det": 0.005510355326475536,
  "scale": 1.4963774791181823,
  "rot_deg": -33.28890822342915,
  "dx_mm": 15.50929091507394,
  "dy_mm": -5.904390253130288
}