{
  "label": "bike",
  "ds_mm": 2.0,
  "min_det": 0.00570674203565803,
  "scale": 1.0369342507410158,
  "rot_deg": -22.322612705491476,
  "dx_mm": 16.60374800970574,
  "dy_mm": 21.698259029623337
}