{
  "label": "bike",
  "ds_mm": 2.0,
  "scale": 0.8473275264046315,
  "rot_deg": -41.21208574971738,
  "dx_mm": 0.6049471745764698,
  "dy_mm": 17.263071355633613
}