{
  "label": "bike",
  "ds_mm": 2.0,
  "min_det": 0.0056985020505793136,
  "scale": 1.385028608916922,
  "rot_deg": -13.027441805894508,
  "dx_mm": -22.47656721029003,
  "dy_mm": -24.030149182409005
}