{
  "label": "bike",
  "ds_mm": 2.0,
  "scale": 1.22369240140317,
  "rot_deg": -5.339837982084404,
  "dx_mm": 29.314609285164217,
  "dy_mm": 12.067768873696672
}