{
  "label": "bike",
  "ds_mm": 2.0,
  "scale": 1.0113023008711344,
  "rot_deg": -28.57650158470264,
  "dx_mm": -10.859535868840503,
  "dy_mm": 20.129557955617805
}