{
  "label": "bike",
  "ds_mm": 2.0,
  "scale": 0.6789839830014062,
  "rot_deg": 2.590988814744833,
  "dx_mm": 18.285815525479478,
  "dy_mm": -18.50351184468378
}