{
  "label": "bike",
  "ds_mm": 2.0,
  "min_det": 0.0055733645901308365,
  "scale": 1.3356983396363225,
  "rot_deg": 9.78233928372191,
  "dx_mm": 2.728327835380746,
  "dy_mm": 2.438455303885682
}