{
  "label": "bike",
  "ds_mm": 2.0,
  "min_det": 0.005632746964542277,
  "scale": 1.3243188721446404,
  "rot_deg": -30.434515526975716,
  "dx_mm": 6.553697917674199,
  "dy_mm": -3.0395480759343556
}