{
  "label": "bike",
  "ds_mm": 2.0,
  "scale": 1.29192857281212,
  "rot_deg": -38.205866279944146,
  "dx_mm": 13.143906954866473,
  "dy_mm": -26.532421831535984
}