{
  "label": "bike",
  "ds_mm": 2.0,
  "scale": 1.1076314781183834,
  "rot_deg": 14.117509830618907,
  "dx_mm": -20.611125307300018,
  "dy_mm": 0.8794642597128046
}