{
  "label": "bike",
  "ds_mm": 2.0,
  "scale": 1.2584751770772291,
  "rot_deg": -20.169895374550528,
  "dx_mm": 4.892749956988695,
  "dy_mm": 21.104260021939346
}