{
  "label": "bike",
  "ds_mm": 2.0,
  "scale": 1.0182132055375859,
  "rot_deg": -4.086991158319847,
  "dx_mm": 20.709424969283397,
  "dy_mm": 7.698104552233616
}