{
  "label": "bike",
  "ds_mm": 2.0,
  "scale": 0.6403460283886573,
  "rot_deg": -35.659110994584466,
  "dx_mm": 24.265553333478785,
  "dy_mm": 9.3226816050975
}