{
  "label": "bike",
  "ds_mm": 2.0,
  "min_det": 0.005654841515230135,
  "scale": 0.9858193057103855,
  "rot_deg": -8.836111119367374,
  "dx_mm": 22.163595032919595,
  "dy_mm": 9.897427828779563
}