{
  "label": "bike",
  "ds_mm": 2.0,
  "min_det": 0.005510758246846014,
  "scale": 1.3595303091743847,
  "rot_deg": -2.594074182638032,
  "dx_mm": 8.962959918073594,
  "dy_mm": 20.681287614855343
}