{
  "label": "bike",
  "ds_mm": 2.0,
  "min_det": 0.005686544761941724,
  "scale": 0.961614041091587,
  "rot_deg": 26.23745252441158,
  "dx_mm": 17.28973920003523,
  "dy_mm": -20.099017095004385
}