{
  "label": "bike",
  "ds_mm": 2.0,
  "min_det": 0.005781290571218332,
  "scale": 0.6226859004390767,
  "rot_deg": -5.596083330332242,
  "dx_mm": 25.594014159338634,
  "dy_mm": -29.674046847409482
}