{
  "label": "bike",
  "ds_mm": 2.0,
  "min_det": 0.006584093913496779,
  "scale": 0.6316253341151978,
  "rot_deg": -4.554171683072575,
  "dx_mm": -29.142698868596703,
  "dy_mm": 6.495847036907648
}