{
  "label": "bike",
  "ds_mm": 2.0,
  "scale": 1.4472152457967973,
  "rot_deg": 28.5378290806146,
  "dx_mm": -5.669363344246598,
  "dy_mm": 13.329896933204097
}