{
  "label": "bike",
  "ds_mm": 2.0,
  "scale": 1.4835603253901173,
  "rot_deg": -29.772748953818464,
  "dx_mm": 26.489097394424398,
  "dy_mm": -22.763881847937984
}