{
  "label": "bike",
  "ds_mm": 2.0,
  "min_det": 0.0057518307112499984,
  "scale": 0.9676575734015498,
  "rot_deg": 7.726976917707816,
  "dx_mm": 7.8651917644325025,
  "dy_mm": 4.42257075987375
}