{
  "label": "bike",
  "ds_mm": 2.0,
  "min_det": 0.005463236746269129,
  "scale": 1.4463656472248905,
  "rot_deg": 5.411038147041303,
  "dx_mm": 20.087507122366276,
  "dy_mm": -14.157431132830876
}