{
  "label": "bike",
  "ds_mm": 2.0,
  "min_det": 0.005837987038716647,
  "scale": 1.3393776006435079,
  "rot_deg": -37.42273121561599,
  "dx_mm": -9.513807764406522,
  "dy_mm": 20.76722240103541
}