{
  "label": "bike",
  "ds_mm": 2.0,
  "min_det": 0.006124560827602053,
  "scale": 1.084787685220218,
  "rot_deg": -24.26294366156925,
  "dx_mm": -27.4591020017738,
  "dy_mm": 5.882164112500753
}