{
  "label": "bike",
  "ds_mm": 2.0,
  "min_det": 0.0054922506447389885,
  "scale": 1.36314675705675,
  "rot_deg": 5.729446026773097,
  "dx_mm": -1.2279099850633663,
  "dy_mm": 28.96863029734118
}