{
  "label": "bike",
  "ds_mm": 2.0,
  "min_det": 0.005867413870801379,
  "scale": 0.9659967984566715,
  "rot_deg": 14.691929711508159,
  "dx_mm": -5.838981648800271,
  "dy_mm": -20.149866941493613
}