{
  "label": "bike",
  "ds_mm": 2.0,
  "min_det": 0.005730650605369207,
  "scale": 1.289392175440847,
  "rot_deg": 33.01468749443009,
  "dx_mm": -18.778871087169467,
  "dy_mm": 6.152637321893806
}