{
  "label": "bike",
  "ds_mm": 2.0,
  "min_det": 0.0056027544447611495,
  "scale": 1.2577784889155994,
  "rot_deg": -4.565046892555635,
  "dx_mm": 9.880898297040147,
  "dy_mm": -5.45142635935624
}