{
  "label": "bike",
  "ds_mm": 2.0,
  "scale": 0.7028309088474651,
  "rot_deg": 31.11799226535939,
  "dx_mm": 26.960756281883064,
  "dy_mm": -18.987309853346634
}