{
  "label": "bike",
  "ds_mm": 2.0,
  "min_det": 0.005816002742803624,
  "scale": 1.3187963155205233,
  "rot_deg": -37.83802040107506,
  "dx_mm": -15.517416413958545,
  "dy_mm": -6.182091232040907
}