{
  "label": "bike",
  "ds_mm": 2.0,
  "scale": 0.8331112248915943,
  "rot_deg": 36.46455735429278,
  "dx_mm": -19.60680933607747,
  "dy_mm": -0.7485829969720612
}