{
  "label": "bike",
  "ds_mm": 2.0,
  "min_det": 0.0061574052377154,
  "scale": 0.6302102164327561,
  "rot_deg": -5.033671096397121,
  "dx_mm": -8.044097948923397,
  "dy_mm": -24.938528880948354
}