{
  "label": "bike",
  "ds_mm": 2.0,
  "min_det": 0.005774159675510139,
  "scale": 1.0527454763637711,
  "rot_deg": -10.8076483729484,
  "dx_mm": -3.603331323598873,
  "dy_mm": -20.843137068645596
}