{
  "label": "bike",
  "ds_mm": 2.0,
  "min_det": 0.005795031815668043,
  "scale": 1.438316015045507,
  "rot_deg": -24.365134276839246,
  "dx_mm": -17.65486609644867,
  "dy_mm": 24.77525035740848
}