{
  "label": "bike",
  "ds_mm": 2.0,
  "scale": 0.7707396430162441,
  "rot_deg": -30.127835402868847,
  "dx_mm": -28.88381036969575,
  "dy_mm": -6.510823954597239
}