{
  "label": "bike",
  "ds_mm": 2.0,
  "min_det": 0.0054796297166878555,
  "scale": 1.4286812581779251,
  "rot_deg": 19.186134064728236,
  "dx_mm": 10.498417617312782,
  "dy_mm": -11.492789260437654
}