{
  "label": "bike",
  "ds_mm": 2.0,
  "scale": 0.792145647213097,
  "rot_deg": 12.240120447921427,
  "dx_mm": -2.082238589040209,
  "dy_mm": 19.057212736331564
}