{
  "label": "bike",
  "ds_mm": 2.0,
  "scale": 1.485388971785191,
  "rot_deg": -14.79625549828371,
  "dx_mm": 23.606352060599377,
  "dy_mm": 13.183542337291009
}