{
  "label": "bike",
  "ds_mm": 2.0,
  "min_det": 0.005662764608500181,
  "scale": 1.3111531612398621,
  "rot_deg": -42.78034893560159,
  "dx_mm": 14.01958506438936,
  "dy_mm": 8.040202423291007
}