{
  "label": "bike",
  "ds_mm": 2.0,
  "scale": 1.1568910347999095,
  "rot_deg": 8.484664336616184,
  "dx_mm": 6.10216683567571,
  "dy_mm": 16.38030697314617
}