{
  "label": "bike",
  "ds_mm": 2.0,
  "scale": 1.237061462518695,
  "rot_deg": 20.496749842527976,
  "dx_mm": 6.072275235962991,
  "dy_mm": -4.221259803805076
}