{
  "label": "bike",
  "ds_mm": 2.0,
  "scale": 1.2894041339864888,
  "rot_deg": 9.691647858475804,
  "dx_mm": -16.74851431757937,
  "dy_mm": -16.832625425981096
}