{
  "label": "bike",
  "ds_mm": 2.0,
  "min_det": 0.006020269419139085,
  "scale": 0.9794160322015169,
  "rot_deg": 43.16919156279663,
  "dx_mm": -17.43541480203679,
  "dy_mm": 5.940090708692821
}