{
  "label": "bike",
  "ds_mm": 2.0,
  "scale": 1.3962598912067112,
  "rot_deg": 20.66765523595791,
  "dx_mm": -15.793604229816573,
  "dy_mm": 7.4312009587343155
}