{
  "label": "bike",
  "ds_mm": 2.0,
  "scale": 1.139176554918216,
  "rot_deg": 17.765002801341566,
  "dx_mm": 17.526242783075865,
  "dy_mm": 9.047694275776728
}