{
  "label": "bike",
  "ds_mm": 2.0,
  "scale": 1.1233669626258325,
  "rot_deg": -19.341963148647604,
  "dx_mm": -10.79848839113862,
  "dy_mm": 17.628474167909644
}