{
  "label": "bike",
  "ds_mm": 2.0,
  "min_det": 0.005456080184888011,
  "scale": 1.4347925128226175,
  "rot_deg": -20.46337510238051,
  "dx_mm": 19.115486197765577,
  "dy_mm": -26.269487218196794
}