{
  "label": "circle",
  "ds_mm": 2.0,
  "min_det": 0.006135683023184854,
  "scale": 1.360546726588856,
  "rot_deg": -13.061440685957098,
  "dx_mm": -12.924563115602151,
  "dy_mm": 1.5527092293982854
}