{
  "label": "circle",
  "ds_mm": 2.0,
  "min_det": 0.005852571891082502,
  "scale": 1.332470657916644,
  "rot_deg": 2.239991382593587,
  "dx_mm": 12.647577048417581,
  "dy_mm": 14.039622541255518
}