{
  "label": "circle",
  "ds_mm": 2.0,
  "min_det": 0.005799940643297274,
  "scale": 1.1068464240975944,
  "rot_deg": -9.390908966465119,
  "dx_mm": 26.943998855029946,
  "dy_mm": -3.3181188350380637
}