{
  "label": "circle",
  "ds_mm": 2.0,
  "min_det": 0.006307352019408156,
  "scale": 1.3730757679558039,
  "rot_deg": 14.547704172779845,
  "dx_mm": -26.227728100510173,
  "dy_mm": 1.270372354123083
}