{
  "label": "circle",
  "ds_mm": 2.0,
  "min_det": 0.0064664821166534985,
  "scale": 0.6981567136828611,
  "rot_deg": 32.79027554418356,
  "dx_mm": -11.304747546998712,
  "dy_mm": -7.421352758430896
}