{
  "label": "circle",
  "ds_mm": 2.0,
  "min_det": 0.005730817151782954,
  "scale": 1.3897168878687678,
  "rot_deg": -3.394073289376138,
  "dx_mm": 21.288141686673427,
  "dy_mm": -13.452203766086061
}