{
  "label": "circle",
  "ds_mm": 2.0,
  "min_det": 0.006457706618582455,
  "scale": 0.860280058960978,
  "rot_deg": 41.355321852408935,
  "dx_mm": -14.79419533112072,
  "dy_mm": 14.07421453237422
}