{
  "label": "circle",
  "ds_mm": 2.0,
  "min_det": 0.0059646730007149075,
  "scale": 1.4452797762389669,
  "rot_deg": -44.94883388666469,
  "dx_mm": -9.311215883992876,
  "dy_mm": 26.638158992596168
}