{
  "label": "circle",
  "ds_mm": 2.0,
  "min_det": 0.006091853863377534,
  "scale": 1.160509249390805,
  "rot_deg": 19.410937867971896,
  "dx_mm": -2.7220116379248154,
  "dy_mm": 0.3058841303120019
}