{
  "label": "circle",
  "ds_mm": 2.0,
  "min_det": 0.005743134175898894,
  "scale": 1.3693841038019903,
  "rot_deg": -44.87965760523065,
  "dx_mm": 18.35638461694856,
  "dy_mm": -18.300335402315024
}