{
  "label": "circle",
  "ds_mm": 2.0,
  "min_det": 0.006506773204633117,
  "scale": 0.8285106675288715,
  "rot_deg": 43.06084255703759,
  "dx_mm": -18.14551145276507,
  "dy_mm": 0.5839405603098982
}