{
  "label": "circle",
  "ds_mm": 2.0,
  "min_det": 0.006021024154813563,
  "scale": 1.0945997862437835,
  "rot_deg": 27.328054130172575,
  "dx_mm": 6.623609055132022,
  "dy_mm": 17.05499060348776
}