{
  "label": "circle",
  "ds_mm": 2.0,
  "min_det": 0.00569543460107139,
  "scale": 1.2983767430565893,
  "rot_deg": 27.828967193444157,
  "dx_mm": 24.406638089200904,
  "dy_mm": -20.157163227353657
}