{
  "label": "circle",
  "ds_mm": 2.0,
  "min_det": 0.005766432258905076,
  "scale": 1.4839201369801804,
  "rot_deg": 1.3448604436444782,
  "dx_mm": 13.644502438491863,
  "dy_mm": 17.42335826645232
}