{
  "label": "circle",
  "ds_mm": 2.0,
  "min_det": 0.005765623074206558,
  "scale": 1.063847658197138,
  "rot_deg": 36.517376058577184,
  "dx_mm": 22.485795923612464,
  "dy_mm": -26.055347748026403
}