{
  "label": "circle",
  "ds_mm": 2.0,
  "min_det": 0.006167996540741128,
  "scale": 0.976355974118193,
  "rot_deg": 32.67388856449895,
  "dx_mm": -2.074388510360773,
  "dy_mm": -0.6886396331874209
}