{
  "label": "circle",
  "ds_mm": 2.0,
  "min_det": 0.0060806281947795165,
  "scale": 0.8276451640815513,
  "rot_deg": -1.8016123861238356,
  "dx_mm": 13.054883816126925,
  "dy_mm": 10.491710187439033
}