{
  "label": "circle",
  "ds_mm": 2.0,
  "min_det": 0.0058729554458103045,
  "scale": 0.9222100425244724,
  "rot_deg": 1.1583334801605716,
  "dx_mm": 25.068843673881105,
  "dy_mm": 24.49726200090204
}