{
  "label": "circle",
  "ds_mm": 2.0,
  "min_det": 0.006110287567409547,
  "scale": 0.7947317345530046,
  "rot_deg": -11.547406481552862,
  "dx_mm": 11.602415090207309,
  "dy_mm": 21.33537944646671
}