{
  "label": "circle",
  "ds_mm": 2.0,
  "min_det": 0.006028209752659535,
  "scale": 0.6407943549743543,
  "rot_deg": -28.91036879547161,
  "dx_mm": 16.942502801497632,
  "dy_mm": -28.07228710578495
}