{
  "label": "circle",
  "ds_mm": 2.0,
  "min_det": 0.006695759061559999,
  "scale": 0.8885633199248071,
  "rot_deg": -24.73516321934656,
  "dx_mm": -27.74129726259386,
  "dy_mm": 24.31666755586989
}