{
  "label": "circle",
  "ds_mm": 2.0,
  "min_det": 0.006579129540590287,
  "scale": 0.8628183438944548,
  "rot_deg": -25.288805508370313,
  "dx_mm": -27.660257693951536,
  "dy_mm": -26.42305503651013
}