{
  "label": "circle",
  "ds_mm": 2.0,
  "min_det": 0.005945496610984745,
  "scale": 1.272757282702499,
  "rot_deg": -40.553707945501614,
  "dx_mm": 0.8555383539638548,
  "dy_mm": 26.026447956103695
}