{
  "label": "circle",
  "ds_mm": 2.0,
  "min_det": 0.006428557350939754,
  "scale": 0.8339821322514219,
  "rot_deg": -31.089378484299026,
  "dx_mm": -11.219734388378999,
  "dy_mm": 19.66210032657265
}