{
  "label": "circle",
  "ds_mm": 2.0,
  "min_det": 0.006210678920600237,
  "scale": 0.626846216238922,
  "rot_deg": -34.78586450567059,
  "dx_mm": 10.784874164162808,
  "dy_mm": 14.55210756582936
}