{
  "label": "circle",
  "ds_mm": 2.0,
  "min_det": 0.0062442149277734576,
  "scale": 0.7253140920980707,
  "rot_deg": 30.829929617207625,
  "dx_mm": 3.367334389536161,
  "dy_mm": 1.480760718651755
}