{
  "label": "circle",
  "ds_mm": 2.0,
  "min_det": 0.006121676206720211,
  "scale": 0.9078922205671167,
  "rot_deg": -27.73932259835512,
  "dx_mm": 5.214087703233602,
  "dy_mm": -2.0965643533895353
}