{
  "label": "circle",
  "ds_mm": 2.0,
  "min_det": 0.006036321216730577,
  "scale": 1.4759559845826677,
  "rot_deg": -36.18401670334064,
  "dx_mm": -14.456439881635584,
  "dy_mm": 26.959476152782102
}