{
  "label": "circle",
  "ds_mm": 2.0,
  "min_det": 0.005983659431613513,
  "scale": 1.1332554913798716,
  "rot_deg": 43.93823603217868,
  "dx_mm": 4.528177976263997,
  "dy_mm": -3.0644382929577105
}