{
  "label": "circle",
  "ds_mm": 2.0,
  "min_det": 0.006560028511069098,
  "scale": 1.0993324683284733,
  "rot_deg": 10.204982956686479,
  "dx_mm": -28.619757764269245,
  "dy_mm": 12.851960267959605
}