{
  "label": "circle",
  "ds_mm": 2.0,
  "min_det": 0.006340111845595832,
  "scale": 0.7537676213963701,
  "rot_deg": -8.199671737876912,
  "dx_mm": -2.0109779694038785,
  "dy_mm": 14.129184383546537
}