{
  "label": "circle",
  "ds_mm": 2.0,
  "min_det": 0.006396776759660527,
  "scale": 1.2560900562164994,
  "rot_deg": -44.86825856142099,
  "dx_mm": -28.271326518475327,
  "dy_mm": 25.58129482565041
}