{
  "label": "circle",
  "ds_mm": 2.0,
  "min_det": 0.0059003951015242796,
  "scale": 0.8060212475023961,
  "rot_deg": -13.157319140034971,
  "dx_mm": 28.769183103580346,
  "dy_mm": 0.5345690967019365
}