{
  "label": "circle",
  "ds_mm": 2.0,
  "min_det": 0.006097478517724242,
  "scale": 0.6289766754477077,
  "rot_deg": 4.265982400977599,
  "dx_mm": 16.729898497641976,
  "dy_mm": -10.197825523200017
}