{
  "label": "circle",
  "ds_mm": 2.0,
  "min_det": 0.005794360143162751,
  "scale": 1.383936631905024,
  "rot_deg": -2.4375574697901783,
  "dx_mm": 16.698941427201454,
  "dy_mm": 10.22919566036208
}