{
  "label": "circle",
  "ds_mm": 2.0,
  "min_det": 0.006240920324696117,
  "scale": 1.0953746476713475,
  "rot_deg": 28.57848379428974,
  "dx_mm": -15.768405138874957,
  "dy_mm": -15.703847860464839
}