{
  "label": "circle",
  "ds_mm": 2.0,
  "min_det": 0.0059392761270976,
  "scale": 1.1194673590297997,
  "rot_deg": -2.218974254352787,
  "dx_mm": 11.975071720231092,
  "dy_mm": -4.28737398653562
}