{
  "label": "circle",
  "ds_mm": 2.0,
  "min_det": 0.006040962159935742,
  "scale": 1.4170313414170683,
  "rot_deg": -31.932765270302557,
  "dx_mm": -8.280859582575314,
  "dy_mm": 4.124747922825385
}