{
  "label": "circle",
  "ds_mm": 2.0,
  "min_det": 0.006184641060094542,
  "scale": 0.723141266014468,
  "rot_deg": 1.6440321627416878,
  "dx_mm": 4.803691348392896,
  "dy_mm": -16.76909677508042
}