{
  "label": "circle",
  "ds_mm": 2.0,
  "min_det": 0.006622392725529609,
  "scale": 0.6293965589740186,
  "rot_deg": -41.6116138903402,
  "dx_mm": -14.22207124420706,
  "dy_mm": 15.623967089686737
}