{
  "label": "circle",
  "ds_mm": 2.0,
  "min_det": 0.0060617340768833565,
  "scale": 0.6906404778856555,
  "rot_deg": -20.98867077959361,
  "dx_mm": 16.29152122113726,
  "dy_mm": -14.326573243560468
}