{
  "label": "circle",
  "ds_mm": 2.0,
  "min_det": 0.006410954928981159,
  "scale": 1.1093001481023979,
  "rot_deg": -38.71078149241041,
  "dx_mm": -25.284847803384416,
  "dy_mm": -13.978055198125428
}