{
  "label": "circle",
  "ds_mm": 2.0,
  "min_det": 0.006100218788217717,
  "scale": 0.8506303511113072,
  "rot_deg": 34.95391448948705,
  "dx_mm": 2.939738787370473,
  "dy_mm": -20.478189847216157
}