{
  "label": "circle",
  "ds_mm": 2.0,
  "min_det": 0.005927533656962125,
  "scale": 0.9628895678458147,
  "rot_deg": 26.027821694764185,
  "dx_mm": 18.430494003557975,
  "dy_mm": 26.240324790084927
}