{
  "label": "circle",
  "ds_mm": 2.0,
  "min_det": 0.006664396044652786,
  "scale": 0.8209592500312495,
  "rot_deg": 8.21590008869272,
  "dx_mm": -22.983359915536735,
  "dy_mm": 17.530373824368937
}