{
  "label": "circle",
  "ds_mm": 2.0,
  "min_det": 0.006405269394663976,
  "scale": 1.044883905795836,
  "rot_deg": 36.59761923759831,
  "dx_mm": -18.674235875407014,
  "dy_mm": 27.35610977524417
}