{
  "label": "circle",
  "ds_mm": 2.0,
  "min_det": 0.006115933591172255,
  "scale": 1.4567009004811697,
  "rot_deg": -22.939872670660723,
  "dx_mm": -14.878617950603914,
  "dy_mm": 12.01576389836385
}