{
  "label": "circle",
  "ds_mm": 2.0,
  "min_det": 0.0059559631894803445,
  "scale": 1.354118572807073,
  "rot_deg": -41.6024432177713,
  "dx_mm": -4.554082561675482,
  "dy_mm": 28.137182750401536
}