{
  "label": "circle",
  "ds_mm": 2.0,
  "min_det": 0.005719245752834271,
  "scale": 1.3821540097616445,
  "rot_deg": -19.212358625620872,
  "dx_mm": 19.428164455390622,
  "dy_mm": -23.522909894920943
}