{
  "label": "circle",
  "ds_mm": 2.0,
  "min_det": 0.006098804084106587,
  "scale": 1.1840069604524965,
  "rot_deg": 25.96030202283974,
  "dx_mm": -3.448608966136863,
  "dy_mm": 25.175616570751515
}