{
  "label": "circle",
  "ds_mm": 2.0,
  "min_det": 0.006053650525102882,
  "scale": 1.2060921314316797,
  "rot_deg": 35.114438859780705,
  "dx_mm": -0.937837250684705,
  "dy_mm": 16.522769811307015
}