{
  "label": "circle",
  "ds_mm": 2.0,
  "min_det": 0.005908577320822205,
  "scale": 1.444068375484886,
  "rot_deg": 14.287096570519736,
  "dx_mm": 2.5411732538392897,
  "dy_mm": 3.2242733078487973
}