{
  "label": "circle",
  "ds_mm": 2.0,
  "min_det": 0.005824979602141792,
  "scale": 1.4841058054392016,
  "rot_deg": -7.331000263253017,
  "dx_mm": 8.2039895267325,
  "dy_mm": -7.357697066446981
}