{
  "label": "circle",
  "ds_mm": 2.0,
  "min_det": 0.005817159414820225,
  "scale": 1.3931762602369155,
  "rot_deg": 40.78680496494228,
  "dx_mm": 9.11822603858986,
  "dy_mm": 27.721765790813492
}