{
  "label": "circle",
  "ds_mm": 2.0,
  "min_det": 0.006093990699232088,
  "scale": 0.8897761439678702,
  "rot_deg": -21.860330836815,
  "dx_mm": 9.249777574934022,
  "dy_mm": 9.930543406215143
}