{
  "label": "circle",
  "ds_mm": 2.0,
  "min_det": 0.006258972069225856,
  "scale": 1.0973543217555393,
  "rot_deg": 24.108606741333574,
  "dx_mm": -10.722974206989576,
  "dy_mm": 20.41228990635576
}