{
  "label": "circle",
  "ds_mm": 2.0,
  "min_det": 0.005961112018046735,
  "scale": 0.9952151636151982,
  "rot_deg": -8.482290676912804,
  "dx_mm": 15.783770357178206,
  "dy_mm": 1.0626976586171253
}