{
  "label": "circle",
  "ds_mm": 2.0,
  "min_det": 0.006332320919586907,
  "scale": 0.8209876061561648,
  "rot_deg": 24.20000742284664,
  "dx_mm": -5.0565842723545344,
  "dy_mm": 8.73257932611208
}