{
  "label": "circle",
  "ds_mm": 2.0,
  "min_det": 0.0061722157860013074,
  "scale": 1.231628262258988,
  "rot_deg": -34.717795372429634,
  "dx_mm": -13.505824022777539,
  "dy_mm": 29.93064154627818
}