{
  "label": "circle",
  "ds_mm": 2.0,
  "min_det": 0.006009285233741787,
  "scale": 0.6399375607021206,
  "rot_deg": 16.343186173586297,
  "dx_mm": 25.881453438915237,
  "dy_mm": 9.260460860902135
}