{
  "label": "circle",
  "ds_mm": 2.0,
  "min_det": 0.006130420115855912,
  "scale": 0.8106995432308315,
  "rot_deg": -18.33213235653079,
  "dx_mm": 7.931667932003876,
  "dy_mm": -6.126923779314982
}