{
  "label": "circle",
  "ds_mm": 2.0,
  "min_det": 0.005849206978864953,
  "scale": 0.9617642027037072,
  "rot_deg": 2.781982455176596,
  "dx_mm": 27.935638368306016,
  "dy_mm": 3.3150750787081193
}