{
  "label": "circle",
  "ds_mm": 2.0,
  "min_det": 0.005945851836332709,
  "scale": 1.2674013062785847,
  "rot_deg": 11.3265413542086,
  "dx_mm": 6.227454993361569,
  "dy_mm": 2.631467881996066
}