{
  "label": "circle",
  "ds_mm": 2.0,
  "min_det": 0.00573163579861196,
  "scale": 1.3242537100215583,
  "rot_deg": 21.296004027749305,
  "dx_mm": 26.101194171794525,
  "dy_mm": 2.8524261610100936
}