{
  "label": "circle",
  "ds_mm": 2.0,
  "min_det": 0.005946853371776949,
  "scale": 1.4790550583555595,
  "rot_deg": 34.16269690922174,
  "dx_mm": -3.4873215255474506,
  "dy_mm": 7.754510414313621
}