{
  "label": "circle",
  "ds_mm": 2.0,
  "min_det": 0.006046812658281357,
  "scale": 0.7829325130183722,
  "rot_deg": -14.037632640672943,
  "dx_mm": 17.359978449862233,
  "dy_mm": 11.487728224151546
}