{
  "label": "circle",
  "ds_mm": 2.0,
  "min_det": 0.006732518838691118,
  "scale": 0.8373414864609745,
  "rot_deg": -34.06621586405213,
  "dx_mm": -28.7748100081592,
  "dy_mm": 3.1185600560132585
}