{
  "label": "circle",
  "ds_mm": 2.0,
  "min_det": 0.0058759691232568995,
  "scale": 1.2448341180085518,
  "rot_deg": 24.514318248752772,
  "dx_mm": 12.197620219448211,
  "dy_mm": -1.8218476902901202
}