{
  "label": "circle",
  "ds_mm": 2.0,
  "min_det": 0.006013889897342082,
  "scale": 0.7282284847547855,
  "rot_deg": 44.041162687716394,
  "dx_mm": 17.598497519114375,
  "dy_mm": -10.39046864893794
}