{
  "label": "circle",
  "ds_mm": 2.0,
  "min_det": 0.005946108886586392,
  "scale": 0.8484455993256838,
  "rot_deg": -10.357787379549436,
  "dx_mm": 20.823671990655804,
  "dy_mm": -11.036548409480666
}