{
  "label": "circle",
  "ds_mm": 2.0,
  "min_det": 0.006183891773856265,
  "scale": 1.379862366894966,
  "rot_deg": -35.249727042508354,
  "dx_mm": -17.731115172036276,
  "dy_mm": 6.228602050597885
}