{
  "label": "circle",
  "ds_mm": 2.0,
  "min_det": 0.006530131360899659,
  "scale": 0.7438429639899171,
  "rot_deg": -25.633100038401004,
  "dx_mm": -13.160545513977155,
  "dy_mm": 19.787543329374614
}