{
  "label": "circle",
  "ds_mm": 2.0,
  "min_det": 0.00618393955834989,
  "scale": 0.995668689402349,
  "rot_deg": -11.770186036974586,
  "dx_mm": -1.1850340266468962,
  "dy_mm": 12.623717002155502
}