{
  "label": "circle",
  "ds_mm": 2.0,
  "min_det": 0.0057004305974047206,
  "scale": 1.4870357873324362,
  "rot_deg": -34.864063109813706,
  "dx_mm": 21.488599422470713,
  "dy_mm": 1.971944594803965
}