{
  "label": "circle",
  "ds_mm": 2.0,
  "min_det": 0.0059359870310640335,
  "scale": 1.467614990812713,
  "rot_deg": 44.25964365810772,
  "dx_mm": -7.701176670204731,
  "dy_mm": -8.57933028638417
}