{
  "label": "circle",
  "ds_mm": 2.0,
  "min_det": 0.006308431176034723,
  "scale": 0.6911685337429225,
  "rot_deg": -35.62336406297732,
  "dx_mm": 0.8544329600050489,
  "dy_mm": 0.9647930326134038
}