{
  "label": "circle",
  "ds_mm": 2.0,
  "min_det": 0.006068968033482993,
  "scale": 1.2257086568022908,
  "rot_deg": -37.46503283445764,
  "dx_mm": -3.5718466167886014,
  "dy_mm": 15.936058044415596
}