{
  "label": "circle",
  "ds_mm": 2.0,
  "min_det": 0.005879470019477589,
  "scale": 1.0984003161881244,
  "rot_deg": -9.442692579441335,
  "dx_mm": 17.344962050037523,
  "dy_mm": 23.033976636260576
}