{
  "label": "circle",
  "ds_mm": 2.0,
  "min_det": 0.0061501743199242325,
  "scale": 0.7402145076601281,
  "rot_deg": 4.403267314334975,
  "dx_mm": 11.014820856255213,
  "dy_mm": 22.200780554225844
}