{
  "label": "circle",
  "ds_mm": 2.0,
  "min_det": 0.005818179682945137,
  "scale": 1.3834300063502714,
  "rot_deg": 33.680202108080636,
  "dx_mm": 12.670083359387107,
  "dy_mm": 3.193444679995366
}