{
  "label": "circle",
  "ds_mm": 2.0,
  "min_det": 0.006009879583569971,
  "scale": 0.6856150861429444,
  "rot_deg": 20.247782937448463,
  "dx_mm": 20.086250845335293,
  "dy_mm": -14.26142287292132
}