{
  "label": "circle",
  "ds_mm": 2.0,
  "min_det": 0.0061132591910197645,
  "scale": 1.3087483694705053,
  "rot_deg": 13.065033973574124,
  "dx_mm": -10.25260081826595,
  "dy_mm": -0.9287205126780975
}