{
  "label": "circle",
  "ds_mm": 2.0,
  "min_det": 0.006056229166691692,
  "scale": 1.4512141451859706,
  "rot_deg": 1.6180614875268802,
  "dx_mm": -9.71924105674644,
  "dy_mm": 6.588159814932524
}