{
  "label": "circle",
  "ds_mm": 2.0,
  "min_det": 0.006154387112725504,
  "scale": 0.6267748699628362,
  "rot_deg": -33.91742890801721,
  "dx_mm": 13.660047482647833,
  "dy_mm": 27.14787407978921
}