{
  "label": "circle",
  "ds_mm": 2.0,
  "min_det": 0.005881016370330573,
  "scale": 1.0145976624419784,
  "rot_deg": 33.32108009760901,
  "dx_mm": 21.78335897500677,
  "dy_mm": 8.386276179046469
}