{
  "label": "circle",
  "ds_mm": 2.0,
  "min_det": 0.0065395629889086265,
  "scale": 1.0069376075809884,
  "rot_deg": -39.85143440473013,
  "dx_mm": -25.699481489004732,
  "dy_mm": 2.8056451284179857
}