{
  "label": "circle",
  "ds_mm": 2.0,
  "min_det": 0.005766531867255363,
  "scale": 1.421936769313145,
  "rot_deg": -15.982684342237533,
  "dx_mm": 18.216916732565096,
  "dy_mm": -3.3641108153155983
}