{
  "label": "circle",
  "ds_mm": 2.0,
  "min_det": 0.00564752231394042,
  "scale": 1.3994391310494332,
  "rot_deg": 39.56416788610579,
  "dx_mm": 26.716417587641793,
  "dy_mm": -16.637469340628343
}