{
  "label": "circle",
  "ds_mm": 2.0,
  "min_det": 0.005744679081892354,
  "scale": 1.4888973942458694,
  "rot_deg": 15.678624049258708,
  "dx_mm": 9.212996815182294,
  "dy_mm": -23.106274793084935
}