{
  "label": "circle",
  "ds_mm": 2.0,
  "min_det": 0.00640164357131301,
  "scale": 0.8294101593068037,
  "rot_deg": -13.031572087626419,
  "dx_mm": -12.280007871420501,
  "dy_mm": -11.523429026423745
}