{
  "label": "circle",
  "ds_mm": 2.0,
  "min_det": 0.006125416502630712,
  "scale": 1.3659473671976232,
  "rot_deg": -1.0924964340275451,
  "dx_mm": -20.874438038208364,
  "dy_mm": -27.269591689663187
}