{
  "label": "circle",
  "ds_mm": 2.0,
  "min_det": 0.005825449424669409,
  "scale": 1.0860827012828036,
  "rot_deg": -14.194197754567885,
  "dx_mm": 22.532281610035618,
  "dy_mm": -14.298878860818999
}