{
  "label": "circle",
  "ds_mm": 2.0,
  "min_det": 0.006008029197433584,
  "scale": 1.0407323612196837,
  "rot_deg": -28.168416680151665,
  "dx_mm": 8.136717737785645,
  "dy_mm": 23.518817333812592
}