{
  "label": "circle",
  "ds_mm": 2.0,
  "min_det": 0.006177808524150282,
  "scale": 1.338762994816597,
  "rot_deg": 10.967591672485717,
  "dx_mm": -14.250110013386802,
  "dy_mm": 20.37484125046163
}