{
  "label": "circle",
  "ds_mm": 2.0,
  "min_det": 0.006031901611826216,
  "scale": 0.77145149004758,
  "rot_deg": -33.31297584167363,
  "dx_mm": 18.025348539413848,
  "dy_mm": 2.083513910143239
}