{
  "label": "circle",
  "ds_mm": 2.0,
  "min_det": 0.006040445039184932,
  "scale": 1.0006096037047716,
  "rot_deg": -29.31872864092096,
  "dx_mm": 8.45775175671178,
  "dy_mm": 2.9415170263604224
}