{
  "label": "circle",
  "ds_mm": 2.0,
  "min_det": 0.006334003972286019,
  "scale": 1.2328464633977467,
  "rot_deg": 40.79858262809499,
  "dx_mm": -22.168191546270656,
  "dy_mm": 18.842435809148924
}