{
  "label": "circle",
  "ds_mm": 2.0,
  "min_det": 0.006239385229760759,
  "scale": 1.0401225425908145,
  "rot_deg": -21.331283520362764,
  "dx_mm": -7.155818877640314,
  "dy_mm": 18.841316265811287
}