{
  "label": "circle",
  "ds_mm": 2.0,
  "min_det": 0.006158935231238401,
  "scale": 1.431125025161673,
  "rot_deg": 16.539110006734546,
  "dx_mm": -26.373981772147005,
  "dy_mm": -24.435883673143337
}