{
  "label": "circle",
  "ds_mm": 2.0,
  "min_det": 0.006153523785454496,
  "scale": 1.0429461453691773,
  "rot_deg": -11.433182106226745,
  "dx_mm": -1.134525434217629,
  "dy_mm": 6.562680234973641
}