{
  "label": "circle",
  "ds_mm": 2.0,
  "min_det": 0.005750222444238606,
  "scale": 1.2480219770254461,
  "rot_deg": -39.16766298090609,
  "dx_mm": 21.166262293340438,
  "dy_mm": 18.09841382303295
}