{
  "label": "circle",
  "ds_mm": 2.0,
  "min_det": 0.006116820256090835,
  "scale": 1.1184083980124708,
  "rot_deg": 37.39689821594719,
  "dx_mm": -2.460750768181505,
  "dy_mm": 20.8625820106258
}