{
  "label": "circle",
  "ds_mm": 2.0,
  "min_det": 0.006020768139951312,
  "scale": 0.6009341347823663,
  "rot_deg": 19.8038417083076,
  "dx_mm": 26.280456395394353,
  "dy_mm": 18.49461986734145
}