{
  "label": "circle",
  "ds_mm": 2.0,
  "min_det": 0.005902760189284214,
  "scale": 0.8032888533739092,
  "rot_deg": -17.204853901874408,
  "dx_mm": 27.87428633654026,
  "dy_mm": -5.287225021205614
}