{
  "label": "circle",
  "ds_mm": 2.0,
  "min_det": 0.006207040389584807,
  "scale": 1.276724871209153,
  "rot_deg": 2.124181883465134,
  "dx_mm": -14.053030677816277,
  "dy_mm": 7.64200830191141
}