{
  "label": "circle",
  "ds_mm": 2.0,
  "min_det": 0.005978736058927433,
  "scale": 1.191955157052957,
  "rot_deg": 37.225970520079,
  "dx_mm": 4.057249104714273,
  "dy_mm": 0.9094009702039116
}