{
  "label": "circle",
  "ds_mm": 2.0,
  "min_det": 0.0058573356664247435,
  "scale": 1.1138932064566696,
  "rot_deg": 28.087732076648777,
  "dx_mm": 18.091555193533097,
  "dy_mm": -6.728605142393473
}