{
  "label": "circle",
  "ds_mm": 2.0,
  "min_det": 0.006013393786017381,
  "scale": 1.1085060689584116,
  "rot_deg": -13.235034597776028,
  "dx_mm": 6.957812521738681,
  "dy_mm": 16.8209788546082
}