{
  "label": "circle",
  "ds_mm": 2.0,
  "min_det": 0.005937537566936791,
  "scale": 1.302072080574767,
  "rot_deg": 14.931571011730426,
  "dx_mm": 2.9619211146644417,
  "dy_mm": -7.990535758738375
}