{
  "label": "circle",
  "ds_mm": 2.0,
  "min_det": 0.006464845849686688,
  "scale": 0.7618201199152084,
  "rot_deg": -24.990395859944858,
  "dx_mm": -16.594406269548266,
  "dy_mm": -24.188484057144322
}