{
  "label": "circle",
  "ds_mm": 2.0,
  "min_det": 0.005923148591482819,
  "scale": 1.2709236376247897,
  "rot_deg": 37.72892080661367,
  "dx_mm": 5.587552827095706,
  "dy_mm": 0.09514343866004538
}