{
  "label": "circle",
  "ds_mm": 2.0,
  "min_det": 0.006060568054880863,
  "scale": 1.3345126754111356,
  "rot_deg": 13.499799322249707,
  "dx_mm": -6.23878302653543,
  "dy_mm": 24.832414679664268
}