{
  "label": "circle",
  "ds_mm": 2.0,
  "min_det": 0.005913713681098908,
  "scale": 1.3061254405452307,
  "rot_deg": 21.358899194946588,
  "dx_mm": 4.109285736675467,
  "dy_mm": -9.183935197383363
}