{
  "label": "circle",
  "ds_mm": 2.0,
  "min_det": 0.0058806552378801655,
  "scale": 1.1816775354841471,
  "rot_deg": -22.237643200016862,
  "dx_mm": 15.81220371432834,
  "dy_mm": 5.171116985747169
}