{
  "label": "circle",
  "ds_mm": 2.0,
  "min_det": 0.006031572808278082,
  "scale": 0.9476866982594605,
  "rot_deg": 8.338737053266499,
  "dx_mm": 11.207075956961454,
  "dy_mm": 0.25278408373482364
}