{
  "label": "circle",
  "ds_mm": 2.0,
  "min_det": 0.006306794206196351,
  "scale": 1.3174324332289356,
  "rot_deg": -39.27284942885498,
  "dx_mm": -25.896371060778808,
  "dy_mm": -7.679411875652658
}