{
  "label": "circle",
  "ds_mm": 2.0,
  "min_det": 0.0059630965430393775,
  "scale": 1.0555565543568475,
  "rot_deg": -42.049481549321,
  "dx_mm": 8.205512002859045,
  "dy_mm": 28.55840314716064
}