{
  "label": "circle",
  "ds_mm": 2.0,
  "min_det": 0.0058927605242055795,
  "scale": 1.395544416361553,
  "rot_deg": -41.62280703255628,
  "dx_mm": -3.676016683436739,
  "dy_mm": -29.590422587146982
}