{
  "label": "circle",
  "ds_mm": 2.0,
  "min_det": 0.0059485669010700655,
  "scale": 1.1851060865940357,
  "rot_deg": -22.112905371732342,
  "dx_mm": 6.775672252817557,
  "dy_mm": -11.653304636032434
}