{
  "label": "circle",
  "ds_mm": 2.0,
  "min_det": 0.0059975934514933955,
  "scale": 0.760564272859637,
  "rot_deg": -20.75014247753036,
  "dx_mm": 15.541163500551448,
  "dy_mm": -25.52150176689436
}