{
  "label": "circle",
  "ds_mm": 2.0,
  "min_det": 0.006052266531171638,
  "scale": 0.8698838200367072,
  "rot_deg": -42.083943766822216,
  "dx_mm": 11.382979889770702,
  "dy_mm": -3.304777428214919
}