{
  "label": "circle",
  "ds_mm": 2.0,
  "min_det": 0.0061101320600512815,
  "scale": 1.1235542629691904,
  "rot_deg": 27.726269588166517,
  "dx_mm": -2.5410469081073046,
  "dy_mm": 29.23675325040528
}