{
  "label": "circle",
  "ds_mm": 2.0,
  "min_det": 0.006179147660994622,
  "scale": 1.0082220175300216,
  "rot_deg": -12.137803622855728,
  "dx_mm": -1.8862139887740916,
  "dy_mm": 4.065837367030916
}