{
  "label": "circle",
  "ds_mm": 2.0,
  "min_det": 0.006017295705374933,
  "scale": 0.9676851935650943,
  "rot_deg": 38.73537820710838,
  "dx_mm": 9.097693498140977,
  "dy_mm": -3.4687300972901483
}