{
  "label": "circle",
  "ds_mm": 2.0,
  "min_det": 0.006025685363362414,
  "scale": 1.1130575543016834,
  "rot_deg": 21.620411051230775,
  "dx_mm": 3.6264598470827707,
  "dy_mm": -3.538286982264218
}