{
  "label": "circle",
  "ds_mm": 2.0,
  "min_det": 0.005971528850888942,
  "scale": 1.2379133092582744,
  "rot_deg": 9.993193844533373,
  "dx_mm": 5.397596193353664,
  "dy_mm": 18.969662469948204
}