{
  "label": "circle",
  "ds_mm": 2.0,
  "min_det": 0.005820005363645215,
  "scale": 1.333996720587331,
  "rot_deg": -4.606265139717479,
  "dx_mm": 16.195758930122594,
  "dy_mm": 9.139464654925668
}