{
  "label": "circle",
  "ds_mm": 2.0,
  "min_det": 0.005898193344942672,
  "scale": 1.3932130870571764,
  "rot_deg": -17.621153229533192,
  "dx_mm": 2.8395459771600926,
  "dy_mm": -12.597615779555252
}