{
  "label": "circle",
  "ds_mm": 2.0,
  "min_det": 0.006571946068741961,
  "scale": 0.8947754267716046,
  "rot_deg": -10.1223898556484,
  "dx_mm": -20.996007905514215,
  "dy_mm": 22.35960038231898
}