{
  "label": "circle",
  "ds_mm": 2.0,
  "min_det": 0.006046076252689165,
  "scale": 1.3398898158730939,
  "rot_deg": 32.425737615933755,
  "dx_mm": -9.379997080888813,
  "dy_mm": -6.443478286991361
}