{
  "label": "circle",
  "ds_mm": 2.0,
  "min_det": 0.0063676223479974745,
  "scale": 0.6806521014032039,
  "rot_deg": 34.2855933752824,
  "dx_mm": -7.305731418378098,
  "dy_mm": -18.001971516925025
}