{
  "label": "circle",
  "ds_mm": 2.0,
  "min_det": 0.006023574942789865,
  "scale": 0.6884183052746211,
  "rot_deg": 37.57163338157747,
  "dx_mm": 20.151313360208555,
  "dy_mm": -4.82570194349972
}