{
  "label": "circle",
  "ds_mm": 2.0,
  "min_det": 0.005884727341869566,
  "scale": 1.4662398809553205,
  "rot_deg": -22.101217989865404,
  "dx_mm": -4.162741639993772,
  "dy_mm": -26.592022497881267
}