{
  "label": "circle",
  "ds_mm": 2.0,
  "min_det": 0.006098516643600641,
  "scale": 0.938655753079302,
  "rot_deg": 26.415364930729694,
  "dx_mm": 5.71706542362022,
  "dy_mm": 29.10140447703842
}