{
  "label": "circle",
  "ds_mm": 2.0,
  "min_det": 0.0059714339601220365,
  "scale": 1.0998991843916786,
  "rot_deg": 3.879885051883015,
  "dx_mm": 11.127823386722511,
  "dy_mm": 15.828890118478675
}