{
  "label": "circle",
  "ds_mm": 2.0,
  "min_det": 0.006552155617916968,
  "scale": 0.9159253853349167,
  "rot_deg": -44.05051564410077,
  "dx_mm": -27.089221213380746,
  "dy_mm": -19.306797180636856
}