{
  "label": "circle",
  "ds_mm": 2.0,
  "min_det": 0.005911785241883825,
  "scale": 1.4912427439714637,
  "rot_deg": 2.356299890314631,
  "dx_mm": -0.48306386547489666,
  "dy_mm": 21.69800473625373
}