{
  "label": "circle",
  "ds_mm": 2.0,
  "min_det": 0.006094851591353884,
  "scale": 0.9600263552634619,
  "rot_deg": -32.5199022718208,
  "dx_mm": 5.852520199479237,
  "dy_mm": 13.276606862192502
}