{
  "label": "circle",
  "ds_mm": 2.0,
  "min_det": 0.006444657585865781,
  "scale": 0.6547082362026251,
  "rot_deg": -5.769322526668837,
  "dx_mm": -5.051085135069499,
  "dy_mm": 5.9157094480845345
}