{
  "label": "circle",
  "ds_mm": 2.0,
  "min_det": 0.006326612846435495,
  "scale": 0.9056386455899328,
  "rot_deg": -22.29871704946187,
  "dx_mm": -8.22658384535088,
  "dy_mm": 27.539694317200315
}