{
  "label": "circle",
  "ds_mm": 2.0,
  "min_det": 0.006536224116244049,
  "scale": 0.6653457038635214,
  "rot_deg": -29.890499515960755,
  "dx_mm": -10.593319261577069,
  "dy_mm": 21.991855784101922
}