{
  "label": "circle",
  "ds_mm": 2.0,
  "min_det": 0.005941075523936729,
  "scale": 0.9118936144037479,
  "rot_deg": 44.0451300147984,
  "dx_mm": 19.13709952021378,
  "dy_mm": 4.1328227159139885
}