{
  "label": "circle",
  "ds_mm": 2.0,
  "min_det": 0.0062198953585531356,
  "scale": 1.4950543541435581,
  "rot_deg": 23.062568855221983,
  "dx_mm": -23.85644043582417,
  "dy_mm": 23.04889884759281
}