{
  "label": "circle",
  "ds_mm": 2.0,
  "min_det": 0.006108186894652399,
  "scale": 1.3680062247957478,
  "rot_deg": 25.097907735890985,
  "dx_mm": -12.486804893620551,
  "dy_mm": 2.4974494257585107
}