{
  "label": "circle",
  "ds_mm": 2.0,
  "min_det": 0.006789344092081059,
  "scale": 0.6853401470874559,
  "rot_deg": -13.512399919252505,
  "dx_mm": -24.158476803042177,
  "dy_mm": 13.251556357467486
}