{
  "label": "circle",
  "ds_mm": 2.0,
  "min_det": 0.005799794656167705,
  "scale": 1.4066967176659289,
  "rot_deg": -1.1416575064643482,
  "dx_mm": 15.695198504312764,
  "dy_mm": 2.85377302250874
}