{
  "label": "circle",
  "ds_mm": 2.0,
  "min_det": 0.00576957225640358,
  "scale": 1.0453938198359505,
  "rot_deg": 42.78721868078706,
  "dx_mm": 26.550679345874265,
  "dy_mm": -15.93774275463989
}