{
  "label": "circle",
  "ds_mm": 2.0,
  "min_det": 0.006805033050053318,
  "scale": 0.7092245554997765,
  "rot_deg": -4.431820434417524,
  "dx_mm": -27.88184629944379,
  "dy_mm": -4.292661355359012
}