{
  "label": "circle",
  "ds_mm": 2.0,
  "min_det": 0.006089624536659668,
  "scale": 1.0038377039013524,
  "rot_deg": 31.36016833769429,
  "dx_mm": 1.4678355323509464,
  "dy_mm": -6.723384355705861
}