{
  "label": "circle",
  "ds_mm": 2.0,
  "min_det": 0.006452104825561256,
  "scale": 0.6246366685759898,
  "rot_deg": -12.209130855835596,
  "dx_mm": -6.274664054507259,
  "dy_mm": -7.382378750476995
}