{
  "label": "circle",
  "ds_mm": 2.0,
  "min_det": 0.006250747253275687,
  "scale": 0.9388332864910973,
  "rot_deg": 14.849311773541878,
  "dx_mm": -11.40593695063263,
  "dy_mm": -24.020437223407065
}