{
  "label": "circle",
  "ds_mm": 2.0,
  "min_det": 0.005784103802479248,
  "scale": 1.2806394980897144,
  "rot_deg": -2.2383721890809483,
  "dx_mm": 21.30408504433327,
  "dy_mm": -5.974017288901685
}