{
  "label": "circle",
  "ds_mm": 2.0,
  "min_det": 0.006616092480676114,
  "scale": 0.6106338668633895,
  "rot_deg": -42.85413713302299,
  "dx_mm": -13.3205492765468,
  "dy_mm": 24.009722283523764
}