{
  "label": "circle",
  "ds_mm": 2.0,
  "min_det": 0.006276687460515478,
  "scale": 1.0924833323906926,
  "rot_deg": -36.36105087935019,
  "dx_mm": -15.873714303765421,
  "dy_mm": -13.304328966355492
}