{
  "label": "circle",
  "ds_mm": 2.0,
  "min_det": 0.006516345744627777,
  "scale": 1.1252424727578276,
  "rot_deg": -17.582306425714588,
  "dx_mm": -28.205810409753788,
  "dy_mm": 2.4314623351913696
}