{
  "label": "circle",
  "ds_mm": 2.0,
  "min_det": 0.005915878337921699,
  "scale": 1.3537527798122864,
  "rot_deg": -28.840203535223452,
  "dx_mm": 4.7857840716897755,
  "dy_mm": -2.287490415683642
}