{
  "label": "circle",
  "ds_mm": 2.0,
  "min_det": 0.005826111965859394,
  "scale": 1.3677434731957938,
  "rot_deg": -8.252929864740118,
  "dx_mm": 12.453787304416316,
  "dy_mm": -8.732599669091819
}