{
  "label": "circle",
  "ds_mm": 2.0,
  "min_det": 0.006106818733819607,
  "scale": 0.6808774287460023,
  "rot_deg": -44.12305318198962,
  "dx_mm": 14.243089408545714,
  "dy_mm": 26.665392015993767
}