{
  "label": "circle",
  "ds_mm": 2.0,
  "min_det": 0.00569028982914919,
  "scale": 1.4836419956722358,
  "rot_deg": -19.937986268071857,
  "dx_mm": 24.392746312085542,
  "dy_mm": 1.801237011149741
}