{
  "label": "circle",
  "ds_mm": 2.0,
  "min_det": 0.006293332920786807,
  "scale": 1.1274498535411586,
  "rot_deg": -38.69114335556844,
  "dx_mm": -22.29640824782881,
  "dy_mm": -26.691224531946595
}