{
  "label": "circle",
  "ds_mm": 2.0,
  "min_det": 0.006138080688889652,
  "scale": 1.1496021327085035,
  "rot_deg": -6.641168927118095,
  "dx_mm": -3.8605529114697426,
  "dy_mm": 16.46977025368175
}