{
  "label": "circle",
  "ds_mm": 2.0,
  "min_det": 0.006043489183997855,
  "scale": 0.9049048806031863,
  "rot_deg": 29.241993978095493,
  "dx_mm": 7.027145901488296,
  "dy_mm": -15.745902245169548
}