{
  "label": "circle",
  "ds_mm": 2.0,
  "min_det": 0.006006583160473684,
  "scale": 1.3752370374360616,
  "rot_deg": 21.339540096752046,
  "dx_mm": -5.032501757514357,
  "dy_mm": -1.2546179961236419
}