{
  "label": "circle",
  "ds_mm": 2.0,
  "min_det": 0.0058758896106702605,
  "scale": 1.4939678492342452,
  "rot_deg": 22.594465244325946,
  "dx_mm": 3.859944217354986,
  "dy_mm": 10.183150331731937
}