{
  "label": "circle",
  "ds_mm": 2.0,
  "min_det": 0.006715756503901111,
  "scale": 0.7575846115953342,
  "rot_deg": 8.232544232103358,
  "dx_mm": -29.933506734527853,
  "dy_mm": -23.340682040448478
}