{
  "label": "circle",
  "ds_mm": 2.0,
  "min_det": 0.0057330456320011354,
  "scale": 1.210568631299367,
  "rot_deg": -41.01011929160814,
  "dx_mm": 21.350946547570544,
  "dy_mm": 24.40017152204767
}