{
  "label": "circle",
  "ds_mm": 2.0,
  "min_det": 0.006395502148183327,
  "scale": 1.346292363063209,
  "rot_deg": -17.035212534627476,
  "dx_mm": -29.74791113380416,
  "dy_mm": 2.9026703967169283
}