{
  "label": "circle",
  "ds_mm": 2.0,
  "min_det": 0.005860682150715743,
  "scale": 0.8657145905506836,
  "rot_deg": -2.4177210980847974,
  "dx_mm": 29.419483565072767,
  "dy_mm": 19.61418544256761
}