{
  "label": "circle",
  "ds_mm": 2.0,
  "min_det": 0.005993032877579539,
  "scale": 1.1249072671277776,
  "rot_deg": 24.4142921309532,
  "dx_mm": 6.378144276923933,
  "dy_mm": -0.6707533073353247
}