{
  "label": "circle",
  "ds_mm": 2.0,
  "min_det": 0.006407729531100706,
  "scale": 0.8078572223657097,
  "rot_deg": 0.868347108593376,
  "dx_mm": -8.242782267726241,
  "dy_mm": 22.826403780965585
}