{
  "label": "circle",
  "ds_mm": 2.0,
  "min_det": 0.0061049973495618534,
  "scale": 1.1130748085347841,
  "rot_deg": 13.156057678135781,
  "dx_mm": -1.250173578510399,
  "dy_mm": 1.7513606578911123
}