{
  "label": "circle",
  "ds_mm": 2.0,
  "min_det": 0.005782887398589508,
  "scale": 1.3073137138896622,
  "rot_deg": -21.870786030028036,
  "dx_mm": 20.009322336175813,
  "dy_mm": -7.638381811044198
}