{
  "label": "circle",
  "ds_mm": 2.0,
  "min_det": 0.006289613625086659,
  "scale": 1.2261594613460902,
  "rot_deg": -16.325072142529923,
  "dx_mm": -25.764274180730354,
  "dy_mm": -27.092626612414335
}