{
  "label": "circle",
  "ds_mm": 2.0,
  "min_det": 0.006215663762595236,
  "scale": 0.8965058638610081,
  "rot_deg": 38.812119809414725,
  "dx_mm": -9.387041178761272,
  "dy_mm": -25.252748598613486
}