{
  "label": "circle",
  "ds_mm": 2.0,
  "min_det": 0.0065967305466306985,
  "scale": 0.9940371985143799,
  "rot_deg": 39.944220407344986,
  "dx_mm": -29.22365147656506,
  "dy_mm": 4.232143300448158
}