{
  "label": "circle",
  "ds_mm": 2.0,
  "min_det": 0.006247099157885214,
  "scale": 1.3122293603868909,
  "rot_deg": 38.64999511328011,
  "dx_mm": -25.831786486122954,
  "dy_mm": -13.022549331614123
}