{
  "label": "circle",
  "ds_mm": 2.0,
  "min_det": 0.005901259766811455,
  "scale": 1.3606857982745502,
  "rot_deg": 9.702481823583973,
  "dx_mm": 6.717170234371437,
  "dy_mm": 17.18528776923457
}