{
  "label": "circle",
  "ds_mm": 2.0,
  "min_det": 0.006502359288677349,
  "scale": 0.9892441066637465,
  "rot_deg": -23.611858857781968,
  "dx_mm": -21.824394525425788,
  "dy_mm": 27.983039328078647
}