{
  "label": "circle",
  "ds_mm": 2.0,
  "min_det": 0.005813196514265597,
  "scale": 1.199934942937674,
  "rot_deg": 32.08199841983408,
  "dx_mm": 15.683231687892572,
  "dy_mm": -15.923597438603
}