{
  "label": "circle",
  "ds_mm": 2.0,
  "min_det": 0.0066153655552124895,
  "scale": 0.8923757043833405,
  "rot_deg": -15.035152080769912,
  "dx_mm": -23.340608195220142,
  "dy_mm": 14.977194214882346
}