{
  "label": "circle",
  "ds_mm": 2.0,
  "min_det": 0.005816140865208653,
  "scale": 1.0470305745193997,
  "rot_deg": 25.6124100958434,
  "dx_mm": 18.146134424678124,
  "dy_mm": -27.15709749587311
}