{
  "label": "circle",
  "ds_mm": 2.0,
  "min_det": 0.0059069514286145056,
  "scale": 0.8247968526319762,
  "rot_deg": -38.48555145133455,
  "dx_mm": 20.741063404236314,
  "dy_mm": -25.89666106574298
}