{
  "label": "circle",
  "ds_mm": 2.0,
  "min_det": 0.005790326039310222,
  "scale": 1.1875548487538872,
  "rot_deg": -12.894921537304924,
  "dx_mm": 23.785869259434527,
  "dy_mm": 14.10818854082249
}