{
  "label": "circle",
  "ds_mm": 2.0,
  "min_det": 0.006217043217374294,
  "scale": 0.7229612695337528,
  "rot_deg": -32.7531997359278,
  "dx_mm": 0.24257672114823237,
  "dy_mm": -24.81655886741609
}