{
  "label": "circle",
  "ds_mm": 2.0,
  "min_det": 0.006379762509261077,
  "scale": 0.9329182218752969,
  "rot_deg": -18.358684702871173,
  "dx_mm": -11.856799066514391,
  "dy_mm": 9.40457881058942
}