{
  "label": "circle",
  "ds_mm": 2.0,
  "min_det": 0.0057866387680600385,
  "scale": 1.146565019749616,
  "rot_deg": -35.842743600958066,
  "dx_mm": 19.10386858906127,
  "dy_mm": -28.06164023791713
}