{
  "label": "circle",
  "ds_mm": 2.0,
  "min_det": 0.006761756326133287,
  "scale": 0.6198301646683495,
  "rot_deg": 14.147050479950124,
  "dx_mm": -22.904095981105613,
  "dy_mm": -6.368434574113966
}