{
  "label": "circle",
  "ds_mm": 2.0,
  "min_det": 0.006258187113659372,
  "scale": 0.7079078721415895,
  "rot_deg": 29.991177803918305,
  "dx_mm": -2.368643885445035,
  "dy_mm": -22.07822220322401
}