{
  "label": "circle",
  "ds_mm": 2.0,
  "min_det": 0.005921379224117744,
  "scale": 1.1385563784318382,
  "rot_deg": -29.456436097638715,
  "dx_mm": 7.745132159686207,
  "dy_mm": -22.372972792206347
}