{
  "label": "circle",
  "ds_mm": 2.0,
  "min_det": 0.005951094340563463,
  "scale": 1.2927038245860358,
  "rot_deg": 7.1451942387455745,
  "dx_mm": 4.7909514054823745,
  "dy_mm": 2.0039576814836977
}