{
  "label": "circle",
  "ds_mm": 2.0,
  "min_det": 0.005798588616803987,
  "scale": 1.3531723241621705,
  "rot_deg": 24.783214868875277,
  "dx_mm": 15.196927138609034,
  "dy_mm": -4.939746629033049
}