{
  "label": "circle",
  "ds_mm": 2.0,
  "min_det": 0.006448906910433851,
  "scale": 0.6502781055167359,
  "rot_deg": 44.900499352028135,
  "dx_mm": -7.219762815372299,
  "dy_mm": 1.7990494187562476
}