{
  "label": "circle",
  "ds_mm": 2.0,
  "min_det": 0.005973650662209372,
  "scale": 0.6286854622237115,
  "rot_deg": -26.30437598686666,
  "dx_mm": 28.773975477191158,
  "dy_mm": 16.65590256318078
}