{
  "label": "circle",
  "ds_mm": 2.0,
  "min_det": 0.0062794162687467795,
  "scale": 0.9326106177867151,
  "rot_deg": -21.574606967073322,
  "dx_mm": -6.321968491587725,
  "dy_mm": 27.179740930012272
}