{
  "label": "circle",
  "ds_mm": 2.0,
  "min_det": 0.0067892229403231615,
  "scale": 0.6109872021845443,
  "rot_deg": 24.031976301034405,
  "dx_mm": -25.135523042536725,
  "dy_mm": -10.914035862039317
}