{
  "label": "circle",
  "ds_mm": 2.0,
  "min_det": 0.006705325681521889,
  "scale": 0.6272815051235239,
  "rot_deg": 27.374555757570377,
  "dx_mm": -18.168203398664975,
  "dy_mm": 13.527827762038612
}