{
  "label": "circle",
  "ds_mm": 2.0,
  "min_det": 0.006023247443931991,
  "scale": 0.6770006487116995,
  "rot_deg": -35.30018208757526,
  "dx_mm": 20.898454066699692,
  "dy_mm": -9.108001914957175
}