{
  "label": "circle",
  "ds_mm": 2.0,
  "min_det": 0.006455532415313821,
  "scale": 1.1058981118980977,
  "rot_deg": -34.04786744178499,
  "dx_mm": -24.436277487450024,
  "dy_mm": 26.23397772350583
}