{
  "label": "circle",
  "ds_mm": 2.0,
  "min_det": 0.00675484269264082,
  "scale": 0.7138846692995142,
  "rot_deg": -10.278565227894077,
  "dx_mm": -28.371770129884823,
  "dy_mm": -17.99196465026428
}