{
  "label": "circle",
  "ds_mm": 2.0,
  "min_det": 0.005782981676059654,
  "scale": 1.270199706673981,
  "rot_deg": 11.509881216396359,
  "dx_mm": 15.769356845432064,
  "dy_mm": -21.374873047655882
}