{
  "label": "circle",
  "ds_mm": 2.0,
  "min_det": 0.006147317199077676,
  "scale": 0.8313025290192251,
  "rot_deg": 22.039224203102165,
  "dx_mm": 1.0368341702808408,
  "dy_mm": -20.640497642959687
}