{
  "label": "circle",
  "ds_mm": 2.0,
  "min_det": 0.006122225063026927,
  "scale": 0.8948955423830047,
  "rot_deg": -18.670460033274143,
  "dx_mm": 7.03699965081465,
  "dy_mm": 11.105046063126323
}