{
  "label": "circle",
  "ds_mm": 2.0,
  "min_det": 0.006047833394642591,
  "scale": 1.212226399997467,
  "rot_deg": -16.646341895441196,
  "dx_mm": -1.1878572075011782,
  "dy_mm": -4.259869829368835
}