{
  "label": "circle",
  "ds_mm": 2.0,
  "min_det": 0.006860831540942485,
  "scale": 0.6368188191551838,
  "rot_deg": 37.755344097757146,
  "dx_mm": -27.72406088255592,
  "dy_mm": 3.519166594022977
}