{
  "label": "circle",
  "ds_mm": 2.0,
  "min_det": 0.0060714018612896435,
  "scale": 1.4772981854510263,
  "rot_deg": -6.912030600428267,
  "dx_mm": -12.49077350032766,
  "dy_mm": 1.847485131561907
}