{
  "label": "circle",
  "ds_mm": 2.0,
  "min_det": 0.006555137081399667,
  "scale": 0.6966912097472165,
  "rot_deg": -20.910070510449984,
  "dx_mm": -20.01049971155958,
  "dy_mm": -27.88036463968827
}