{
  "label": "circle",
  "ds_mm": 2.0,
  "min_det": 0.006208327856426063,
  "scale": 1.336919653721743,
  "rot_deg": 17.642622551974718,
  "dx_mm": -18.902196101026767,
  "dy_mm": -1.734097037978021
}