{
  "label": "circle",
  "ds_mm": 2.0,
  "min_det": 0.006345754469297998,
  "scale": 0.8222123412199821,
  "rot_deg": -36.499274345274685,
  "dx_mm": -6.199865825825441,
  "dy_mm": 21.713258209156507
}