{
  "label": "circle",
  "ds_mm": 2.0,
  "min_det": 0.0067980814350972005,
  "scale": 0.7362934063484595,
  "rot_deg": -30.949187880490143,
  "dx_mm": -27.008334188355853,
  "dy_mm": 24.91627293210159
}