{
  "label": "circle",
  "ds_mm": 2.0,
  "min_det": 0.005874343865967091,
  "scale": 1.294045029782307,
  "rot_deg": 32.66889178940876,
  "dx_mm": 8.753467886729311,
  "dy_mm": -4.7344806444244725
}