{
  "label": "circle",
  "ds_mm": 2.0,
  "min_det": 0.0065837203179445565,
  "scale": 0.8336338885458978,
  "rot_deg": -25.319057323318603,
  "dx_mm": -20.012251924691988,
  "dy_mm": 27.57195820650397
}