{
  "label": "circle",
  "ds_mm": 2.0,
  "min_det": 0.005947140576481331,
  "scale": 1.1409026320287936,
  "rot_deg": 4.891185850607634,
  "dx_mm": 11.239816585698634,
  "dy_mm": 1.826692274247712
}