{
  "label": "circle",
  "ds_mm": 2.0,
  "min_det": 0.005755378450745119,
  "scale": 1.3624213909954488,
  "rot_deg": 42.29977114243354,
  "dx_mm": 20.166104144415904,
  "dy_mm": 9.713423336797497
}