{
  "label": "circle",
  "ds_mm": 2.0,
  "min_det": 0.005997210134237493,
  "scale": 0.9012355490905789,
  "rot_deg": 5.851019690396086,
  "dx_mm": 15.257046972758161,
  "dy_mm": -4.375211780547616
}