{
  "label": "circle",
  "ds_mm": 2.0,
  "min_det": 0.006075673929785591,
  "scale": 0.6953064849366427,
  "rot_deg": -6.071130352333782,
  "dx_mm": 18.215610419149918,
  "dy_mm": 20.91574285004232
}