{
  "label": "circle",
  "ds_mm": 2.0,
  "min_det": 0.005853250284482791,
  "scale": 1.0536551222871626,
  "rot_deg": 10.806023333110765,
  "dx_mm": 19.791038289380033,
  "dy_mm": -15.080497678087273
}