{
  "label": "circle",
  "ds_mm": 2.0,
  "min_det": 0.006002669471808281,
  "scale": 0.8547739565557605,
  "rot_deg": 18.14186591141572,
  "dx_mm": 17.39750802074989,
  "dy_mm": 22.556192550475387
}