{
  "label": "circle",
  "ds_mm": 2.0,
  "min_det": 0.006580096576031455,
  "scale": 0.9453480078881342,
  "rot_deg": -5.0856601792098886,
  "dx_mm": -26.609493279876098,
  "dy_mm": -8.921872416243989
}