{
  "label": "circle",
  "ds_mm": 2.0,
  "min_det": 0.0060539892974470376,
  "scale": 1.1415956794850868,
  "rot_deg": -34.102461836109924,
  "dx_mm": 1.2924088686080744,
  "dy_mm": 15.958835004613533
}