{
  "label": "circle",
  "ds_mm": 2.0,
  "min_det": 0.006162016245829107,
  "scale": 1.3558795554951084,
  "rot_deg": -3.651925119809654,
  "dx_mm": -13.60232964282254,
  "dy_mm": 15.813094095330648
}