{
  "label": "circle",
  "ds_mm": 2.0,
  "min_det": 0.006102080002468693,
  "scale": 1.1746470595290655,
  "rot_deg": -37.52399438912515,
  "dx_mm": -5.514273843473337,
  "dy_mm": -8.190319335420618
}