{
  "label": "circle",
  "ds_mm": 2.0,
  "min_det": 0.006333417663497486,
  "scale": 0.8585399757467713,
  "rot_deg": 31.91271358351827,
  "dx_mm": -7.464008849284831,
  "dy_mm": 5.375872315264672
}