{
  "label": "circle",
  "ds_mm": 2.0,
  "min_det": 0.00587468160308437,
  "scale": 1.020246951466386,
  "rot_deg": 36.228847102164764,
  "dx_mm": 16.212246814990216,
  "dy_mm": -17.273577769233817
}