{
  "label": "circle",
  "ds_mm": 2.0,
  "min_det": 0.005600308917182117,
  "scale": 1.3890905046665067,
  "rot_deg": -13.951018262547844,
  "dx_mm": 26.32334720623895,
  "dy_mm": 27.285105939982195
}