{
  "label": "circle",
  "ds_mm": 2.0,
  "min_det": 0.006360190931198228,
  "scale": 0.9259922758440651,
  "rot_deg": -36.00940056348461,
  "dx_mm": -17.285183876735086,
  "dy_mm": -24.144366720742063
}