{
  "label": "circle",
  "ds_mm": 2.0,
  "min_det": 0.0059148162327777665,
  "scale": 0.927925162937709,
  "rot_deg": -35.02848195786012,
  "dx_mm": 19.26642237463082,
  "dy_mm": 24.954200713611975
}