{
  "label": "circle",
  "ds_mm": 2.0,
  "min_det": 0.0058376621249058265,
  "scale": 1.055650998852749,
  "rot_deg": -10.094037620901936,
  "dx_mm": 22.593259500067568,
  "dy_mm": -13.561511478253468
}