{
  "label": "circle",
  "ds_mm": 2.0,
  "min_det": 0.006261833158875581,
  "scale": 1.1059320336402227,
  "rot_deg": -25.93064033882842,
  "dx_mm": -11.312270395492963,
  "dy_mm": 13.259216947620814
}