{
  "label": "circle",
  "ds_mm": 2.0,
  "min_det": 0.006322555043780061,
  "scale": 0.8942208953501534,
  "rot_deg": -34.85019378963852,
  "dx_mm": -8.659927814184766,
  "dy_mm": -2.7599547404536047
}