{
  "label": "circle",
  "ds_mm": 2.0,
  "min_det": 0.00616901038134897,
  "scale": 1.1514398650147672,
  "rot_deg": -39.544737275583145,
  "dx_mm": -9.285350581285904,
  "dy_mm": -5.74041374902507
}