{
  "label": "circle",
  "ds_mm": 2.0,
  "min_det": 0.006237426844429639,
  "scale": 0.7891710118268164,
  "rot_deg": -3.058649169012682,
  "dx_mm": 1.2205858519971748,
  "dy_mm": -5.288040587708153
}