{
  "label": "circle",
  "ds_mm": 2.0,
  "min_det": 0.006620382312957994,
  "scale": 0.6336278484779181,
  "rot_deg": 44.16968554934256,
  "dx_mm": -22.751491248834157,
  "dy_mm": -27.170262600598353
}