{
  "label": "circle",
  "ds_mm": 2.0,
  "min_det": 0.0063449792361139346,
  "scale": 0.7282394639787714,
  "rot_deg": -41.603211135167335,
  "dx_mm": -2.484202374060324,
  "dy_mm": 19.318120195518645
}