{
  "label": "circle",
  "ds_mm": 2.0,
  "min_det": 0.005880344586654241,
  "scale": 1.4333582517063777,
  "rot_deg": 33.262359544691265,
  "dx_mm": 2.4286553174514722,
  "dy_mm": 28.07044596488786
}