{
  "label": "circle",
  "ds_mm": 2.0,
  "min_det": 0.006393194913346369,
  "scale": 1.1885419734482252,
  "rot_deg": 7.711925249128001,
  "dx_mm": -22.513305503374603,
  "dy_mm": 26.797179496659624
}