{
  "label": "circle",
  "ds_mm": 2.0,
  "min_det": 0.006617479629001201,
  "scale": 0.8868973757431116,
  "rot_deg": -44.991389326070944,
  "dx_mm": -24.61930467776895,
  "dy_mm": 14.197848520023186
}