{
  "label": "circle",
  "ds_mm": 2.0,
  "min_det": 0.005853487782213391,
  "scale": 1.407675678186885,
  "rot_deg": -9.678367832782968,
  "dx_mm": 7.904853461455964,
  "dy_mm": 19.014273433555566
}