{
  "label": "circle",
  "ds_mm": 2.0,
  "min_det": 0.005842640895229877,
  "scale": 1.3396642421951834,
  "rot_deg": 4.171976587650036,
  "dx_mm": 13.89641868775604,
  "dy_mm": 7.745266402260363
}