{
  "label": "circle",
  "ds_mm": 2.0,
  "min_det": 0.006038583726689322,
  "scale": 0.7486048960518331,
  "rot_deg": -31.087039855161663,
  "dx_mm": 16.97653206095565,
  "dy_mm": -8.566216520127096
}