{
  "label": "circle",
  "ds_mm": 2.0,
  "min_det": 0.006594700062407731,
  "scale": 0.6387221298987698,
  "rot_deg": -19.732920819020155,
  "dx_mm": -18.207593829545637,
  "dy_mm": -22.074807428045276
}