{
  "label": "circle",
  "ds_mm": 2.0,
  "min_det": 0.005923848498154364,
  "scale": 1.1369729288366983,
  "rot_deg": 13.760514804456278,
  "dx_mm": 13.625098237038308,
  "dy_mm": 4.98383794872008
}