{
  "label": "circle",
  "ds_mm": 2.0,
  "min_det": 0.006101568708261212,
  "scale": 1.1741978439843548,
  "rot_deg": 18.15424116350364,
  "dx_mm": -11.511686671955875,
  "dy_mm": -25.101122028869856
}