{
  "label": "circle",
  "ds_mm": 2.0,
  "min_det": 0.005679327918575851,
  "scale": 1.469253536950167,
  "rot_deg": 16.414288937642212,
  "dx_mm": 15.935612601226353,
  "dy_mm": -27.76277914304558
}