{
  "label": "circle",
  "ds_mm": 2.0,
  "min_det": 0.0056985554632311124,
  "scale": 1.3932043930433795,
  "rot_deg": -42.91874235831798,
  "dx_mm": 25.576008100175656,
  "dy_mm": -3.0645044445849265
}