{
  "label": "circle",
  "ds_mm": 2.0,
  "min_det": 0.005909952283637683,
  "scale": 1.4212056227685745,
  "rot_deg": -17.4734311228616,
  "dx_mm": -2.0130129196570827,
  "dy_mm": -19.99927329882432
}