{
  "label": "circle",
  "ds_mm": 2.0,
  "min_det": 0.005926635919102999,
  "scale": 0.9496118405582339,
  "rot_deg": -43.14411766419354,
  "dx_mm": 17.610056277483793,
  "dy_mm": -11.772013256580884
}