{
  "label": "circle",
  "ds_mm": 2.0,
  "min_det": 0.00593080519956278,
  "scale": 1.042576187820803,
  "rot_deg": 8.504832059464036,
  "dx_mm": 17.091310257722213,
  "dy_mm": 10.874225886794783
}