{
  "label": "circle",
  "ds_mm": 2.0,
  "min_det": 0.006499064395126078,
  "scale": 0.8676624122435064,
  "rot_deg": 40.1892685972757,
  "dx_mm": -27.0577562397743,
  "dy_mm": -29.8297697080794
}