{
  "label": "circle",
  "ds_mm": 2.0,
  "min_det": 0.006385148747414084,
  "scale": 0.9675586504605784,
  "rot_deg": 17.433666857524273,
  "dx_mm": -13.7327589117547,
  "dy_mm": 10.718137422902792
}