{
  "label": "circle",
  "ds_mm": 2.0,
  "min_det": 0.006023014473613373,
  "scale": 1.1563788758684423,
  "rot_deg": -30.52803204563498,
  "dx_mm": 3.2800041391117034,
  "dy_mm": 16.57854550122
}