{
  "label": "circle",
  "ds_mm": 2.0,
  "min_det": 0.005827233193292341,
  "scale": 0.9498263993662972,
  "rot_deg": 19.982681213153995,
  "dx_mm": 21.98156323248508,
  "dy_mm": -26.76401552344835
}