{
  "label": "circle",
  "ds_mm": 2.0,
  "min_det": 0.006233613369501963,
  "scale": 1.27007098366244,
  "rot_deg": 11.064727495398643,
  "dx_mm": -17.095911282854964,
  "dy_mm": 0.48188403876051566
}