{
  "label": "circle",
  "ds_mm": 2.0,
  "min_det": 0.006287468081311983,
  "scale": 0.6484664012808189,
  "rot_deg": -16.232329639966366,
  "dx_mm": 5.276497842055804,
  "dy_mm": 11.042185938569304
}