{
  "label": "circle",
  "ds_mm": 2.0,
  "min_det": 0.006188752422509197,
  "scale": 1.4111229545432304,
  "rot_deg": 13.527398231409585,
  "dx_mm": -22.180154971736897,
  "dy_mm": -9.014741587087471
}