{
  "label": "circle",
  "ds_mm": 2.0,
  "min_det": 0.006016940802715787,
  "scale": 1.1894405344325931,
  "rot_deg": 6.020039056517398,
  "dx_mm": 3.8130640400367852,
  "dy_mm": 7.8506489158659605
}