{
  "label": "circle",
  "ds_mm": 2.0,
  "min_det": 0.0064601508206511265,
  "scale": 0.6495928659509234,
  "rot_deg": 23.792261360326307,
  "dx_mm": -14.208124758620942,
  "dy_mm": -29.26080274360701
}