{
  "label": "circle",
  "ds_mm": 2.0,
  "min_det": 0.005649108756096186,
  "scale": 1.3927908069279682,
  "rot_deg": 24.439437313722735,
  "dx_mm": 27.011829338210397,
  "dy_mm": 22.93787188504463
}