{
  "label": "circle",
  "ds_mm": 2.0,
  "min_det": 0.006166314543998347,
  "scale": 0.6580231148739017,
  "rot_deg": 25.2863076527034,
  "dx_mm": 12.878489726349201,
  "dy_mm": 12.18769971173326
}