{
  "label": "circle",
  "ds_mm": 2.0,
  "min_det": 0.005720299086057829,
  "scale": 1.3601199835379143,
  "rot_deg": 17.775728206297742,
  "dx_mm": 26.220206522037756,
  "dy_mm": 4.980584099612102
}