{
  "label": "circle",
  "ds_mm": 2.0,
  "min_det": 0.006172632891271722,
  "scale": 0.9696815305660411,
  "rot_deg": 0.5899265729583902,
  "dx_mm": -6.63344902704096,
  "dy_mm": -24.08755474467241
}