{
  "label": "circle",
  "ds_mm": 2.0,
  "min_det": 0.0058519441630524634,
  "scale": 0.9970686026427977,
  "rot_deg": 32.937527813307725,
  "dx_mm": 25.202368599191267,
  "dy_mm": 5.035092777448412
}