{
  "label": "circle",
  "ds_mm": 2.0,
  "min_det": 0.006002053078867685,
  "scale": 1.0216490087282546,
  "rot_deg": -1.5390519131728482,
  "dx_mm": 11.685537279601014,
  "dy_mm": 15.101207479536292
}