{
  "label": "circle",
  "ds_mm": 2.0,
  "min_det": 0.005870055250505963,
  "scale": 1.3796983236700213,
  "rot_deg": -22.014021192631343,
  "dx_mm": 6.4636821106240845,
  "dy_mm": -11.696084366198424
}