{
  "label": "circle",
  "ds_mm": 2.0,
  "min_det": 0.0060358187381458804,
  "scale": 0.6076352140532895,
  "rot_deg": -31.10314857565038,
  "dx_mm": 24.438081144470182,
  "dy_mm": 3.8228261160060057
}