{
  "label": "circle",
  "ds_mm": 2.0,
  "min_det": 0.006028718080261841,
  "scale": 1.0367075669150323,
  "rot_deg": -20.26966720406378,
  "dx_mm": 8.286916655557576,
  "dy_mm": 16.82919280975267
}