{
  "label": "circle",
  "ds_mm": 2.0,
  "min_det": 0.00585100125115155,
  "scale": 1.4929335674235147,
  "rot_deg": -42.82380012980896,
  "dx_mm": -3.083380067812609,
  "dy_mm": 26.720930042609552
}