{
  "label": "circle",
  "ds_mm": 2.0,
  "min_det": 0.006438483686682743,
  "scale": 0.8282744604899428,
  "rot_deg": -11.140079814544471,
  "dx_mm": -12.397947178210917,
  "dy_mm": -1.0241110553447612
}