{
  "label": "circle",
  "ds_mm": 2.0,
  "min_det": 0.0058769349676490576,
  "scale": 1.3922741430802945,
  "rot_deg": -15.648752803745225,
  "dx_mm": -0.6965180744168435,
  "dy_mm": -27.55451468410198
}