{
  "label": "circle",
  "ds_mm": 2.0,
  "min_det": 0.006908687140515554,
  "scale": 0.6327891991503941,
  "rot_deg": 36.63403856231713,
  "dx_mm": -28.46368408808501,
  "dy_mm": 16.25856343694589
}