{
  "label": "circle",
  "ds_mm": 2.0,
  "min_det": 0.00634523324245899,
  "scale": 1.028157993037433,
  "rot_deg": 36.588299995193594,
  "dx_mm": -19.754617580750082,
  "dy_mm": -13.616780155785694
}