{
  "label": "circle",
  "ds_mm": 2.0,
  "min_det": 0.0062000710711959004,
  "scale": 0.7302541471834592,
  "rot_deg": -8.783043821300765,
  "dx_mm": 6.59237714416156,
  "dy_mm": -3.040711096840809
}