{
  "label": "circle",
  "ds_mm": 2.0,
  "min_det": 0.00605166791743526,
  "scale": 1.0650544133093167,
  "rot_deg": 37.84032428073728,
  "dx_mm": -1.281564110648418,
  "dy_mm": -15.447638656811474
}