{
  "label": "circle",
  "ds_mm": 2.0,
  "min_det": 0.005915993340838991,
  "scale": 0.750059606325365,
  "rot_deg": -29.014243802587877,
  "dx_mm": 26.084027938400595,
  "dy_mm": -16.595020763353002
}