{
  "label": "circle",
  "ds_mm": 2.0,
  "min_det": 0.005733922947426543,
  "scale": 1.397758358114464,
  "rot_deg": -39.39614206986315,
  "dx_mm": 17.044414635991963,
  "dy_mm": 14.975050379304818
}