{
  "label": "circle",
  "ds_mm": 2.0,
  "min_det": 0.005760461521924011,
  "scale": 1.2112799666673104,
  "rot_deg": -43.339117746556404,
  "dx_mm": 23.37334881155728,
  "dy_mm": 12.3531137834498
}