{
  "label": "circle",
  "ds_mm": 2.0,
  "min_det": 0.0059400777944275205,
  "scale": 0.6990864730963925,
  "rot_deg": 44.78180587312019,
  "dx_mm": 27.465915949879125,
  "dy_mm": 25.274363613672875
}