{
  "label": "circle",
  "ds_mm": 2.0,
  "min_det": 0.0059272295070900245,
  "scale": 0.667104488202721,
  "rot_deg": 22.818291468443277,
  "dx_mm": 29.809533208418756,
  "dy_mm": 28.648340376208843
}