{
  "label": "circle",
  "ds_mm": 2.0,
  "min_det": 0.0058598152402079655,
  "scale": 1.187732595138494,
  "rot_deg": -7.5360682404241786,
  "dx_mm": 17.628922788166847,
  "dy_mm": -0.9541856804880666
}