{
  "label": "circle",
  "ds_mm": 2.0,
  "min_det": 0.0058579006848008906,
  "scale": 1.1182428885970366,
  "rot_deg": -38.63191256681086,
  "dx_mm": 17.345972887008344,
  "dy_mm": 18.36975927507234
}