{
  "label": "circle",
  "ds_mm": 2.0,
  "min_det": 0.006042558241518225,
  "scale": 1.198056198557293,
  "rot_deg": 39.31870244776094,
  "dx_mm": -6.1952153913507715,
  "dy_mm": -14.338365347751711
}