{
  "label": "circle",
  "ds_mm": 2.0,
  "min_det": 0.006035060900451874,
  "scale": 0.8865105518979333,
  "rot_deg": -25.485133954427912,
  "dx_mm": 13.692859895784466,
  "dy_mm": 14.608989959190872
}