{
  "label": "circle",
  "ds_mm": 2.0,
  "min_det": 0.0055957590283125,
  "scale": 1.4603080159362813,
  "rot_deg": -26.98192156560171,
  "dx_mm": 21.48785867395752,
  "dy_mm": 26.64385282500473
}