{
  "label": "circle",
  "ds_mm": 2.0,
  "min_det": 0.005924179397702227,
  "scale": 1.4377179312816557,
  "rot_deg": 11.063507755322334,
  "dx_mm": 1.4971207729515612,
  "dy_mm": 18.43446698273489
}