{
  "label": "circle",
  "ds_mm": 2.0,
  "min_det": 0.005765147814326569,
  "scale": 1.4604679075010305,
  "rot_deg": -4.421566468436126,
  "dx_mm": 15.549902180987651,
  "dy_mm": -8.917043644633537
}