{
  "label": "circle",
  "ds_mm": 2.0,
  "min_det": 0.005942909355814901,
  "scale": 0.6405221971608553,
  "rot_deg": -0.326566523838558,
  "dx_mm": 24.32811561721742,
  "dy_mm": -27.90744887742752
}