{
  "label": "circle",
  "ds_mm": 2.0,
  "min_det": 0.005956140530684794,
  "scale": 0.8335319426950052,
  "rot_deg": -38.40261074080678,
  "dx_mm": 21.902929687740063,
  "dy_mm": 3.768340209982952
}