{
  "label": "circle",
  "ds_mm": 2.0,
  "min_det": 0.0062407230053732965,
  "scale": 0.843801306642428,
  "rot_deg": 18.102313466095588,
  "dx_mm": 0.6963667248702734,
  "dy_mm": 20.08116906350743
}