{
  "label": "circle",
  "ds_mm": 2.0,
  "min_det": 0.006208250137511449,
  "scale": 1.2585368933295538,
  "rot_deg": 14.652226366846484,
  "dx_mm": -14.612542411591939,
  "dy_mm": 2.7400758709245707
}