{
  "label": "circle",
  "ds_mm": 2.0,
  "min_det": 0.00595038847670903,
  "scale": 0.969539296647941,
  "rot_deg": 29.066049930096682,
  "dx_mm": 17.46643910173156,
  "dy_mm": 10.04528428215307
}