{
  "label": "circle",
  "ds_mm": 2.0,
  "min_det": 0.006751608419303593,
  "scale": 0.8485034387722077,
  "rot_deg": -15.802151822901067,
  "dx_mm": -29.584067610784995,
  "dy_mm": 3.466708700464075
}