{
  "label": "circle",
  "ds_mm": 2.0,
  "min_det": 0.006652923479095129,
  "scale": 0.7665011990245255,
  "rot_deg": 12.341064945519143,
  "dx_mm": -23.979559592061985,
  "dy_mm": -10.070023965052393
}