{
  "label": "circle",
  "ds_mm": 2.0,
  "min_det": 0.005904585231276946,
  "scale": 0.8544945889748239,
  "rot_deg": 32.529951842862204,
  "dx_mm": 26.067634394792933,
  "dy_mm": 11.97184187550355
}