{
  "label": "circle",
  "ds_mm": 2.0,
  "min_det": 0.0061259223282563975,
  "scale": 0.6968972185491171,
  "rot_deg": -21.60923578831951,
  "dx_mm": 14.452439340518119,
  "dy_mm": 9.366552738934672
}