{
  "label": "circle",
  "ds_mm": 2.0,
  "min_det": 0.006148389749278091,
  "scale": 1.0625718855875506,
  "rot_deg": -9.765937097900618,
  "dx_mm": -2.7828125023221695,
  "dy_mm": 28.793502483679177
}