{
  "label": "circle",
  "ds_mm": 2.0,
  "min_det": 0.006187717932535459,
  "scale": 1.3618146105760167,
  "rot_deg": 17.08686535352937,
  "dx_mm": -16.760695956358855,
  "dy_mm": 6.967143628569893
}