{
  "label": "circle",
  "ds_mm": 2.0,
  "min_det": 0.006102672091308323,
  "scale": 0.7547942100708009,
  "rot_deg": 13.801926587636132,
  "dx_mm": 11.230417801065983,
  "dy_mm": -9.037671173699302
}