{
  "label": "circle",
  "ds_mm": 2.0,
  "min_det": 0.005997570229895569,
  "scale": 0.6860685416830812,
  "rot_deg": -25.96884919338322,
  "dx_mm": 23.40607248954513,
  "dy_mm": 24.91815399430307
}