{
  "label": "circle",
  "ds_mm": 2.0,
  "min_det": 0.005876048954376159,
  "scale": 1.203827380505846,
  "rot_deg": -21.42993887983218,
  "dx_mm": 12.986433045050227,
  "dy_mm": 21.08460278995704
}