{
  "label": "circle",
  "ds_mm": 2.0,
  "min_det": 0.006477692017137545,
  "scale": 0.8813730035764337,
  "rot_deg": 22.453441459215355,
  "dx_mm": -21.558627477857293,
  "dy_mm": -17.879462820134414
}