{
  "label": "circle",
  "ds_mm": 2.0,
  "min_det": 0.006019034754600901,
  "scale": 1.230507844482187,
  "rot_deg": -17.594530460727828,
  "dx_mm": 1.1839087606113914,
  "dy_mm": -0.16901987591187861
}