{
  "label": "face_simple",
  "ds_mm": 2.0,
  "scale": 0.9828782803237228,
  "rot_deg": -18.332741849020145,
  "dx_mm": -22.032903530238563,
  "dy_mm": -3.588482459781325
}