{
  "label": "face_simple",
  "ds_mm": 2.0,
  "scale": 1.321965292381801,
  "rot_deg": -20.946680149157505,
  "dx_mm": -6.107617970922913,
  "dy_mm": -10.595363507996577
}