{
  "label": "face_simple",
  "ds_mm": 2.0,
  "min_det": 0.005986983245040984,
  "scale": 1.1524706433266994,
  "rot_deg": -16.817592972269026,
  "dx_mm": 2.2856446085819755,
  "dy_mm": 8.057681896921622
}