{
  "label": "face_simple",
  "ds_mm": 2.0,
  "min_det": 0.005991957220551252,
  "scale": 1.1458628110970093,
  "rot_deg": 43.85881913748608,
  "dx_mm": -6.888690939543942,
  "dy_mm": -15.698324997073975
}