{
  "label": "face_simple",
  "ds_mm": 2.0,
  "min_det": 0.005681811990848283,
  "scale": 1.2829895852003577,
  "rot_deg": -10.674615659275986,
  "dx_mm": 18.540416402326926,
  "dy_mm": -26.567055036528714
}