{
  "label": "face_simple",
  "ds_mm": 2.0,
  "min_det": 0.005683764224677411,
  "scale": 1.1240010816651815,
  "rot_deg": -35.26896148995406,
  "dx_mm": 26.97849571665288,
  "dy_mm": 25.516393716322725
}