{
  "label": "face_simple",
  "ds_mm": 2.0,
  "min_det": 0.006425310232242822,
  "scale": 0.8643001735085709,
  "rot_deg": -6.764844817593229,
  "dx_mm": -16.56576063373503,
  "dy_mm": -0.9638533506498703
}