{
  "label": "face_simple",
  "ds_mm": 2.0,
  "scale": 1.1026564047325156,
  "rot_deg": -10.564171683567757,
  "dx_mm": 25.959012525046077,
  "dy_mm": -22.568290571430882
}