{
  "label": "face_simple",
  "ds_mm": 2.0,
  "min_det": 0.00624320688554069,
  "scale": 0.6390596731553384,
  "rot_deg": 16.966885519688176,
  "dx_mm": -1.0076168389032922,
  "dy_mm": -26.829789802688065
}