{
  "label": "face_simple",
  "ds_mm": 2.0,
  "min_det": 0.006343503857931445,
  "scale": 0.676565478100353,
  "rot_deg": 18.09139016233975,
  "dx_mm": -2.109955663804527,
  "dy_mm": 9.637943273217502
}