{
  "label": "face_simple",
  "ds_mm": 2.0,
  "min_det": 0.0059895871676574775,
  "scale": 1.2348884396893163,
  "rot_deg": -21.826814838935448,
  "dx_mm": -1.6356235190536026,
  "dy_mm": 8.609517337042654
}