{
  "label": "face_simple",
  "ds_mm": 2.0,
  "min_det": 0.005916866172833144,
  "scale": 0.8916671026159008,
  "rot_deg": 39.13174602808766,
  "dx_mm": 17.3239229187402,
  "dy_mm": 20.692641787548474
}