{
  "label": "face_simple",
  "ds_mm": 2.0,
  "min_det": 0.006129911677734807,
  "scale": 0.6275062496247481,
  "rot_deg": 30.134408311816273,
  "dx_mm": 14.36549376277194,
  "dy_mm": 7.998799591998726
}