{
  "label": "face_simple",
  "ds_mm": 2.0,
  "min_det": 0.005909535873466235,
  "scale": 0.677141185378003,
  "rot_deg": -38.328213996380704,
  "dx_mm": 29.65634837747185,
  "dy_mm": 25.611761667310162
}