{
  "label": "face_simple",
  "ds_mm": 2.0,
  "min_det": 0.00565680882134181,
  "scale": 1.4159157626029562,
  "rot_deg": 42.45404645214903,
  "dx_mm": 10.24646080502734,
  "dy_mm": -25.304520821871506
}