{
  "label": "face_simple",
  "ds_mm": 2.0,
  "min_det": 0.006339100899234669,
  "scale": 0.7959315742010186,
  "rot_deg": -31.458699646535777,
  "dx_mm": -8.806746144778526,
  "dy_mm": -9.890329843586805
}