{
  "label": "face_simple",
  "ds_mm": 2.0,
  "scale": 1.1108900076844281,
  "rot_deg": 14.684613503527395,
  "dx_mm": 13.469039315340495,
  "dy_mm": -4.621835034807653
}