{
  "label": "face_simple",
  "ds_mm": 2.0,
  "min_det": 0.0057872178998350865,
  "scale": 1.2726271672753873,
  "rot_deg": -18.688257509591267,
  "dx_mm": 12.536634342591569,
  "dy_mm": -12.474712719380584
}