{
  "label": "face_simple",
  "ds_mm": 2.0,
  "scale": 1.4408493822828756,
  "rot_deg": 14.845090918868863,
  "dx_mm": 18.7205868629051,
  "dy_mm": 29.090871211357978
}