{
  "label": "face_simple",
  "ds_mm": 2.0,
  "min_det": 0.006123603232812314,
  "scale": 1.428320260644215,
  "rot_deg": -28.1682623006131,
  "dx_mm": -27.29638583162973,
  "dy_mm": -16.6754090422258
}