{
  "label": "face_simple",
  "ds_mm": 2.0,
  "min_det": 0.006519770504030881,
  "scale": 0.8617984514876993,
  "rot_deg": 41.19523942188795,
  "dx_mm": -22.51269109643031,
  "dy_mm": 23.305919810621155
}