{
  "label": "face_simple",
  "ds_mm": 2.0,
  "scale": 0.8228104974638486,
  "rot_deg": 16.702733912628865,
  "dx_mm": 3.3800804755468974,
  "dy_mm": -0.2584739698660812
}