{
  "label": "face_simple",
  "ds_mm": 2.0,
  "min_det": 0.006003681178531163,
  "scale": 0.9545589333445907,
  "rot_deg": 40.099928656695255,
  "dx_mm": 5.671083494896251,
  "dy_mm": 27.87240468390133
}