{
  "label": "face_simple",
  "ds_mm": 2.0,
  "min_det": 0.006040682617842418,
  "scale": 1.1259023819541327,
  "rot_deg": 43.174813066581805,
  "dx_mm": -9.77449400648468,
  "dy_mm": -15.43604375145138
}