{
  "label": "face_simple",
  "ds_mm": 2.0,
  "scale": 1.404749626701197,
  "rot_deg": -1.020168239568882,
  "dx_mm": 17.216836638496652,
  "dy_mm": -18.882992856978763
}