{
  "label": "face_simple",
  "ds_mm": 2.0,
  "min_det": 0.0062678099645632765,
  "scale": 0.8588396078362213,
  "rot_deg": 42.00446576097687,
  "dx_mm": -9.243691230299646,
  "dy_mm": -3.7322130695755398
}