{
  "label": "face_simple",
  "ds_mm": 2.0,
  "scale": 0.8529855129486048,
  "rot_deg": 19.653996023368293,
  "dx_mm": -7.688472903389133,
  "dy_mm": -16.251003394447764
}