{
  "label": "face_simple",
  "ds_mm": 2.0,
  "scale": 1.3338469194687346,
  "rot_deg": 16.436676990471433,
  "dx_mm": 11.938783917054664,
  "dy_mm": -29.68598828786211
}