{
  "label": "face_simple",
  "ds_mm": 2.0,
  "min_det": 0.006196740506834587,
  "scale": 1.0342495693165672,
  "rot_deg": -34.76444431711581,
  "dx_mm": -7.938927022033841,
  "dy_mm": 20.9244248315238
}