{
  "label": "face_simple",
  "ds_mm": 2.0,
  "min_det": 0.0060444892414177765,
  "scale": 0.6574075631667151,
  "rot_deg": 12.17203263273052,
  "dx_mm": 19.381875905836033,
  "dy_mm": 23.825651240847513
}