{
  "label": "face_simple",
  "ds_mm": 2.0,
  "min_det": 0.005725872455871095,
  "scale": 1.24370522382447,
  "rot_deg": 6.0164173146596625,
  "dx_mm": 16.88651744330795,
  "dy_mm": 24.464426672885253
}