{
  "label": "face_simple",
  "ds_mm": 2.0,
  "min_det": 0.005963606257211985,
  "scale": 1.1541476238552129,
  "rot_deg": 41.7678007328945,
  "dx_mm": -2.9903090950444096,
  "dy_mm": -10.610543137131994
}