{
  "label": "face_simple",
  "ds_mm": 2.0,
  "min_det": 0.006400700270619966,
  "scale": 0.8561386412052059,
  "rot_deg": 30.773789806408402,
  "dx_mm": -19.784802833539555,
  "dy_mm": -15.572302211592435
}