{
  "label": "face_simple",
  "ds_mm": 2.0,
  "scale": 0.6021374497631988,
  "rot_deg": -8.98295314994715,
  "dx_mm": 14.565318826061535,
  "dy_mm": 24.07128566541396
}