{
  "label": "face_simple",
  "ds_mm": 2.0,
  "min_det": 0.005829080296735888,
  "scale": 0.8967229552512651,
  "rot_deg": -37.888787099028264,
  "dx_mm": 24.884211793149674,
  "dy_mm": -20.868874707850686
}