{
  "label": "face_simple",
  "ds_mm": 2.0,
  "scale": 0.9325605545238549,
  "rot_deg": 6.0735744865306955,
  "dx_mm": 29.392729136853063,
  "dy_mm": 14.395363506982797
}