{
  "label": "face_simple",
  "ds_mm": 2.0,
  "scale": 1.2952617020385009,
  "rot_deg": -28.012501512431623,
  "dx_mm": -10.137998965355973,
  "dy_mm": -17.039874363330796
}