{
  "label": "face_simple",
  "ds_mm": 2.0,
  "min_det": 0.005950438836251359,
  "scale": 0.6679939313908212,
  "rot_deg": 43.21564868132019,
  "dx_mm": 25.065649940531983,
  "dy_mm": -5.550841821005491
}