{
  "label": "face_simple",
  "ds_mm": 2.0,
  "min_det": 0.005760161666530994,
  "scale": 1.2332748561255171,
  "rot_deg": 33.70042783707697,
  "dx_mm": 14.056958151044462,
  "dy_mm": 21.1835624371463
}