{
  "label": "face_simple",
  "ds_mm": 2.0,
  "min_det": 0.005965150863759083,
  "scale": 0.7685640511471423,
  "rot_deg": 17.80990166735885,
  "dx_mm": 21.182572117580463,
  "dy_mm": 8.500155349994785
}