{
  "label": "face_simple",
  "ds_mm": 2.0,
  "min_det": 0.005936754949439373,
  "scale": 1.4322789565346503,
  "rot_deg": -27.736388067265082,
  "dx_mm": -6.325523499264293,
  "dy_mm": 5.7297022520125225
}