{
  "label": "face_simple",
  "ds_mm": 2.0,
  "min_det": 0.005760755303321948,
  "scale": 1.0118812071840961,
  "rot_deg": -35.08611261195078,
  "dx_mm": 24.218611172059425,
  "dy_mm": 29.349621956826496
}