{
  "label": "face_simple",
  "ds_mm": 2.0,
  "min_det": 0.00655617535702431,
  "scale": 0.672127046259952,
  "rot_deg": -39.25142739322094,
  "dx_mm": -12.804016080005809,
  "dy_mm": 25.33455832717147
}