{
  "label": "face_simple",
  "ds_mm": 2.0,
  "min_det": 0.00629303777319695,
  "scale": 1.190837278147288,
  "rot_deg": 23.162603771674668,
  "dx_mm": -27.315775956063646,
  "dy_mm": -5.319298999219782
}