{
  "label": "face_simple",
  "ds_mm": 2.0,
  "min_det": 0.006196057428770689,
  "scale": 1.0246966194297071,
  "rot_deg": 16.051037742222917,
  "dx_mm": -9.758020950383987,
  "dy_mm": 5.766326597332281
}