{
  "label": "face_simple",
  "ds_mm": 2.0,
  "scale": 1.484530740016577,
  "rot_deg": 16.645384853892445,
  "dx_mm": -6.71209439952667,
  "dy_mm": -15.245058500882504
}