{
  "label": "face_simple",
  "ds_mm": 2.0,
  "scale": 1.184013003953437,
  "rot_deg": 15.80066088256271,
  "dx_mm": 24.527599230489173,
  "dy_mm": 3.27595257148284
}