{
  "label": "face_simple",
  "ds_mm": 2.0,
  "min_det": 0.005916844976932579,
  "scale": 1.3420684163063794,
  "rot_deg": -41.783510687548514,
  "dx_mm": -3.4971063386584866,
  "dy_mm": 25.321602355892857
}