{
  "label": "face_simple",
  "ds_mm": 2.0,
  "scale": 1.1730075082767162,
  "rot_deg": 40.48203429255972,
  "dx_mm": -2.145222667412959,
  "dy_mm": -20.93648280381929
}