{
  "label": "face_simple",
  "ds_mm": 2.0,
  "min_det": 0.006159015439587334,
  "scale": 1.209866784644861,
  "rot_deg": -35.54516764509798,
  "dx_mm": -13.5578347403898,
  "dy_mm": 20.412506056105478
}