{
  "label": "face_simple",
  "ds_mm": 2.0,
  "min_det": 0.006264963346495465,
  "scale": 0.7476201750141525,
  "rot_deg": -10.216143352110635,
  "dx_mm": -0.3203508955113996,
  "dy_mm": 29.51210368324992
}