{
  "label": "face_simple",
  "ds_mm": 2.0,
  "min_det": 0.006228211394394735,
  "scale": 0.9021028275509284,
  "rot_deg": 27.25099428749708,
  "dx_mm": -12.386936623085777,
  "dy_mm": -20.536776182988817
}