{
  "label": "face_simple",
  "ds_mm": 2.0,
  "scale": 1.1215604861365658,
  "rot_deg": -29.339663233119772,
  "dx_mm": -4.04200497861013,
  "dy_mm": -28.853282622537765
}