{
  "label": "face_simple",
  "ds_mm": 2.0,
  "scale": 0.8679850885229242,
  "rot_deg": 27.982557257765734,
  "dx_mm": -18.21399808072441,
  "dy_mm": 20.847153053878486
}