{
  "label": "face_simple",
  "ds_mm": 2.0,
  "min_det": 0.005837423784752541,
  "scale": 0.9928426999190773,
  "rot_deg": 42.727398953534106,
  "dx_mm": 19.86831281682764,
  "dy_mm": -2.7182708175769044
}