{
  "label": "face_simple",
  "ds_mm": 2.0,
  "scale": 0.9788371882844329,
  "rot_deg": -9.684310908192316,
  "dx_mm": -6.588768513339435,
  "dy_mm": -26.275538272109117
}