{
  "label": "face_simple",
  "ds_mm": 2.0,
  "min_det": 0.005948922675155148,
  "scale": 0.8665251778031673,
  "rot_deg": -38.83535758758298,
  "dx_mm": 19.282551864662302,
  "dy_mm": 0.7151687019900734
}