{
  "label": "face_simple",
  "ds_mm": 2.0,
  "min_det": 0.006129733634061136,
  "scale": 0.7177933983846573,
  "rot_deg": 13.969690406797142,
  "dx_mm": 2.6253578455252793,
  "dy_mm": -27.957659526659924
}