{
  "label": "face_simple",
  "ds_mm": 2.0,
  "min_det": 0.006396755182398346,
  "scale": 0.9038250689828047,
  "rot_deg": -43.99799455209806,
  "dx_mm": -15.84321329988776,
  "dy_mm": -2.1552209830967755
}