{
  "label": "face_simple",
  "ds_mm": 2.0,
  "min_det": 0.005742993559850506,
  "scale": 1.020051248683642,
  "rot_deg": 17.414470462635002,
  "dx_mm": 25.50592577733932,
  "dy_mm": 26.609452236002774
}