{
  "label": "face_simple",
  "ds_mm": 2.0,
  "scale": 0.6609306866941365,
  "rot_deg": -28.368019514867434,
  "dx_mm": -12.980072933714677,
  "dy_mm": 12.106790933674297
}