{
  "label": "face_simple",
  "ds_mm": 2.0,
  "scale": 1.2200290755220171,
  "rot_deg": -38.149231815951126,
  "dx_mm": -25.776724219192268,
  "dy_mm": 8.883738562048997
}