{
  "label": "face_simple",
  "ds_mm": 2.0,
  "min_det": 0.00593311858384467,
  "scale": 1.1429368965522952,
  "rot_deg": -8.798487653945891,
  "dx_mm": 5.997278013293922,
  "dy_mm": 20.44956258519977
}