{
  "label": "face_simple",
  "ds_mm": 2.0,
  "min_det": 0.005885151932377776,
  "scale": 1.0657585843360493,
  "rot_deg": 32.4072606642912,
  "dx_mm": 4.0193142311046515,
  "dy_mm": -26.32409598122659
}