{
  "label": "face_simple",
  "ds_mm": 2.0,
  "min_det": 0.006172433371082951,
  "scale": 0.8657813527974862,
  "rot_deg": 19.016509194652258,
  "dx_mm": -8.644546667962672,
  "dy_mm": -28.170635080019537
}