{
  "label": "face_simple",
  "ds_mm": 2.0,
  "scale": 0.6660154792921273,
  "rot_deg": -22.795565128522412,
  "dx_mm": -17.26153027097852,
  "dy_mm": 19.74067240199308
}