{
  "label": "face_simple",
  "ds_mm": 2.0,
  "scale": 0.6647430305815106,
  "rot_deg": -32.819427162397574,
  "dx_mm": 23.782621810856867,
  "dy_mm": 9.183189016724562
}