{
  "label": "face_simple",
  "ds_mm": 2.0,
  "scale": 1.2939308703297194,
  "rot_deg": -5.501202020336315,
  "dx_mm": -2.374162335991162,
  "dy_mm": -23.794540475047935
}