{
  "label": "face_simple",
  "ds_mm": 2.0,
  "scale": 1.4579837015530628,
  "rot_deg": 28.556870012585023,
  "dx_mm": 21.853566810252815,
  "dy_mm": -22.79841024524593
}