{
  "label": "face_simple",
  "ds_mm": 2.0,
  "scale": 1.3750102985578345,
  "rot_deg": 23.19507323314366,
  "dx_mm": 23.85300389903636,
  "dy_mm": -6.700341712739846
}