{
  "label": "face_simple",
  "ds_mm": 2.0,
  "scale": 1.4680521389710717,
  "rot_deg": 43.34642909429124,
  "dx_mm": 13.99375229322407,
  "dy_mm": 11.82543338829948
}