{
  "label": "face_simple",
  "ds_mm": 2.0,
  "min_det": 0.006452171544188002,
  "scale": 0.6179668924002745,
  "rot_deg": -2.8435981473188363,
  "dx_mm": -9.245968323377063,
  "dy_mm": -15.864249039418219
}