{
  "label": "face_simple",
  "ds_mm": 2.0,
  "scale": 0.7191994543277183,
  "rot_deg": 19.08327669970248,
  "dx_mm": 28.316068140119782,
  "dy_mm": -29.815779735236617
}