{
  "label": "face_simple",
  "ds_mm": 2.0,
  "min_det": 0.005977415801602911,
  "scale": 0.7167205590174012,
  "rot_deg": -31.759465433547867,
  "dx_mm": 20.65354822874651,
  "dy_mm": -15.585563278532046
}