{
  "label": "face_simple",
  "ds_mm": 2.0,
  "scale": 1.458563633168228,
  "rot_deg": -24.015152351450027,
  "dx_mm": 1.5523229599609287,
  "dy_mm": -19.0580380899264
}