{
  "label": "face_simple",
  "ds_mm": 2.0,
  "scale": 1.4874220679991343,
  "rot_deg": -16.352583779606487,
  "dx_mm": -28.42465440751938,
  "dy_mm": 5.26746100375788
}