{
  "label": "face_simple",
  "ds_mm": 2.0,
  "min_det": 0.006050554039872204,
  "scale": 0.7858429892323475,
  "rot_deg": 25.596028750959135,
  "dx_mm": 8.280802165204655,
  "dy_mm": -16.773627275928124
}