{
  "label": "face_simple",
  "ds_mm": 2.0,
  "min_det": 0.005726234454184939,
  "scale": 1.2678673987236018,
  "rot_deg": -39.927406307747184,
  "dx_mm": 21.305673234903608,
  "dy_mm": -13.0358192238776
}