{
  "label": "face_simple",
  "ds_mm": 2.0,
  "scale": 0.8704109534780529,
  "rot_deg": -18.202908962630183,
  "dx_mm": 10.043495066481661,
  "dy_mm": 27.19742419753367
}