{
  "label": "face_simple",
  "ds_mm": 2.0,
  "scale": 0.72091548117641,
  "rot_deg": -32.35387949137417,
  "dx_mm": 5.64886629515631,
  "dy_mm": 0.08080474855435327
}