{
  "label": "face_simple",
  "ds_mm": 2.0,
  "scale": 1.4993650157382328,
  "rot_deg": 38.462171863584544,
  "dx_mm": 21.525458246568967,
  "dy_mm": 6.867439539616825
}