{
  "label": "face_simple",
  "ds_mm": 2.0,
  "scale": 0.7031253500154445,
  "rot_deg": 14.794946933629255,
  "dx_mm": 9.364915439793975,
  "dy_mm": 29.949728276396733
}