{
  "label": "face_simple",
  "ds_mm": 2.0,
  "min_det": 0.005654288182397752,
  "scale": 1.3743936082865698,
  "rot_deg": 31.175685294927703,
  "dx_mm": 18.495691970298417,
  "dy_mm": 17.26788752520092
}