{
  "label": "face_simple",
  "ds_mm": 2.0,
  "scale": 1.2986548577274073,
  "rot_deg": 24.55206821755168,
  "dx_mm": 19.589084533696223,
  "dy_mm": 11.718390598659852
}