{
  "label": "face_simple",
  "ds_mm": 2.0,
  "min_det": 0.006359506546809609,
  "scale": 0.6880734328833942,
  "rot_deg": 2.2920856711331155,
  "dx_mm": -4.398564482196189,
  "dy_mm": -1.6871661793196395
}