{
  "label": "face_simple",
  "ds_mm": 2.0,
  "min_det": 0.0058668096871040245,
  "scale": 1.2733745648218162,
  "rot_deg": -22.494703956046987,
  "dx_mm": -1.880980913173886,
  "dy_mm": -27.151288376905917
}