{
  "label": "face_simple",
  "ds_mm": 2.0,
  "min_det": 0.006006413014130941,
  "scale": 1.2114039709986302,
  "rot_deg": -13.066437775362079,
  "dx_mm": -3.149556408347742,
  "dy_mm": 1.044475909666719
}