{
  "label": "face_simple",
  "ds_mm": 2.0,
  "scale": 1.4296504803576198,
  "rot_deg": -8.346499878367823,
  "dx_mm": -1.0505060752711657,
  "dy_mm": 4.374198314286119
}