{
  "label": "face_simple",
  "ds_mm": 2.0,
  "min_det": 0.006182738045966044,
  "scale": 0.6053814193522915,
  "rot_deg": -38.01132446365041,
  "dx_mm": 9.866651157127734,
  "dy_mm": -15.380813559075573
}