{
  "label": "face_simple",
  "ds_mm": 2.0,
  "min_det": 0.0061446658713158854,
  "scale": 0.8036032129546498,
  "rot_deg": -19.56628986601894,
  "dx_mm": 6.0883138464773054,
  "dy_mm": 22.88025617267793
}