{
  "label": "face_simple",
  "ds_mm": 2.0,
  "scale": 0.6341730271015469,
  "rot_deg": -5.246874354708048,
  "dx_mm": 0.2271793387661063,
  "dy_mm": 4.037190725060199
}