{
  "label": "face_simple",
  "ds_mm": 2.0,
  "min_det": 0.005914821975859021,
  "scale": 1.1571158301768438,
  "rot_deg": -23.80478418983309,
  "dx_mm": 8.561137981073706,
  "dy_mm": 11.593616346562598
}