{
  "label": "face_simple",
  "ds_mm": 2.0,
  "min_det": 0.006021356472265953,
  "scale": 0.6464124089238001,
  "rot_deg": 1.9345141303805278,
  "dx_mm": 21.912136493825685,
  "dy_mm": -2.9774045413780073
}