{
  "label": "face_simple",
  "ds_mm": 2.0,
  "min_det": 0.006091988524205763,
  "scale": 1.1066854759547478,
  "rot_deg": 11.853780710639043,
  "dx_mm": -6.613961187240577,
  "dy_mm": 0.5098143846918255
}