{
  "label": "face_simple",
  "ds_mm": 2.0,
  "min_det": 0.005933075327265285,
  "scale": 1.0248570095321783,
  "rot_deg": 14.902879144696229,
  "dx_mm": 8.025725993238623,
  "dy_mm": -12.097498493647961
}