{
  "label": "face_simple",
  "ds_mm": 2.0,
  "min_det": 0.006245647186368217,
  "scale": 0.9550306932864616,
  "rot_deg": -22.133988842764154,
  "dx_mm": -9.407989988078892,
  "dy_mm": -3.721880932784984
}