{
  "label": "face_simple",
  "ds_mm": 2.0,
  "min_det": 0.006184158037848284,
  "scale": 1.1899815966891412,
  "rot_deg": 19.21481667477103,
  "dx_mm": -17.938419690607304,
  "dy_mm": 2.1601656980954544
}