{
  "label": "face_simple",
  "ds_mm": 2.0,
  "min_det": 0.006570570030075064,
  "scale": 0.6005562682373126,
  "rot_deg": 19.66632313984148,
  "dx_mm": -16.32513674118711,
  "dy_mm": -17.847632817628458
}