{
  "label": "face_simple",
  "ds_mm": 2.0,
  "min_det": 0.005845806469624191,
  "scale": 1.4619688231410923,
  "rot_deg": 21.380672522985904,
  "dx_mm": -2.246070019947698,
  "dy_mm": 5.7957318058404965
}