{
  "label": "face_simple",
  "ds_mm": 2.0,
  "scale": 0.8275368396319918,
  "rot_deg": -0.4207949235696944,
  "dx_mm": -27.497641161558533,
  "dy_mm": -6.969200250792412
}