{
  "label": "face_simple",
  "ds_mm": 2.0,
  "scale": 1.0574812075150457,
  "rot_deg": -20.69480881869394,
  "dx_mm": -6.48686207383728,
  "dy_mm": -22.945372985270332
}