{
  "label": "face_simple",
  "ds_mm": 2.0,
  "min_det": 0.005851321594578457,
  "scale": 0.8891794371412418,
  "rot_deg": 25.838116948833033,
  "dx_mm": 21.053593685499706,
  "dy_mm": -17.202357826786944
}