{
  "label": "face_simple",
  "ds_mm": 2.0,
  "scale": 1.0512277055035169,
  "rot_deg": 28.574500896147967,
  "dx_mm": 22.61354187232321,
  "dy_mm": -25.214883454197093
}