{
  "label": "face_simple",
  "ds_mm": 2.0,
  "scale": 1.227518907849875,
  "rot_deg": 34.328860885143456,
  "dx_mm": -23.656126429545658,
  "dy_mm": -4.082558672821154
}