{
  "label": "face_simple",
  "ds_mm": 2.0,
  "scale": 1.2581468235433826,
  "rot_deg": -3.590936599343898,
  "dx_mm": -10.682283362673655,
  "dy_mm": -13.77789193408939
}