{
  "label": "face_simple",
  "ds_mm": 2.0,
  "min_det": 0.006097474245487668,
  "scale": 0.7948593947232394,
  "rot_deg": -20.277725227231205,
  "dx_mm": 7.262981478279876,
  "dy_mm": -12.433832123492653
}