{
  "label": "face_simple",
  "ds_mm": 2.0,
  "min_det": 0.005728962033450355,
  "scale": 1.4751879638975827,
  "rot_deg": -24.600723385228925,
  "dx_mm": 12.78259569502687,
  "dy_mm": -2.286797534429887
}