{
  "label": "face_simple",
  "ds_mm": 2.0,
  "scale": 0.7741928459466524,
  "rot_deg": -15.513387637920523,
  "dx_mm": 24.454597149368205,
  "dy_mm": -22.040441226757867
}