{
  "label": "face_simple",
  "ds_mm": 2.0,
  "scale": 1.049161959625437,
  "rot_deg": 41.40595613180966,
  "dx_mm": -5.012492589975157,
  "dy_mm": 24.036955573792007
}