{
  "label": "face_simple",
  "ds_mm": 2.0,
  "min_det": 0.006466853629359606,
  "scale": 0.9715179128746199,
  "rot_deg": -3.5032956109274664,
  "dx_mm": -24.3539438961421,
  "dy_mm": -0.2981594771703371
}