{
  "label": "face_simple",
  "ds_mm": 2.0,
  "scale": 0.9918391777961266,
  "rot_deg": -16.455101551497258,
  "dx_mm": 25.266831034076652,
  "dy_mm": 3.2641424710865294
}