{
  "label": "face_simple",
  "ds_mm": 2.0,
  "scale": 0.7198011659244254,
  "rot_deg": 26.44194350569137,
  "dx_mm": 15.423685695565837,
  "dy_mm": -6.3126492637243885
}