{
  "label": "face_simple",
  "ds_mm": 2.0,
  "min_det": 0.006262640816523011,
  "scale": 0.7796606237157228,
  "rot_deg": 44.23083381394473,
  "dx_mm": -3.511051681796168,
  "dy_mm": 5.683794456076157
}