{
  "label": "face_simple",
  "ds_mm": 2.0,
  "scale": 1.194710710361702,
  "rot_deg": 31.60779707031847,
  "dx_mm": 14.145530826235607,
  "dy_mm": -27.21338098171959
}