{
  "label": "face_simple",
  "ds_mm": 2.0,
  "scale": 0.9478856859467713,
  "rot_deg": -0.24723588582272527,
  "dx_mm": -5.935916097382712,
  "dy_mm": -16.735405855495948
}