{
  "label": "face_simple",
  "ds_mm": 2.0,
  "min_det": 0.006101868261999952,
  "scale": 1.3294895982853159,
  "rot_deg": -10.140953017903435,
  "dx_mm": -20.965176510045648,
  "dy_mm": -14.17648006141551
}