{
  "label": "face_simple",
  "ds_mm": 2.0,
  "scale": 1.0761338764467028,
  "rot_deg": 43.657158374201344,
  "dx_mm": -11.728102404981588,
  "dy_mm": -1.9250848679668024
}