{
  "label": "face_simple",
  "ds_mm": 2.0,
  "min_det": 0.006075515479222636,
  "scale": 1.1854916963935438,
  "rot_deg": 39.20145382417694,
  "dx_mm": -10.8591779870202,
  "dy_mm": 25.85673647393267
}