{
  "label": "face_simple",
  "ds_mm": 2.0,
  "scale": 1.0639523401596749,
  "rot_deg": 19.383047505427896,
  "dx_mm": -2.5747192694050867,
  "dy_mm": -11.572768031014743
}