{
  "label": "face_simple",
  "ds_mm": 2.0,
  "scale": 1.3293525567755688,
  "rot_deg": -20.56216186929506,
  "dx_mm": -4.712117290653989,
  "dy_mm": -1.9279748322645247
}