{
  "label": "face_simple",
  "ds_mm": 2.0,
  "scale": 0.7891126548222833,
  "rot_deg": 17.74753680579567,
  "dx_mm": 14.400959991357553,
  "dy_mm": 11.063760548668895
}