{
  "label": "face_simple",
  "ds_mm": 2.0,
  "scale": 0.9426217529649035,
  "rot_deg": -0.6872507546742597,
  "dx_mm": -14.82790300657311,
  "dy_mm": -8.539531214592074
}