{
  "label": "face_simple",
  "ds_mm": 2.0,
  "min_det": 0.006354268753075838,
  "scale": 0.7749936175491332,
  "rot_deg": 11.84254630978284,
  "dx_mm": -7.275398850775584,
  "dy_mm": 24.048248837038273
}