{
  "label": "face_simple",
  "ds_mm": 2.0,
  "min_det": 0.005730118373823014,
  "scale": 1.212395316961039,
  "rot_deg": 40.195430018952436,
  "dx_mm": 19.27504528446569,
  "dy_mm": 16.081130063498975
}