{
  "label": "face_simple",
  "ds_mm": 2.0,
  "scale": 1.2421490991912518,
  "rot_deg": -17.10948557407661,
  "dx_mm": -13.229068844625921,
  "dy_mm": 1.0840608492101644
}