{
  "label": "face_simple",
  "ds_mm": 2.0,
  "scale": 1.4437120461513089,
  "rot_deg": 19.39462648994673,
  "dx_mm": 22.54384606633807,
  "dy_mm": 23.89886174538423
}