{
  "label": "face_simple",
  "ds_mm": 2.0,
  "min_det": 0.006332883276878234,
  "scale": 0.9805015045131978,
  "rot_deg": 19.82626588899359,
  "dx_mm": -17.043515722811485,
  "dy_mm": 5.2682581694432
}