{
  "label": "face_simple",
  "ds_mm": 2.0,
  "scale": 1.4096716708960664,
  "rot_deg": 38.71351051702641,
  "dx_mm": -19.59548875451151,
  "dy_mm": 2.9985229725994884
}