{
  "label": "face_simple",
  "ds_mm": 2.0,
  "min_det": 0.006268844942095829,
  "scale": 0.7884647381328522,
  "rot_deg": 17.44428023472274,
  "dx_mm": -2.979660425611371,
  "dy_mm": 7.071996381020284
}