{
  "label": "face_simple",
  "ds_mm": 2.0,
  "min_det": 0.005705888933746479,
  "scale": 1.4885774317937766,
  "rot_deg": 35.92137717555774,
  "dx_mm": 9.414951615038866,
  "dy_mm": -5.2002730318774155
}