{
  "label": "face_simple",
  "ds_mm": 2.0,
  "min_det": 0.006185320724589531,
  "scale": 0.9965173109554601,
  "rot_deg": -11.719043730450466,
  "dx_mm": -5.679728969620989,
  "dy_mm": 13.863586527961886
}