{
  "label": "face_simple",
  "ds_mm": 2.0,
  "scale": 1.1316148970915023,
  "rot_deg": 37.07266441674906,
  "dx_mm": 23.126678035995205,
  "dy_mm": -17.59832269126059
}