{
  "label": "face_simple",
  "ds_mm": 2.0,
  "min_det": 0.006015987748739445,
  "scale": 0.9974008689769445,
  "rot_deg": 36.696502379484,
  "dx_mm": 4.286865026045838,
  "dy_mm": 18.85515129500297
}