{
  "label": "face_simple",
  "ds_mm": 2.0,
  "min_det": 0.006010713381442395,
  "scale": 0.686030029394038,
  "rot_deg": 8.23385540992821,
  "dx_mm": 21.708722702479804,
  "dy_mm": 8.541447986532958
}