{
  "label": "face_simple",
  "ds_mm": 2.0,
  "scale": 0.9717139058807285,
  "rot_deg": 27.688542134533137,
  "dx_mm": 17.56581317326392,
  "dy_mm": -22.071248627073743
}