{
  "label": "face_simple",
  "ds_mm": 2.0,
  "min_det": 0.005915206847335597,
  "scale": 1.1355969040143803,
  "rot_deg": -18.14655383398203,
  "dx_mm": 8.12823911316167,
  "dy_mm": -4.049956401616409
}