{
  "label": "face_simple",
  "ds_mm": 2.0,
  "scale": 0.7893418214719023,
  "rot_deg": -9.593254923456684,
  "dx_mm": 6.805768615441224,
  "dy_mm": 6.958060999446239
}