{
  "label": "face_simple",
  "ds_mm": 2.0,
  "scale": 0.7162195151800296,
  "rot_deg": -43.135406385147874,
  "dx_mm": 12.665637733860954,
  "dy_mm": -24.146443751346734
}