{
  "label": "face_simple",
  "ds_mm": 2.0,
  "scale": 1.219920962535034,
  "rot_deg": -9.867793275666095,
  "dx_mm": -21.03711161749292,
  "dy_mm": 6.6933771157408515
}