{
  "label": "face_simple",
  "ds_mm": 2.0,
  "min_det": 0.0059878157362087256,
  "scale": 1.0239621924358961,
  "rot_deg": -31.75563711144428,
  "dx_mm": 7.993066755273965,
  "dy_mm": 19.356260570100034
}