{
  "label": "face_simple",
  "ds_mm": 2.0,
  "scale": 0.977301452596501,
  "rot_deg": -36.698910836798916,
  "dx_mm": -13.933037183276909,
  "dy_mm": 27.323359831087203
}