{
  "label": "face_simple",
  "ds_mm": 2.0,
  "scale": 0.7513323448027425,
  "rot_deg": -30.85584919639632,
  "dx_mm": 5.8928641468883,
  "dy_mm": -5.029454841013205
}