{
  "label": "face_simple",
  "ds_mm": 2.0,
  "min_det": 0.0062499960746757646,
  "scale": 1.2592953306871961,
  "rot_deg": -32.906876980890665,
  "dx_mm": -23.752254541581536,
  "dy_mm": -2.300025044211832
}