{
  "label": "face_simple",
  "ds_mm": 2.0,
  "scale": 1.1587034826938007,
  "rot_deg": 37.832172339190336,
  "dx_mm": -5.653286335416972,
  "dy_mm": -22.227974538219918
}