{
  "label": "face_simple",
  "ds_mm": 2.0,
  "min_det": 0.0063613765085206156,
  "scale": 0.6949578554277225,
  "rot_deg": 42.274162214829715,
  "dx_mm": -5.214933648454075,
  "dy_mm": 26.429521164352252
}