{
  "label": "face_simple",
  "ds_mm": 2.0,
  "min_det": 0.006319767854671106,
  "scale": 1.0289225122727148,
  "rot_deg": 39.003509170729956,
  "dx_mm": -24.653477415636722,
  "dy_mm": -16.52185511995104
}