{
  "label": "face_simple",
  "ds_mm": 2.0,
  "min_det": 0.006120222066517551,
  "scale": 1.3295735787071035,
  "rot_deg": 27.892588737131973,
  "dx_mm": -24.783407687536805,
  "dy_mm": -12.07795093629337
}