{
  "label": "face_simple",
  "ds_mm": 2.0,
  "scale": 1.1626364605447042,
  "rot_deg": -27.560824768206857,
  "dx_mm": -10.779158399579906,
  "dy_mm": 19.487731355902596
}