{
  "label": "face_simple",
  "ds_mm": 2.0,
  "scale": 1.2443817909906096,
  "rot_deg": 0.4875753287999913,
  "dx_mm": -23.27248903939418,
  "dy_mm": -3.3036851367947193
}