{
  "label": "face_simple",
  "ds_mm": 2.0,
  "scale": 0.9959032493703475,
  "rot_deg": -8.35279096152437,
  "dx_mm": -13.685292394074924,
  "dy_mm": 10.089350528789382
}