{
  "label": "face_simple",
  "ds_mm": 2.0,
  "scale": 1.4074303275606812,
  "rot_deg": -0.16167157063325277,
  "dx_mm": 28.670180506798673,
  "dy_mm": -1.821413887933513
}