{
  "label": "face_simple",
  "ds_mm": 2.0,
  "min_det": 0.005687838936834883,
  "scale": 1.3108639231852899,
  "rot_deg": -44.10547819963439,
  "dx_mm": 23.82217795503407,
  "dy_mm": 9.812031096176682
}