{
  "label": "face_simple",
  "ds_mm": 2.0,
  "min_det": 0.006267293238351785,
  "scale": 0.9797067920459075,
  "rot_deg": -32.68449358680148,
  "dx_mm": -15.135120572885693,
  "dy_mm": -17.846483621384017
}