{
  "label": "face_simple",
  "ds_mm": 2.0,
  "scale": 0.8587721145097635,
  "rot_deg": 43.76458770505057,
  "dx_mm": -19.04527574213528,
  "dy_mm": -27.746926298516094
}