{
  "label": "face_simple",
  "ds_mm": 2.0,
  "min_det": 0.00653156095724834,
  "scale": 0.8232117772825868,
  "rot_deg": 8.436901861064626,
  "dx_mm": -27.761810331399623,
  "dy_mm": -27.42997383085466
}