{
  "label": "face_simple",
  "ds_mm": 2.0,
  "scale": 0.7065772210768634,
  "rot_deg": 32.414619607486614,
  "dx_mm": -29.188671213382424,
  "dy_mm": 18.42679240706059
}