{
  "label": "face_simple",
  "ds_mm": 2.0,
  "min_det": 0.006275578084032466,
  "scale": 1.1881212343022185,
  "rot_deg": -38.5067089638798,
  "dx_mm": -22.522276732899872,
  "dy_mm": -5.621069741419639
}