{
  "label": "face_simple",
  "ds_mm": 2.0,
  "min_det": 0.006345158771741861,
  "scale": 0.8305626562999961,
  "rot_deg": -0.5251928994544812,
  "dx_mm": -10.735337030490566,
  "dy_mm": -3.6060986857598145
}