{
  "label": "face_simple",
  "ds_mm": 2.0,
  "min_det": 0.005901163219445759,
  "scale": 1.3180069836627184,
  "rot_deg": -40.43269901581199,
  "dx_mm": 2.0132384505894194,
  "dy_mm": -1.6515679149452076
}