{
  "label": "face_simple",
  "ds_mm": 2.0,
  "scale": 0.892117006573556,
  "rot_deg": -39.85326949440844,
  "dx_mm": -5.058684385271704,
  "dy_mm": 25.692064775773794
}