{
  "label": "face_simple",
  "ds_mm": 2.0,
  "scale": 0.6676411989007665,
  "rot_deg": 44.97284578900589,
  "dx_mm": -19.84397228787796,
  "dy_mm": 1.2506466614404985
}