{
  "label": "face_simple",
  "ds_mm": 2.0,
  "scale": 1.2088289910017003,
  "rot_deg": -20.281979549851904,
  "dx_mm": 2.129322203999436,
  "dy_mm": -11.216707824284242
}