{
  "label": "face_simple",
  "ds_mm": 2.0,
  "scale": 1.0551389540212361,
  "rot_deg": 20.239019028810887,
  "dx_mm": -24.347299552026747,
  "dy_mm": -29.939431038075032
}