{
  "label": "face_simple",
  "ds_mm": 2.0,
  "min_det": 0.006136064972719701,
  "scale": 1.0512164102255783,
  "rot_deg": -39.46204555079805,
  "dx_mm": -4.048765497091363,
  "dy_mm": 15.578256728003453
}