{
  "label": "face_simple",
  "ds_mm": 2.0,
  "scale": 0.8663912332369144,
  "rot_deg": 26.240316195041544,
  "dx_mm": -7.603785746632955,
  "dy_mm": 15.710188996322636
}