{
  "label": "face_simple",
  "ds_mm": 2.0,
  "scale": 0.7675037292248613,
  "rot_deg": -0.8073935518193238,
  "dx_mm": -20.79212690175486,
  "dy_mm": 0.3690922620702217
}