{
  "label": "face_simple",
  "ds_mm": 2.0,
  "min_det": 0.005895245940827355,
  "scale": 1.363756169244429,
  "rot_deg": 42.83977433097736,
  "dx_mm": -7.90434725028604,
  "dy_mm": 29.25585885461627
}