{
  "label": "face_simple",
  "ds_mm": 2.0,
  "scale": 1.4144787869819848,
  "rot_deg": -11.724086620642325,
  "dx_mm": -19.499823663843642,
  "dy_mm": -9.021128428737843
}