{
  "label": "face_simple",
  "ds_mm": 2.0,
  "min_det": 0.0060017823191049115,
  "scale": 1.048461601507441,
  "rot_deg": 43.25628400483107,
  "dx_mm": -1.857583540363759,
  "dy_mm": -14.0942125461753
}