{
  "label": "face_simple",
  "ds_mm": 2.0,
  "min_det": 0.00595263658595474,
  "scale": 0.8783985042218563,
  "rot_deg": 0.8411163244242843,
  "dx_mm": 17.457442161014946,
  "dy_mm": 15.042726055128455
}