{
  "label": "face_simple",
  "ds_mm": 2.0,
  "scale": 1.1919639375994628,
  "rot_deg": -14.242438754855925,
  "dx_mm": -11.893928692507291,
  "dy_mm": 23.202992566515967
}