{
  "label": "face_simple",
  "ds_mm": 2.0,
  "scale": 1.102621989655554,
  "rot_deg": 16.069638815185762,
  "dx_mm": -15.787326982725949,
  "dy_mm": -15.818817526893705
}