{
  "label": "face_simple",
  "ds_mm": 2.0,
  "scale": 1.3420327204631524,
  "rot_deg": -22.29507745661647,
  "dx_mm": -14.55678984805475,
  "dy_mm": 22.08671511341221
}