{
  "label": "face_simple",
  "ds_mm": 2.0,
  "min_det": 0.005962169796350293,
  "scale": 0.9790791573177993,
  "rot_deg": -24.957814230226692,
  "dx_mm": 12.939310940048593,
  "dy_mm": 8.81251948907282
}