{
  "label": "face_simple",
  "ds_mm": 2.0,
  "scale": 0.7810056337406198,
  "rot_deg": -25.810857841717414,
  "dx_mm": -21.201227605266105,
  "dy_mm": 23.030626221080922
}