{
  "label": "face_simple",
  "ds_mm": 2.0,
  "min_det": 0.006110568652974407,
  "scale": 0.6273406944381833,
  "rot_deg": -28.77072776126629,
  "dx_mm": 16.75412751539765,
  "dy_mm": 24.675543132813594
}