{
  "label": "face_simple",
  "ds_mm": 2.0,
  "scale": 0.6906981425393439,
  "rot_deg": 6.747284434631041,
  "dx_mm": -29.200994266343386,
  "dy_mm": 2.389076681887701
}