{
  "label": "face_simple",
  "ds_mm": 2.0,
  "min_det": 0.006335926035406228,
  "scale": 0.8498041617407681,
  "rot_deg": 20.792230389164075,
  "dx_mm": -10.350761400752994,
  "dy_mm": 25.786389222256247
}