{
  "label": "face_simple",
  "ds_mm": 2.0,
  "min_det": 0.005934944424749932,
  "scale": 1.1330304953744808,
  "rot_deg": -42.013296071734466,
  "dx_mm": 7.097917616137195,
  "dy_mm": -4.999048024904763
}