{
  "label": "face_simple",
  "ds_mm": 2.0,
  "min_det": 0.006185690100695104,
  "scale": 1.0337087911285248,
  "rot_deg": -16.668982809455482,
  "dx_mm": -8.084574327035593,
  "dy_mm": 2.9730930760869754
}