{
  "label": "face_simple",
  "ds_mm": 2.0,
  "scale": 0.812141743424454,
  "rot_deg": 30.944218748116853,
  "dx_mm": -15.357193075974095,
  "dy_mm": -22.694187528203585
}