{
  "label": "face_simple",
  "ds_mm": 2.0,
  "scale": 1.436106378027032,
  "rot_deg": -38.33503257129057,
  "dx_mm": 12.085753109029191,
  "dy_mm": -28.35531530892042
}