{
  "label": "face_simple",
  "ds_mm": 2.0,
  "scale": 0.8196149326321985,
  "rot_deg": 1.3221044865421732,
  "dx_mm": 2.0748572939838965,
  "dy_mm": -22.392833528490794
}