{
  "label": "face_simple",
  "ds_mm": 2.0,
  "min_det": 0.005819069034101613,
  "scale": 0.8667841732334876,
  "rot_deg": -38.89943183524802,
  "dx_mm": 28.374691756868053,
  "dy_mm": -18.3185453810556
}