{
  "label": "face_simple",
  "ds_mm": 2.0,
  "min_det": 0.005948264919588498,
  "scale": 1.3051458748755098,
  "rot_deg": -12.44730685597112,
  "dx_mm": -12.986836637106123,
  "dy_mm": -29.627900604755794
}