{
  "label": "face_simple",
  "ds_mm": 2.0,
  "scale": 1.2277511136126908,
  "rot_deg": 17.71904168995725,
  "dx_mm": 1.6404380094518025,
  "dy_mm": 16.688169913908347
}