{
  "label": "face_simple",
  "ds_mm": 2.0,
  "scale": 1.431847400024152,
  "rot_deg": -8.652217347280896,
  "dx_mm": -4.6273551765244,
  "dy_mm": 28.824208360946685
}