{
  "label": "face_simple",
  "ds_mm": 2.0,
  "min_det": 0.0056915440087815265,
  "scale": 1.4381463104611831,
  "rot_deg": -40.34174584091446,
  "dx_mm": 14.897735904780951,
  "dy_mm": 15.034642203046502
}