{
  "label": "face_simple",
  "ds_mm": 2.0,
  "scale": 0.9041704905294881,
  "rot_deg": 14.376204906791557,
  "dx_mm": -17.206674221767834,
  "dy_mm": 19.34649088359874
}