{
  "label": "face_simple",
  "ds_mm": 2.0,
  "min_det": 0.005936560313901629,
  "scale": 1.4940191464577524,
  "rot_deg": -23.009273678609354,
  "dx_mm": -12.378948343208144,
  "dy_mm": -7.469447749951719
}