{
  "label": "face_simple",
  "ds_mm": 2.0,
  "scale": 1.1493882173436223,
  "rot_deg": 34.993962403404794,
  "dx_mm": 9.002976780414748,
  "dy_mm": 10.347398882054861
}