{
  "label": "face_simple",
  "ds_mm": 2.0,
  "scale": 1.2403799740605392,
  "rot_deg": -37.30025809157028,
  "dx_mm": 29.479231411292076,
  "dy_mm": 7.408392864297234
}