{
  "label": "face_simple",
  "ds_mm": 2.0,
  "min_det": 0.005886354633594189,
  "scale": 1.144192079042163,
  "rot_deg": -30.80445251605762,
  "dx_mm": 9.002417758951431,
  "dy_mm": 24.801619362312536
}