{
  "label": "face_simple",
  "ds_mm": 2.0,
  "scale": 1.3438657131049863,
  "rot_deg": -5.575594190221359,
  "dx_mm": 6.912691261532935,
  "dy_mm": 24.402518098577538
}