{
  "label": "face_simple",
  "ds_mm": 2.0,
  "scale": 1.1659298621823766,
  "rot_deg": -0.2994585298294936,
  "dx_mm": 26.725540445383764,
  "dy_mm": 21.411548569776933
}