{
  "label": "face_simple",
  "ds_mm": 2.0,
  "min_det": 0.00608959157339011,
  "scale": 0.9901505371422052,
  "rot_deg": 11.505008017256664,
  "dx_mm": -0.7050591068886192,
  "dy_mm": 27.064976861381197
}