{
  "label": "face_simple",
  "ds_mm": 2.0,
  "min_det": 0.006031021317214459,
  "scale": 1.219314392272981,
  "rot_deg": 7.601953482016647,
  "dx_mm": -5.939072317271425,
  "dy_mm": 17.513748067482382
}