{
  "label": "face_simple",
  "ds_mm": 2.0,
  "min_det": 0.005647953795676511,
  "scale": 1.385444641498618,
  "rot_deg": -34.830772307426756,
  "dx_mm": 27.84005967545069,
  "dy_mm": -8.408689299187255
}