{
  "label": "face_simple",
  "ds_mm": 2.0,
  "scale": 0.7149762157301169,
  "rot_deg": 7.8679736807154015,
  "dx_mm": 28.543331366263523,
  "dy_mm": 0.5165432400973273
}