{
  "label": "face_simple",
  "ds_mm": 2.0,
  "min_det": 0.006047752751193239,
  "scale": 0.9683001833019691,
  "rot_deg": -11.647756907123878,
  "dx_mm": 1.383033825498888,
  "dy_mm": -15.442617895533918
}