{
  "label": "face_simple",
  "ds_mm": 2.0,
  "scale": 1.0458175107083734,
  "rot_deg": -18.79700953314814,
  "dx_mm": 8.681081114675827,
  "dy_mm": -29.49203355708676
}