{
  "label": "face_simple",
  "ds_mm": 2.0,
  "scale": 1.1400497311640765,
  "rot_deg": 13.488632781302847,
  "dx_mm": 17.71097048872906,
  "dy_mm": 18.625327929742006
}