{
  "label": "face_simple",
  "ds_mm": 2.0,
  "scale": 1.1015936749230362,
  "rot_deg": -29.09498637506079,
  "dx_mm": 15.54653370819549,
  "dy_mm": -1.9577886708080925
}