{
  "label": "face_simple",
  "ds_mm": 2.0,
  "scale": 1.1144671352476445,
  "rot_deg": 0.10537583632365255,
  "dx_mm": 15.57242664335022,
  "dy_mm": 26.036436991298153
}