{
  "label": "face_simple",
  "ds_mm": 2.0,
  "scale": 0.9425035682889079,
  "rot_deg": 14.632605639442843,
  "dx_mm": 3.5507657421572816,
  "dy_mm": 12.202607225594988
}