{
  "label": "face_simple",
  "ds_mm": 2.0,
  "min_det": 0.005761413404254066,
  "scale": 1.2567244256578982,
  "rot_deg": -33.553969836226976,
  "dx_mm": 18.825247759690953,
  "dy_mm": 10.333798461842854
}