{
  "label": "face_simple",
  "ds_mm": 2.0,
  "scale": 1.3582248083104087,
  "rot_deg": -27.887049538673143,
  "dx_mm": -3.3356240753563178,
  "dy_mm": -16.830025850889733
}