{
  "label": "face_simple",
  "ds_mm": 2.0,
  "min_det": 0.006443083380745047,
  "scale": 0.8771200118141217,
  "rot_deg": 3.8345855206348958,
  "dx_mm": -16.99068228460363,
  "dy_mm": 19.519139859186687
}