{
  "label": "face_simple",
  "ds_mm": 2.0,
  "min_det": 0.005778953168423236,
  "scale": 0.9652975954715097,
  "rot_deg": 12.152421471797368,
  "dx_mm": 29.82778820685489,
  "dy_mm": 8.01924243234184
}