{
  "label": "face_simple",
  "ds_mm": 2.0,
  "min_det": 0.005903119509727553,
  "scale": 1.1413891450635703,
  "rot_deg": -6.546859192991121,
  "dx_mm": 8.804872854282358,
  "dy_mm": 18.83959348212459
}