{
  "label": "face_simple",
  "ds_mm": 2.0,
  "scale": 0.8927478478457577,
  "rot_deg": 3.7566412332474783,
  "dx_mm": -24.734492720433355,
  "dy_mm": -29.31064728715326
}