{
  "label": "face_simple",
  "ds_mm": 2.0,
  "min_det": 0.0062323769028080995,
  "scale": 1.2477374770516358,
  "rot_deg": -39.35029441081072,
  "dx_mm": -21.87748059628383,
  "dy_mm": -2.819571281181908
}