{
  "label": "face_simple",
  "ds_mm": 2.0,
  "min_det": 0.005830229283925425,
  "scale": 1.2467683866057797,
  "rot_deg": 10.053213725864566,
  "dx_mm": 9.668751812191879,
  "dy_mm": 17.235605039407773
}