{
  "label": "face_simple",
  "ds_mm": 2.0,
  "scale": 1.1531087948118772,
  "rot_deg": 37.31699091533656,
  "dx_mm": -25.67667652797677,
  "dy_mm": -26.92484664370543
}