{
  "label": "face_simple",
  "ds_mm": 2.0,
  "min_det": 0.005843640271404938,
  "scale": 0.8944344910064521,
  "rot_deg": 32.675597713010944,
  "dx_mm": 17.980330348076244,
  "dy_mm": -25.828024018952405
}