{
  "label": "face_simple",
  "ds_mm": 2.0,
  "min_det": 0.006056670428619382,
  "scale": 0.7082254485252188,
  "rot_deg": -39.688134454050804,
  "dx_mm": 15.442525704621609,
  "dy_mm": -11.725384347550445
}