{
  "label": "face_simple",
  "ds_mm": 2.0,
  "min_det": 0.006335484608264286,
  "scale": 0.8880297274277611,
  "rot_deg": -10.841115419940152,
  "dx_mm": -19.302854176618048,
  "dy_mm": -29.08305592137762
}