{
  "label": "face_simple",
  "ds_mm": 2.0,
  "min_det": 0.006134030388709701,
  "scale": 0.9749256258200307,
  "rot_deg": 38.30984979643166,
  "dx_mm": -3.603160398701057,
  "dy_mm": 11.218893956961224
}