{
  "label": "face_simple",
  "ds_mm": 2.0,
  "min_det": 0.006442018780622913,
  "scale": 0.9327871281197163,
  "rot_deg": 26.43371565343932,
  "dx_mm": -22.468857579826434,
  "dy_mm": 0.2326107471589225
}