{
  "label": "face_simple",
  "ds_mm": 2.0,
  "min_det": 0.006362178029315718,
  "scale": 0.648073833067423,
  "rot_deg": 24.068310288031043,
  "dx_mm": -5.262045461976545,
  "dy_mm": -11.40275258605869
}