{
  "label": "face_simple",
  "ds_mm": 2.0,
  "min_det": 0.006161456396946845,
  "scale": 1.2188160460389417,
  "rot_deg": 40.43112941127282,
  "dx_mm": -24.466835757795426,
  "dy_mm": -17.254993653488334
}