{
  "label": "face_simple",
  "ds_mm": 2.0,
  "min_det": 0.005667355208179835,
  "scale": 1.4760114625066802,
  "rot_deg": -20.003738715489266,
  "dx_mm": 13.189243060796983,
  "dy_mm": 19.212213247194654
}