{
  "label": "face_simple",
  "ds_mm": 2.0,
  "min_det": 0.005774517378203679,
  "scale": 1.2662227568869389,
  "rot_deg": -20.243829626803407,
  "dx_mm": 14.526439952599645,
  "dy_mm": -12.31829492663142
}