{
  "label": "face_simple",
  "ds_mm": 2.0,
  "scale": 1.0141302526143325,
  "rot_deg": -7.669504546411673,
  "dx_mm": -6.528255760836036,
  "dy_mm": -21.31467238722505
}