{
  "label": "face_simple",
  "ds_mm": 2.0,
  "scale": 1.4476739627404762,
  "rot_deg": 32.15524732730411,
  "dx_mm": -25.46282782545994,
  "dy_mm": -18.35124697496956
}