{
  "label": "face_simple",
  "ds_mm": 2.0,
  "min_det": 0.006363133125130344,
  "scale": 1.0627197265181874,
  "rot_deg": -35.91518615572731,
  "dx_mm": -24.116459222648402,
  "dy_mm": -13.717465351191503
}