{
  "label": "face_simple",
  "ds_mm": 2.0,
  "scale": 0.801282709840102,
  "rot_deg": -28.765560017680674,
  "dx_mm": -12.612178455968326,
  "dy_mm": -13.782453783034143
}