{
  "label": "face_simple",
  "ds_mm": 2.0,
  "scale": 1.4389736555957495,
  "rot_deg": -13.221763186960732,
  "dx_mm": 24.41786672835604,
  "dy_mm": 4.699086803109353
}