{
  "label": "face_simple",
  "ds_mm": 2.0,
  "scale": 1.2840822068571518,
  "rot_deg": -0.6004426027629606,
  "dx_mm": -9.512710841934428,
  "dy_mm": -5.578725659329411
}