{
  "label": "face_simple",
  "ds_mm": 2.0,
  "min_det": 0.005858732920441261,
  "scale": 1.2499711655632837,
  "rot_deg": 8.450257549950166,
  "dx_mm": -1.6586161796859251,
  "dy_mm": -25.97065127779512
}