{
  "label": "face_simple",
  "ds_mm": 2.0,
  "scale": 1.070428962697888,
  "rot_deg": 10.659017665848559,
  "dx_mm": 2.5156390883523088,
  "dy_mm": -18.91728047116915
}