{
  "label": "face_simple",
  "ds_mm": 2.0,
  "min_det": 0.006631775934723801,
  "scale": 0.6859237009692628,
  "rot_deg": 22.95343376786903,
  "dx_mm": -19.806628471886768,
  "dy_mm": 5.155831223146748
}