{
  "label": "face_simple",
  "ds_mm": 2.0,
  "min_det": 0.00673706484395637,
  "scale": 0.7637414422719129,
  "rot_deg": -21.23859285993324,
  "dx_mm": -26.80746112137058,
  "dy_mm": 12.19843760738511
}