{
  "label": "face_simple",
  "ds_mm": 2.0,
  "scale": 1.2834034463938209,
  "rot_deg": 14.069636671223584,
  "dx_mm": -7.664619532857984,
  "dy_mm": -5.439287742562623
}