{
  "label": "face_simple",
  "ds_mm": 2.0,
  "min_det": 0.0061987820004417125,
  "scale": 1.0810510286513384,
  "rot_deg": 3.4446705830764373,
  "dx_mm": -12.64336418857934,
  "dy_mm": 1.2380489438854667
}