{
  "label": "face_simple",
  "ds_mm": 2.0,
  "scale": 0.8635501778146683,
  "rot_deg": 7.48900234979876,
  "dx_mm": 23.45912701780805,
  "dy_mm": -16.71418634914062
}