{
  "label": "face_simple",
  "ds_mm": 2.0,
  "min_det": 0.005778748302645059,
  "scale": 1.3932264838382615,
  "rot_deg": -31.31599518019096,
  "dx_mm": 9.501639721047567,
  "dy_mm": -8.506091390144526
}