{
  "label": "face_simple",
  "ds_mm": 2.0,
  "scale": 1.430575155243875,
  "rot_deg": 24.31098076686267,
  "dx_mm": 19.53888381694469,
  "dy_mm": -0.8634598940101341
}