{
  "label": "face_simple",
  "ds_mm": 2.0,
  "scale": 0.81618043667581,
  "rot_deg": 27.161746659193966,
  "dx_mm": -15.81639637190002,
  "dy_mm": 12.81777870233806
}