{
  "label": "face_simple",
  "ds_mm": 2.0,
  "min_det": 0.005799775680650751,
  "scale": 0.9841656026016782,
  "rot_deg": -15.95632000292818,
  "dx_mm": 21.935034168310956,
  "dy_mm": -22.960596299482603
}