{
  "label": "face_simple",
  "ds_mm": 2.0,
  "min_det": 0.005810494999139444,
  "scale": 1.006068844928405,
  "rot_deg": -38.96018671894069,
  "dx_mm": 26.22187446239574,
  "dy_mm": -1.2839384637456597
}