{
  "label": "face_simple",
  "ds_mm": 2.0,
  "scale": 1.4778965658090117,
  "rot_deg": -39.3569363173347,
  "dx_mm": -12.545158561166186,
  "dy_mm": -26.92351437616201
}