{
  "label": "face_simple",
  "ds_mm": 2.0,
  "min_det": 0.0064813987424590215,
  "scale": 0.758033787771208,
  "rot_deg": -1.7890117591458363,
  "dx_mm": -20.13925950712273,
  "dy_mm": -23.953721235437015
}