{
  "label": "face_simple",
  "ds_mm": 2.0,
  "scale": 0.6177497638603071,
  "rot_deg": 35.42753067980331,
  "dx_mm": 21.683381793566788,
  "dy_mm": 6.0135748413731775
}