{
  "label": "face_simple",
  "ds_mm": 2.0,
  "min_det": 0.006173052310967352,
  "scale": 0.6398460035304556,
  "rot_deg": 39.771786813347276,
  "dx_mm": 10.43362813627737,
  "dy_mm": 13.448619380850388
}