{
  "label": "face_simple",
  "ds_mm": 2.0,
  "min_det": 0.006413339984931061,
  "scale": 0.7079578076931535,
  "rot_deg": 40.059808911909826,
  "dx_mm": -8.651731153024393,
  "dy_mm": 12.99405772930885
}