{
  "label": "face_simple",
  "ds_mm": 2.0,
  "min_det": 0.0059962488244019825,
  "scale": 1.2289323042659763,
  "rot_deg": -0.5134934173375143,
  "dx_mm": -8.65213711768336,
  "dy_mm": -16.32921582181252
}