{
  "label": "face_simple",
  "ds_mm": 2.0,
  "min_det": 0.006753121501382229,
  "scale": 0.694512793595692,
  "rot_deg": -4.394733774038329,
  "dx_mm": -24.517735301040744,
  "dy_mm": 21.38019808453511
}