{
  "label": "face_simple",
  "ds_mm": 2.0,
  "scale": 0.6952534999905953,
  "rot_deg": -38.69404498580513,
  "dx_mm": -1.8943497009921337,
  "dy_mm": -12.272225348305412
}