{
  "label": "face_simple",
  "ds_mm": 2.0,
  "scale": 1.3038216382536993,
  "rot_deg": -37.32907250782968,
  "dx_mm": -11.789433245386768,
  "dy_mm": 23.319133267903084
}