{
  "label": "face_simple",
  "ds_mm": 2.0,
  "min_det": 0.005672567374168904,
  "scale": 1.2823595122143483,
  "rot_deg": 15.95142869977694,
  "dx_mm": 20.322150530582917,
  "dy_mm": -21.511842701204394
}