{
  "label": "face_simple",
  "ds_mm": 2.0,
  "scale": 1.2199350083359475,
  "rot_deg": 43.20294583174663,
  "dx_mm": -17.253622000293223,
  "dy_mm": 7.2073654202770285
}