{
  "label": "face_simple",
  "ds_mm": 2.0,
  "scale": 0.9374167747071205,
  "rot_deg": 9.046131647406398,
  "dx_mm": -26.679740653398063,
  "dy_mm": 0.27341135010537343
}