{
  "label": "face_simple",
  "ds_mm": 2.0,
  "min_det": 0.005989319961721983,
  "scale": 1.230539993189394,
  "rot_deg": -16.83086139854144,
  "dx_mm": -4.535177893743324,
  "dy_mm": -8.379448121945789
}