{
  "label": "face_simple",
  "ds_mm": 2.0,
  "min_det": 0.006187575531948982,
  "scale": 1.0899690712439651,
  "rot_deg": -0.8886895506807804,
  "dx_mm": -19.69940216434211,
  "dy_mm": -26.45019088590562
}