{
  "label": "face_simple",
  "ds_mm": 2.0,
  "scale": 0.989386317488161,
  "rot_deg": -10.052598745583985,
  "dx_mm": -6.495122163262323,
  "dy_mm": 5.3173521673251045
}