{
  "label": "face_simple",
  "ds_mm": 2.0,
  "scale": 0.932966313433893,
  "rot_deg": 15.118518402073882,
  "dx_mm": 12.660312811261491,
  "dy_mm": -24.20343946093162
}