{
  "label": "face_simple",
  "ds_mm": 2.0,
  "scale": 0.7885596621145928,
  "rot_deg": 20.95691263224336,
  "dx_mm": -20.761546599933688,
  "dy_mm": 9.546493085565437
}