{
  "label": "face_simple",
  "ds_mm": 2.0,
  "min_det": 0.006054196313664749,
  "scale": 1.2986962857883957,
  "rot_deg": -35.73821225446977,
  "dx_mm": -9.521078648128753,
  "dy_mm": 12.939964006691724
}