{
  "label": "face_simple",
  "ds_mm": 2.0,
  "scale": 0.9641427847424675,
  "rot_deg": 20.577608787741426,
  "dx_mm": 15.041462172468115,
  "dy_mm": -1.9248314840433132
}