{
  "label": "face_simple",
  "ds_mm": 2.0,
  "min_det": 0.0056764363860006845,
  "scale": 1.4835926538290947,
  "rot_deg": 39.15545972322151,
  "dx_mm": 7.528597410038806,
  "dy_mm": 21.7195742617859
}