{
  "label": "face_simple",
  "ds_mm": 2.0,
  "min_det": 0.005773542734814076,
  "scale": 0.9983080999336127,
  "rot_deg": 2.938694794086018,
  "dx_mm": 27.97901948907208,
  "dy_mm": -8.595937224929322
}