{
  "label": "face_simple",
  "ds_mm": 2.0,
  "min_det": 0.006218351875132859,
  "scale": 0.7754848143487775,
  "rot_deg": 13.452939326830247,
  "dx_mm": 0.5377809839220475,
  "dy_mm": 0.7605544735170646
}