{
  "label": "face_simple",
  "ds_mm": 2.0,
  "scale": 1.4352080694571132,
  "rot_deg": -44.601019356354044,
  "dx_mm": 3.2714360809891616,
  "dy_mm": 2.9987583638878874
}