{
  "label": "face_simple",
  "ds_mm": 2.0,
  "min_det": 0.006465118535248422,
  "scale": 0.9540659936759879,
  "rot_deg": 12.559874567566837,
  "dx_mm": -27.8681777142329,
  "dy_mm": -16.367836833065986
}