{
  "label": "face_simple",
  "ds_mm": 2.0,
  "scale": 1.2349729337906254,
  "rot_deg": -14.930958494057162,
  "dx_mm": -21.418684730400507,
  "dy_mm": 22.353764573129403
}