{
  "label": "face_simple",
  "ds_mm": 2.0,
  "scale": 1.3015394993192162,
  "rot_deg": 7.730438156091303,
  "dx_mm": 13.623138321679505,
  "dy_mm": -28.943110161053163
}