{
  "label": "face_simple",
  "ds_mm": 2.0,
  "scale": 1.0451690764117918,
  "rot_deg": -2.3029627662526124,
  "dx_mm": -21.250301832352257,
  "dy_mm": 2.7824330712348697
}