{
  "label": "face_simple",
  "ds_mm": 2.0,
  "min_det": 0.006590159593024919,
  "scale": 0.6108923368312418,
  "rot_deg": 22.070841576664606,
  "dx_mm": -13.022447261429303,
  "dy_mm": 23.402232135726422
}