{
  "label": "face_simple",
  "ds_mm": 2.0,
  "min_det": 0.005948543023790985,
  "scale": 1.4750474118907142,
  "rot_deg": 18.315672806848568,
  "dx_mm": -19.976810663537883,
  "dy_mm": -18.11133086368792
}