{
  "label": "face_simple",
  "ds_mm": 2.0,
  "scale": 0.8835548423064051,
  "rot_deg": -3.0667667838319588,
  "dx_mm": -2.4197620251316962,
  "dy_mm": 5.687968772366382
}