{
  "label": "face_simple",
  "ds_mm": 2.0,
  "scale": 1.0404376817141983,
  "rot_deg": 30.817565638959806,
  "dx_mm": -27.025710779244637,
  "dy_mm": -25.488409861926627
}