{
  "label": "face_simple",
  "ds_mm": 2.0,
  "min_det": 0.006055563041408569,
  "scale": 0.9977230753606111,
  "rot_deg": 6.555788699410151,
  "dx_mm": -3.2777648362595784,
  "dy_mm": -20.198931550531555
}