{
  "label": "face_simple",
  "ds_mm": 2.0,
  "min_det": 0.006058976455700574,
  "scale": 0.903312257293724,
  "rot_deg": 1.2107920512805492,
  "dx_mm": 7.449251788335111,
  "dy_mm": 17.916665841362075
}