{
  "label": "face_simple",
  "ds_mm": 2.0,
  "scale": 1.293768084637656,
  "rot_deg": 35.54621366774927,
  "dx_mm": -17.351986133326783,
  "dy_mm": 24.112906629770535
}