{
  "label": "face_simple",
  "ds_mm": 2.0,
  "scale": 0.8301826546537153,
  "rot_deg": 22.956629281073006,
  "dx_mm": 25.634103956132208,
  "dy_mm": 3.467241019250828
}