{
  "label": "face_simple",
  "ds_mm": 2.0,
  "scale": 0.7499915010553824,
  "rot_deg": 36.69565603934049,
  "dx_mm": -11.318244236118161,
  "dy_mm": -24.18922754800919
}