{
  "label": "face_simple",
  "ds_mm": 2.0,
  "min_det": 0.006340032353981087,
  "scale": 0.9193248692969576,
  "rot_deg": -44.24791783283065,
  "dx_mm": -11.616135700076143,
  "dy_mm": 10.54388815173403
}