{
  "label": "face_simple",
  "ds_mm": 2.0,
  "scale": 0.6672846751096686,
  "rot_deg": -22.41520745650081,
  "dx_mm": -13.255949656078336,
  "dy_mm": -19.88292223130477
}