{
  "label": "face_simple",
  "ds_mm": 2.0,
  "min_det": 0.006151436014871627,
  "scale": 1.2849307575279885,
  "rot_deg": 6.901990399966422,
  "dx_mm": -18.089648421990177,
  "dy_mm": 15.609790448861794
}