{
  "label": "face_simple",
  "ds_mm": 2.0,
  "scale": 1.4852003058092933,
  "rot_deg": 28.91763537337775,
  "dx_mm": 12.25450157239053,
  "dy_mm": 2.4659821864501907
}