{
  "label": "face_simple",
  "ds_mm": 2.0,
  "min_det": 0.00618049420633162,
  "scale": 1.1235306300169445,
  "rot_deg": -14.388332436044678,
  "dx_mm": -12.146155475814997,
  "dy_mm": 3.2586736440418065
}