{
  "label": "face_simple",
  "ds_mm": 2.0,
  "scale": 0.717098473661255,
  "rot_deg": 9.443110262334955,
  "dx_mm": -3.266284336198588,
  "dy_mm": 26.945396831045116
}