{
  "label": "face_simple",
  "ds_mm": 2.0,
  "min_det": 0.006066320582052937,
  "scale": 0.6609014998101547,
  "rot_deg": 22.410935665740084,
  "dx_mm": 17.288950752684386,
  "dy_mm": 1.0395153178097019
}