{
  "label": "face_simple",
  "ds_mm": 2.0,
  "scale": 0.8827764040331627,
  "rot_deg": -37.218269255856285,
  "dx_mm": 18.21426752174051,
  "dy_mm": -7.498108481303806
}