{
  "label": "face_simple",
  "ds_mm": 2.0,
  "min_det": 0.006289051553648854,
  "scale": 0.6962258546344715,
  "rot_deg": 36.71771102292078,
  "dx_mm": -0.1412360703879436,
  "dy_mm": 14.067380803855592
}