{
  "label": "face_simple",
  "ds_mm": 2.0,
  "scale": 1.0531108536753502,
  "rot_deg": -38.348634403118176,
  "dx_mm": -15.931515286325986,
  "dy_mm": 6.622585598325287
}