{
  "label": "face_simple",
  "ds_mm": 2.0,
  "scale": 1.4738855987092556,
  "rot_deg": -16.32371907679438,
  "dx_mm": 1.6728910021918963,
  "dy_mm": 28.845998936785932
}