{
  "label": "face_simple",
  "ds_mm": 2.0,
  "scale": 0.9573553909430936,
  "rot_deg": -6.068540912733631,
  "dx_mm": -6.015785412370477,
  "dy_mm": 25.6301705125394
}