{
  "label": "face_simple",
  "ds_mm": 2.0,
  "scale": 0.6667344635840923,
  "rot_deg": -35.570664699935435,
  "dx_mm": -8.961876524002644,
  "dy_mm": 28.440819550880853
}