{
  "label": "face_simple",
  "ds_mm": 2.0,
  "scale": 1.2519163173632277,
  "rot_deg": -44.03109620349765,
  "dx_mm": 3.82165222739944,
  "dy_mm": 14.216206650391982
}