{
  "label": "face_simple",
  "ds_mm": 2.0,
  "scale": 1.276374988861546,
  "rot_deg": -0.509779759951229,
  "dx_mm": 15.776673803871475,
  "dy_mm": -27.06185814243151
}