{
  "label": "face_simple",
  "ds_mm": 2.0,
  "min_det": 0.005963465436036567,
  "scale": 1.1513386142795496,
  "rot_deg": 33.852405893973085,
  "dx_mm": -0.8045146275711765,
  "dy_mm": 27.476972839389397
}