{
  "label": "face_simple",
  "ds_mm": 2.0,
  "scale": 0.9921452657636943,
  "rot_deg": 11.444365705057741,
  "dx_mm": -21.176374190287074,
  "dy_mm": -1.0140849526675488
}