{
  "label": "face_simple",
  "ds_mm": 2.0,
  "min_det": 0.005715337976394298,
  "scale": 1.291251958885995,
  "rot_deg": -9.361613717063854,
  "dx_mm": 21.2464375387068,
  "dy_mm": 10.938641201502499
}