{
  "label": "face_simple",
  "ds_mm": 2.0,
  "scale": 0.9859230042345962,
  "rot_deg": 10.814188365693703,
  "dx_mm": -25.594501452532736,
  "dy_mm": -16.40684797812486
}