{
  "label": "face_simple",
  "ds_mm": 2.0,
  "scale": 0.7177431902712863,
  "rot_deg": 32.99381381535453,
  "dx_mm": 24.337535556274496,
  "dy_mm": 19.13203627741205
}