{
  "label": "face_simple",
  "ds_mm": 2.0,
  "min_det": 0.006321204563930785,
  "scale": 0.87108299796543,
  "rot_deg": -19.15616492324141,
  "dx_mm": -10.739473912932006,
  "dy_mm": -5.324160417763785
}