{
  "label": "face_simple",
  "ds_mm": 2.0,
  "scale": 0.9150883563422596,
  "rot_deg": -8.84935572528373,
  "dx_mm": 18.157305895559062,
  "dy_mm": 5.031269304200052
}