{
  "label": "face_simple",
  "ds_mm": 2.0,
  "scale": 0.893886853197049,
  "rot_deg": 1.5316600016976594,
  "dx_mm": -1.6870486802725395,
  "dy_mm": 1.0270303000697183
}