{
  "label": "face_simple",
  "ds_mm": 2.0,
  "scale": 1.2807407125986026,
  "rot_deg": -30.195080335364324,
  "dx_mm": -25.61324190623173,
  "dy_mm": 6.4775537440234245
}