{
  "label": "face_simple",
  "ds_mm": 2.0,
  "min_det": 0.0058978101913945286,
  "scale": 1.440069623264155,
  "rot_deg": 11.62682053873639,
  "dx_mm": -16.41344683069638,
  "dy_mm": -26.50672602396957
}