{
  "label": "face_simple",
  "ds_mm": 2.0,
  "scale": 1.4431032188042021,
  "rot_deg": 27.747822444295153,
  "dx_mm": -14.832820116359589,
  "dy_mm": 1.1760637592832452
}