{
  "label": "face_simple",
  "ds_mm": 2.0,
  "scale": 1.1836531474758787,
  "rot_deg": 32.770619230660856,
  "dx_mm": -7.375404384419085,
  "dy_mm": 17.41221430249609
}