{
  "label": "face_simple",
  "ds_mm": 2.0,
  "scale": 0.7216943693953574,
  "rot_deg": 32.922396482429534,
  "dx_mm": 0.872604322781573,
  "dy_mm": -8.794647364390652
}