{
  "label": "face_simple",
  "ds_mm": 2.0,
  "scale": 1.3104223387966139,
  "rot_deg": -23.78147834424757,
  "dx_mm": -19.166592273609602,
  "dy_mm": 10.119776478615123
}