{
  "label": "face_simple",
  "ds_mm": 2.0,
  "scale": 1.390934694105359,
  "rot_deg": -9.971258607020353,
  "dx_mm": -3.407363284115693,
  "dy_mm": -17.53050385155325
}