{
  "label": "face_simple",
  "ds_mm": 2.0,
  "min_det": 0.005568770501121625,
  "scale": 1.4655356100760322,
  "rot_deg": 14.205902356232492,
  "dx_mm": 28.624687435546846,
  "dy_mm": -18.995524943479452
}