{
  "label": "face_simple",
  "ds_mm": 2.0,
  "min_det": 0.005985384973133437,
  "scale": 1.3724597852371603,
  "rot_deg": -6.783622035592735,
  "dx_mm": -10.592079520050316,
  "dy_mm": -3.243571517151679
}