{
  "label": "face_simple",
  "ds_mm": 2.0,
  "scale": 0.7271941079856357,
  "rot_deg": 16.703324699791906,
  "dx_mm": -9.527795165721837,
  "dy_mm": -20.80537182966302
}