{
  "label": "face_simple",
  "ds_mm": 2.0,
  "scale": 0.952174844457853,
  "rot_deg": -35.05861225561085,
  "dx_mm": 9.134150466876747,
  "dy_mm": 3.674852403946346
}