{
  "label": "face_simple",
  "ds_mm": 2.0,
  "scale": 1.4294509343928594,
  "rot_deg": -4.143563015380153,
  "dx_mm": -3.016069868117274,
  "dy_mm": 10.840046433543307
}