{
  "label": "face_simple",
  "ds_mm": 2.0,
  "min_det": 0.006154709751920616,
  "scale": 0.8029249634856631,
  "rot_deg": 27.803979180347824,
  "dx_mm": 1.6327454554801513,
  "dy_mm": -7.037403596722932
}