{
  "label": "face_simple",
  "ds_mm": 2.0,
  "min_det": 0.006310419775562588,
  "scale": 0.8631391712040786,
  "rot_deg": 8.25219434264745,
  "dx_mm": -10.811220310655528,
  "dy_mm": -5.156234200374211
}