{
  "label": "face_simple",
  "ds_mm": 2.0,
  "scale": 0.8442579747577129,
  "rot_deg": 34.34227312403958,
  "dx_mm": -10.156641402679455,
  "dy_mm": 14.35780130090987
}