{
  "label": "face_simple",
  "ds_mm": 2.0,
  "scale": 1.0840187103857795,
  "rot_deg": -13.187114968431075,
  "dx_mm": 17.79464918842516,
  "dy_mm": 19.08405680594924
}