{
  "label": "face_simple",
  "ds_mm": 2.0,
  "min_det": 0.005746398460260231,
  "scale": 1.207037010095133,
  "rot_deg": 9.851212743683405,
  "dx_mm": 20.683096045606433,
  "dy_mm": -6.844964446764422
}