{
  "label": "face_simple",
  "ds_mm": 2.0,
  "min_det": 0.005769280954622248,
  "scale": 0.9923457677098437,
  "rot_deg": 5.600331289654832,
  "dx_mm": 29.929396703299012,
  "dy_mm": 7.19859523584136
}