{
  "label": "face_simple",
  "ds_mm": 2.0,
  "min_det": 0.005878946895799836,
  "scale": 1.0699680398091436,
  "rot_deg": 15.393149839642525,
  "dx_mm": 6.616305696276598,
  "dy_mm": -23.832530022749125
}