{
  "label": "face_simple",
  "ds_mm": 2.0,
  "min_det": 0.005753888378652537,
  "scale": 1.3265068922523802,
  "rot_deg": -29.37384482891595,
  "dx_mm": 17.12220121207865,
  "dy_mm": 5.22940887083103
}