{
  "label": "face_simple",
  "ds_mm": 2.0,
  "scale": 0.9054439805566041,
  "rot_deg": 18.48132711672561,
  "dx_mm": -6.15297864372079,
  "dy_mm": -15.121199200317601
}