{
  "label": "face_simple",
  "ds_mm": 2.0,
  "min_det": 0.005794878090547401,
  "scale": 0.9870962515992151,
  "rot_deg": 12.47125457573054,
  "dx_mm": 24.508638368266944,
  "dy_mm": -12.208368857552077
}