{
  "label": "face_simple",
  "ds_mm": 2.0,
  "min_det": 0.005888495466867952,
  "scale": 0.807728428088026,
  "rot_deg": -3.488877829201158,
  "dx_mm": 26.69142199977913,
  "dy_mm": -0.29287707582091116
}