{
  "label": "face_simple",
  "ds_mm": 2.0,
  "min_det": 0.006185690777224046,
  "scale": 1.3118638112102812,
  "rot_deg": -1.42512915247422,
  "dx_mm": -24.709862574165744,
  "dy_mm": -6.805562073169938
}