{
  "label": "face_simple",
  "ds_mm": 2.0,
  "scale": 0.8037034760547189,
  "rot_deg": 16.461384707167674,
  "dx_mm": 14.425523397335063,
  "dy_mm": -12.013359806005464
}