{
  "label": "face_simple",
  "ds_mm": 2.0,
  "min_det": 0.005828501425792183,
  "scale": 1.3918412209329976,
  "rot_deg": 29.42213056168012,
  "dx_mm": 1.3637558546193453,
  "dy_mm": -1.036694209037595
}