{
  "label": "face_simple",
  "ds_mm": 2.0,
  "scale": 0.857169241321567,
  "rot_deg": -27.205539893039212,
  "dx_mm": -11.743775853249293,
  "dy_mm": 2.4074241253488893
}