{
  "label": "face_simple",
  "ds_mm": 2.0,
  "scale": 1.0444959319301692,
  "rot_deg": -32.37368204106777,
  "dx_mm": -19.630655400266328,
  "dy_mm": 8.72057409239163
}