{
  "label": "face_simple",
  "ds_mm": 2.0,
  "min_det": 0.00569845326185569,
  "scale": 1.4003891997802744,
  "rot_deg": -20.097291728151582,
  "dx_mm": 19.132954862125956,
  "dy_mm": -7.450194414916712
}