{
  "label": "face_simple",
  "ds_mm": 2.0,
  "scale": 0.6559237735778484,
  "rot_deg": 24.00544107844206,
  "dx_mm": -23.922426692808443,
  "dy_mm": 17.290826506752687
}