{
  "label": "face_simple",
  "ds_mm": 2.0,
  "scale": 0.7182618944810975,
  "rot_deg": -33.28259741497655,
  "dx_mm": -18.14647450338326,
  "dy_mm": -24.200442409548554
}