{
  "label": "face_simple",
  "ds_mm": 2.0,
  "scale": 1.217261317557118,
  "rot_deg": 27.328224339235575,
  "dx_mm": 15.541335537031266,
  "dy_mm": -2.293182826269092
}