{
  "label": "face_simple",
  "ds_mm": 2.0,
  "scale": 1.4296758725664485,
  "rot_deg": -20.631729779854354,
  "dx_mm": -15.740728273801782,
  "dy_mm": -4.187880495364663
}