{
  "label": "face_simple",
  "ds_mm": 2.0,
  "scale": 0.6458163519169409,
  "rot_deg": 13.937042028293362,
  "dx_mm": -17.309380345258965,
  "dy_mm": 27.800657095577684
}