{
  "label": "face_simple",
  "ds_mm": 2.0,
  "scale": 0.740641667966128,
  "rot_deg": 18.332210206490288,
  "dx_mm": -22.75137498072663,
  "dy_mm": -7.348986704998175
}