{
  "label": "face_simple",
  "ds_mm": 2.0,
  "scale": 1.425832910404387,
  "rot_deg": -14.515772851111155,
  "dx_mm": 6.45916613421489,
  "dy_mm": -14.760373178229024
}