{
  "label": "face_simple",
  "ds_mm": 2.0,
  "scale": 0.7509474388646186,
  "rot_deg": -7.760913005891744,
  "dx_mm": 0.9372517281912138,
  "dy_mm": -11.67701044176583
}