{
  "label": "face_simple",
  "ds_mm": 2.0,
  "scale": 0.6898988918340493,
  "rot_deg": 28.130217915546496,
  "dx_mm": 29.90667253786345,
  "dy_mm": -25.234672981150425
}