{
  "label": "face_simple",
  "ds_mm": 2.0,
  "min_det": 0.006642247664131023,
  "scale": 0.7463517885021498,
  "rot_deg": -0.4903916216394464,
  "dx_mm": -29.251325775481387,
  "dy_mm": -27.24541072875136
}