{
  "label": "face_simple",
  "ds_mm": 2.0,
  "scale": 1.4754169949268083,
  "rot_deg": 1.1674676449907437,
  "dx_mm": -19.540034559711607,
  "dy_mm": -8.580747296347397
}