{
  "label": "face_simple",
  "ds_mm": 2.0,
  "min_det": 0.00621564681073792,
  "scale": 0.8712886177895087,
  "rot_deg": -39.815565451291846,
  "dx_mm": -1.8017758167056392,
  "dy_mm": 23.971915497419175
}