{
  "label": "face_simple",
  "ds_mm": 2.0,
  "min_det": 0.006708145440304337,
  "scale": 0.6142627402572195,
  "rot_deg": -31.96432926700733,
  "dx_mm": -20.999620326277963,
  "dy_mm": -10.39361994409229
}