{
  "label": "face_simple",
  "ds_mm": 2.0,
  "min_det": 0.005669139879433815,
  "scale": 1.2313352146566254,
  "rot_deg": 35.10189709660199,
  "dx_mm": 28.717896717419777,
  "dy_mm": 1.0645348923292843
}