{
  "label": "face_simple",
  "ds_mm": 2.0,
  "min_det": 0.005994105791506591,
  "scale": 1.3418523892499763,
  "rot_deg": 42.33852004241059,
  "dx_mm": -12.917100806763539,
  "dy_mm": 25.227324864751218
}