{
  "label": "face_simple",
  "ds_mm": 2.0,
  "min_det": 0.006387251562917272,
  "scale": 0.634182265116322,
  "rot_deg": 33.71878364381334,
  "dx_mm": -5.6715916318879565,
  "dy_mm": -7.45323452031618
}