{
  "label": "face_simple",
  "ds_mm": 2.0,
  "min_det": 0.006177285961737121,
  "scale": 1.2211458135567086,
  "rot_deg": -36.94606443454499,
  "dx_mm": -16.05436233119476,
  "dy_mm": 1.0776198682756757
}