{
  "label": "face_simple",
  "ds_mm": 2.0,
  "scale": 0.8077224129800034,
  "rot_deg": 9.00091221591913,
  "dx_mm": -26.975889813668562,
  "dy_mm": -0.6093383659275844
}