{
  "label": "face_simple",
  "ds_mm": 2.0,
  "scale": 1.1166549176889782,
  "rot_deg": -5.200277768634834,
  "dx_mm": 13.265197147945187,
  "dy_mm": -27.345032335521186
}