{
  "label": "face_simple",
  "ds_mm": 2.0,
  "min_det": 0.0057598289888500616,
  "scale": 1.2348512404317593,
  "rot_deg": 17.970149792183697,
  "dx_mm": 14.697426628404152,
  "dy_mm": -13.563327814026561
}