{
  "label": "face_simple",
  "ds_mm": 2.0,
  "min_det": 0.005657199716376344,
  "scale": 1.2710704123560732,
  "rot_deg": 25.73907659660013,
  "dx_mm": 26.84887982708735,
  "dy_mm": -12.117048395376198
}