{
  "label": "face_simple",
  "ds_mm": 2.0,
  "min_det": 0.0059867659651750395,
  "scale": 0.9890314227066068,
  "rot_deg": 12.882010775808368,
  "dx_mm": 8.502955229569018,
  "dy_mm": 17.42823909020705
}