{
  "label": "face_simple",
  "ds_mm": 2.0,
  "min_det": 0.006448616898050344,
  "scale": 0.9596236641755219,
  "rot_deg": -21.837976697882993,
  "dx_mm": -24.432384813267184,
  "dy_mm": -12.628079217493614
}