{
  "label": "face_simple",
  "ds_mm": 2.0,
  "min_det": 0.006204791338860055,
  "scale": 0.9767028970504193,
  "rot_deg": -40.42392322539275,
  "dx_mm": -6.089566865177542,
  "dy_mm": 2.490785285335612
}