{
  "label": "face_simple",
  "ds_mm": 2.0,
  "scale": 1.363424403731059,
  "rot_deg": 35.45911374972327,
  "dx_mm": -4.787866394350594,
  "dy_mm": 3.675259948281841
}