{
  "label": "face_simple",
  "ds_mm": 2.0,
  "scale": 0.8556612777164351,
  "rot_deg": 11.360498321353994,
  "dx_mm": -19.724568430242602,
  "dy_mm": 6.03764415337497
}