{
  "label": "face_simple",
  "ds_mm": 2.0,
  "scale": 1.2965358223313639,
  "rot_deg": -38.06545123219493,
  "dx_mm": 21.646634983434502,
  "dy_mm": 13.06946499898843
}