{
  "label": "face_simple",
  "ds_mm": 2.0,
  "min_det": 0.00566433526464425,
  "scale": 1.3998392393129935,
  "rot_deg": 28.829808341931454,
  "dx_mm": 10.21425045546539,
  "dy_mm": -27.284833307948112
}