{
  "label": "face_simple",
  "ds_mm": 2.0,
  "scale": 0.7880721946991647,
  "rot_deg": 12.169857580972518,
  "dx_mm": -10.03137642418708,
  "dy_mm": 7.222506745414627
}