{
  "label": "face_simple",
  "ds_mm": 2.0,
  "scale": 1.2096375533862893,
  "rot_deg": 21.771921783329844,
  "dx_mm": 9.151381336423263,
  "dy_mm": -7.299720346190131
}