{
  "label": "face_simple",
  "ds_mm": 2.0,
  "scale": 1.178967772230315,
  "rot_deg": -31.374143690617927,
  "dx_mm": 3.90748543199183,
  "dy_mm": -18.967598535804058
}