{
  "label": "face_simple",
  "ds_mm": 2.0,
  "min_det": 0.005764323062346329,
  "scale": 1.3689328684502895,
  "rot_deg": -14.833839139186729,
  "dx_mm": 12.998469325925953,
  "dy_mm": 9.098275865894806
}