{
  "label": "face_simple",
  "ds_mm": 2.0,
  "scale": 0.7463753470847593,
  "rot_deg": -1.2660213677978334,
  "dx_mm": -5.728563342545588,
  "dy_mm": -17.167832849656307
}