{
  "label": "face_simple",
  "ds_mm": 2.0,
  "min_det": 0.005827044240447842,
  "scale": 1.146228015685371,
  "rot_deg": 27.734002077622137,
  "dx_mm": 14.940307472041638,
  "dy_mm": 4.271223988554972
}