{
  "label": "face_simple",
  "ds_mm": 2.0,
  "min_det": 0.00614802694474015,
  "scale": 1.423359494895426,
  "rot_deg": 1.7206067290229186,
  "dx_mm": -27.920760359007286,
  "dy_mm": -6.736824245334969
}