{
  "label": "face_simple",
  "ds_mm": 2.0,
  "scale": 0.9787065880838142,
  "rot_deg": -27.74502971934829,
  "dx_mm": 12.3405449569129,
  "dy_mm": 0.6156827745353937
}