{
  "label": "face_simple",
  "ds_mm": 2.0,
  "scale": 1.3069130598521217,
  "rot_deg": -4.58068002515256,
  "dx_mm": -9.889842993205896,
  "dy_mm": 29.959017419771776
}