{
  "label": "face_simple",
  "ds_mm": 2.0,
  "scale": 1.1147778245979056,
  "rot_deg": -20.20611916955943,
  "dx_mm": 13.177206453568317,
  "dy_mm": 6.675886997052345
}