{
  "label": "face_simple",
  "ds_mm": 2.0,
  "scale": 1.0473540457623187,
  "rot_deg": -20.516187942253673,
  "dx_mm": -8.740561641638529,
  "dy_mm": -15.503974669684466
}