{
  "label": "face_simple",
  "ds_mm": 2.0,
  "min_det": 0.006073596656580756,
  "scale": 0.9773193291056441,
  "rot_deg": 9.539582840924098,
  "dx_mm": 1.550418285505117,
  "dy_mm": 24.896534785426027
}