{
  "label": "face_simple",
  "ds_mm": 2.0,
  "scale": 1.14867355179831,
  "rot_deg": 0.522010436375723,
  "dx_mm": 12.89242677867147,
  "dy_mm": 28.19512810244013
}