{
  "label": "face_simple",
  "ds_mm": 2.0,
  "min_det": 0.00639832115809979,
  "scale": 0.9246332950105736,
  "rot_deg": -28.494615224902454,
  "dx_mm": -16.26572575731446,
  "dy_mm": 4.901688894336779
}