{
  "label": "face_simple",
  "ds_mm": 2.0,
  "min_det": 0.006196285986350588,
  "scale": 0.9486697260190272,
  "rot_deg": -4.956403101647943,
  "dx_mm": -8.333145719636125,
  "dy_mm": -12.120535799418377
}