{
  "label": "face_simple",
  "ds_mm": 2.0,
  "scale": 1.053245998223935,
  "rot_deg": 30.039407847841247,
  "dx_mm": -3.8680679893594494,
  "dy_mm": -13.218776822890309
}