{
  "label": "face_simple",
  "ds_mm": 2.0,
  "min_det": 0.006478220562478854,
  "scale": 1.1115231811227326,
  "rot_deg": -27.854642807044716,
  "dx_mm": -29.04265026704142,
  "dy_mm": 18.788782344955415
}