{
  "label": "face_simple",
  "ds_mm": 2.0,
  "scale": 0.6571135567913517,
  "rot_deg": 4.987457783174705,
  "dx_mm": -19.83139038375968,
  "dy_mm": 25.387408953451164
}