{
  "label": "face_simple",
  "ds_mm": 2.0,
  "scale": 1.2128160040911016,
  "rot_deg": 9.52233445895778,
  "dx_mm": 17.96063219567675,
  "dy_mm": -15.705614162345556
}