{
  "label": "face_simple",
  "ds_mm": 2.0,
  "min_det": 0.0065786860279061716,
  "scale": 0.693185978134723,
  "rot_deg": -27.952948181548543,
  "dx_mm": -18.256860573878207,
  "dy_mm": -11.121680798348276
}