{
  "label": "face_simple",
  "ds_mm": 2.0,
  "min_det": 0.005919128897430989,
  "scale": 0.7269997877684052,
  "rot_deg": -33.36993916707566,
  "dx_mm": 28.08206992411239,
  "dy_mm": -3.6195279434199286
}