{
  "label": "face_simple",
  "ds_mm": 2.0,
  "scale": 0.889591112664214,
  "rot_deg": -15.53273365379625,
  "dx_mm": 23.71872426463989,
  "dy_mm": 26.00832863735217
}