{
  "label": "face_simple",
  "ds_mm": 2.0,
  "scale": 1.4121451100320577,
  "rot_deg": 26.855692863967064,
  "dx_mm": 14.974398237731428,
  "dy_mm": -7.156247042558075
}