{
  "label": "face_simple",
  "ds_mm": 2.0,
  "min_det": 0.00653326359788474,
  "scale": 0.6994915289544572,
  "rot_deg": 6.114080524247029,
  "dx_mm": -13.638737371499275,
  "dy_mm": 19.624185310428494
}