{
  "label": "face_simple",
  "ds_mm": 2.0,
  "scale": 1.3861548957492418,
  "rot_deg": -14.665377549263084,
  "dx_mm": 9.261850162607239,
  "dy_mm": -2.714674858029646
}