{
  "label": "face_simple",
  "ds_mm": 2.0,
  "min_det": 0.005819528450510164,
  "scale": 1.3061719664609406,
  "rot_deg": 24.512227768650902,
  "dx_mm": 5.88665160414449,
  "dy_mm": 20.328376498036832
}