{
  "label": "face_simple",
  "ds_mm": 2.0,
  "scale": 0.7614891942688227,
  "rot_deg": 4.693909864904306,
  "dx_mm": -29.153972112245082,
  "dy_mm": -2.886091749913149
}