{
  "label": "face_simple",
  "ds_mm": 2.0,
  "scale": 0.7537597000137682,
  "rot_deg": -38.97514907474048,
  "dx_mm": 10.936754906987588,
  "dy_mm": -18.88775799304445
}