{
  "label": "face_simple",
  "ds_mm": 2.0,
  "min_det": 0.006255461140029002,
  "scale": 0.8971383962645226,
  "rot_deg": 41.190610209970316,
  "dx_mm": -13.721423845181079,
  "dy_mm": -17.204464312569762
}