{
  "label": "face_simple",
  "ds_mm": 2.0,
  "min_det": 0.0060875053398239745,
  "scale": 0.7795514384435593,
  "rot_deg": 43.49021516341334,
  "dx_mm": 6.788943099306067,
  "dy_mm": -9.060123834344054
}