{
  "label": "face_simple",
  "ds_mm": 2.0,
  "scale": 1.0416903527882537,
  "rot_deg": 10.5783045283613,
  "dx_mm": 1.7543019617483857,
  "dy_mm": 14.104163841357774
}