{
  "label": "face_simple",
  "ds_mm": 2.0,
  "min_det": 0.005941069161717415,
  "scale": 0.6768470886695294,
  "rot_deg": 2.7035310417516456,
  "dx_mm": 26.861452218812467,
  "dy_mm": 23.98059144923066
}