{
  "label": "face_simple",
  "ds_mm": 2.0,
  "min_det": 0.006111017941617558,
  "scale": 0.9026332538693327,
  "rot_deg": 43.193179414775614,
  "dx_mm": -4.071622612292035,
  "dy_mm": -18.130552059677534
}