{
  "label": "face_simple",
  "ds_mm": 2.0,
  "min_det": 0.006169884485016695,
  "scale": 0.8030691989951688,
  "rot_deg": -35.194421097622836,
  "dx_mm": 5.105016191810037,
  "dy_mm": 10.174712568112618
}