{
  "label": "face_simple",
  "ds_mm": 2.0,
  "scale": 1.0752517261906231,
  "rot_deg": -31.026976290685486,
  "dx_mm": 24.68008734556001,
  "dy_mm": 28.85270893576081
}