{
  "label": "face_simple",
  "ds_mm": 2.0,
  "scale": 1.2968237022432438,
  "rot_deg": 19.67125586541735,
  "dx_mm": 3.407012254950395,
  "dy_mm": -26.403480544734894
}