{
  "label": "face_simple",
  "ds_mm": 2.0,
  "min_det": 0.00577639293116814,
  "scale": 1.3023239487313623,
  "rot_deg": -39.333219845791646,
  "dx_mm": 7.233022880733657,
  "dy_mm": 29.945013054543878
}