{
  "label": "face_simple",
  "ds_mm": 2.0,
  "scale": 0.8161476693828351,
  "rot_deg": 0.939380779909122,
  "dx_mm": -7.211198358403294,
  "dy_mm": 10.081775542759665
}