{
  "label": "face_simple",
  "ds_mm": 2.0,
  "scale": 0.7335603283175899,
  "rot_deg": -26.26175307174629,
  "dx_mm": -29.663745420806798,
  "dy_mm": -20.135031983452414
}