{
  "label": "face_simple",
  "ds_mm": 2.0,
  "min_det": 0.0066353168667213705,
  "scale": 0.7651851536986447,
  "rot_deg": 12.35478873645053,
  "dx_mm": -22.63794787043378,
  "dy_mm": 25.07668034130718
}