{
  "label": "face_simple",
  "ds_mm": 2.0,
  "scale": 0.7239220335502038,
  "rot_deg": -21.142209594578688,
  "dx_mm": -4.185024261056089,
  "dy_mm": -24.286384483494306
}