{
  "label": "face_simple",
  "ds_mm": 2.0,
  "min_det": 0.006235906793993367,
  "scale": 0.619734317025471,
  "rot_deg": -40.78138759105435,
  "dx_mm": 1.5462784055020222,
  "dy_mm": -29.212155065148654
}