{
  "label": "face_simple",
  "ds_mm": 2.0,
  "min_det": 0.005988872347652146,
  "scale": 1.302409498249908,
  "rot_deg": -44.30061305326333,
  "dx_mm": -5.069566882053401,
  "dy_mm": 18.04935808396185
}