{
  "label": "face_simple",
  "ds_mm": 2.0,
  "min_det": 0.006368194599498201,
  "scale": 1.1659757678893106,
  "rot_deg": 26.67050661652452,
  "dx_mm": -28.017621903587834,
  "dy_mm": 22.8310641093164
}