{
  "label": "face_simple",
  "ds_mm": 2.0,
  "scale": 0.9688658913820125,
  "rot_deg": -22.539886899781163,
  "dx_mm": 0.2384338029538533,
  "dy_mm": -9.81997166351384
}