{
  "label": "face_simple",
  "ds_mm": 2.0,
  "scale": 0.7915209367520235,
  "rot_deg": 32.81724657210843,
  "dx_mm": -13.84541700909848,
  "dy_mm": 23.011679487321324
}