{
  "label": "face_simple",
  "ds_mm": 2.0,
  "min_det": 0.006170635724857128,
  "scale": 1.235640199638075,
  "rot_deg": -44.1231364698644,
  "dx_mm": -16.736984136776933,
  "dy_mm": -2.6115383331066653
}