{
  "label": "face_simple",
  "ds_mm": 2.0,
  "scale": 1.0435423409098776,
  "rot_deg": -19.571985646460117,
  "dx_mm": 18.12486655941167,
  "dy_mm": -16.30059745741927
}