{
  "label": "face_simple",
  "ds_mm": 2.0,
  "min_det": 0.00602864387368058,
  "scale": 1.1481791759257656,
  "rot_deg": -5.3315765571486935,
  "dx_mm": -2.0043639071665744,
  "dy_mm": 20.54508016154991
}