{
  "label": "face_simple",
  "ds_mm": 2.0,
  "min_det": 0.0058975908660916995,
  "scale": 1.140285132332378,
  "rot_deg": -33.64336592457297,
  "dx_mm": 3.897293881542474,
  "dy_mm": -24.33747091681333
}