{
  "label": "face_simple",
  "ds_mm": 2.0,
  "scale": 1.0538776128629617,
  "rot_deg": -13.776320692914037,
  "dx_mm": -12.917119881866263,
  "dy_mm": -17.816514900591706
}