{
  "label": "face_simple",
  "ds_mm": 2.0,
  "scale": 0.6391589117696685,
  "rot_deg": 8.186700720102046,
  "dx_mm": -13.037160338626478,
  "dy_mm": 13.9370433268749
}