{
  "label": "face_simple",
  "ds_mm": 2.0,
  "min_det": 0.005700254996879909,
  "scale": 1.3869888151855014,
  "rot_deg": 0.3067760805463564,
  "dx_mm": 7.382454794753912,
  "dy_mm": -29.762541970680406
}