{
  "label": "face_simple",
  "ds_mm": 2.0,
  "min_det": 0.005960518888873005,
  "scale": 0.677954158636091,
  "rot_deg": 35.23268570106269,
  "dx_mm": 20.7659281502278,
  "dy_mm": -18.553680941433313
}