{
  "label": "face_simple",
  "ds_mm": 2.0,
  "scale": 1.0583105429572828,
  "rot_deg": -26.84750124091873,
  "dx_mm": -2.622263623110687,
  "dy_mm": 21.35535630017811
}