{
  "label": "face_simple",
  "ds_mm": 2.0,
  "scale": 1.1078082116162409,
  "rot_deg": -32.62782218240422,
  "dx_mm": 15.303178222554088,
  "dy_mm": -16.063023941950917
}