{
  "label": "face_simple",
  "ds_mm": 2.0,
  "min_det": 0.006323804569500264,
  "scale": 0.9682602004043883,
  "rot_deg": -20.20510095950479,
  "dx_mm": -17.8990212916176,
  "dy_mm": -14.840093895778917
}