{
  "label": "face_simple",
  "ds_mm": 2.0,
  "scale": 0.9098912370078036,
  "rot_deg": 14.5530668501533,
  "dx_mm": -3.764008303101445,
  "dy_mm": 23.007575368524073
}