{
  "label": "face_simple",
  "ds_mm": 2.0,
  "min_det": 0.006112201582575504,
  "scale": 1.0879154912213629,
  "rot_deg": 11.796149160694029,
  "dx_mm": -7.921822649131169,
  "dy_mm": -3.0200761078014686
}