{
  "label": "face_simple",
  "ds_mm": 2.0,
  "min_det": 0.006246407553537877,
  "scale": 1.2263193621268205,
  "rot_deg": 4.362199403287562,
  "dx_mm": -22.082939851608373,
  "dy_mm": 9.26799383737307
}