{
  "label": "face_simple",
  "ds_mm": 2.0,
  "min_det": 0.006093387339447268,
  "scale": 1.4830138260650447,
  "rot_deg": -5.618359852185705,
  "dx_mm": -23.51148595692939,
  "dy_mm": 4.45075847948263
}