{
  "label": "face_simple",
  "ds_mm": 2.0,
  "scale": 0.8185565067360923,
  "rot_deg": 19.354205263944536,
  "dx_mm": -24.30217450281748,
  "dy_mm": -7.314629684683268
}