{
  "label": "face_simple",
  "ds_mm": 2.0,
  "scale": 1.1778070198694435,
  "rot_deg": -10.495323125511227,
  "dx_mm": -9.754870378149306,
  "dy_mm": -6.3770206541201375
}