{
  "label": "face_simple",
  "ds_mm": 2.0,
  "min_det": 0.006070184787627233,
  "scale": 1.3509597128021964,
  "rot_deg": 44.12950221431599,
  "dx_mm": -28.504850029378044,
  "dy_mm": -25.832724369388878
}