{
  "label": "face_simple",
  "ds_mm": 2.0,
  "min_det": 0.005807727629245127,
  "scale": 1.2499898740387805,
  "rot_deg": -27.624159855657247,
  "dx_mm": 12.28757452033252,
  "dy_mm": 19.06365622253221
}