{
  "label": "face_simple",
  "ds_mm": 2.0,
  "min_det": 0.006178228682201383,
  "scale": 1.427484398817673,
  "rot_deg": -29.79100866525301,
  "dx_mm": -26.942820291118906,
  "dy_mm": 28.835290437398527
}