{
  "label": "face_simple",
  "ds_mm": 2.0,
  "scale": 1.259434224412412,
  "rot_deg": 37.02547435674175,
  "dx_mm": -29.290126602709087,
  "dy_mm": 1.6539615545524775
}