{
  "label": "face_simple",
  "ds_mm": 2.0,
  "scale": 0.7806308976950612,
  "rot_deg": 41.38959762896704,
  "dx_mm": -24.408915041935714,
  "dy_mm": -21.27409141875207
}