{
  "label": "face_simple",
  "ds_mm": 2.0,
  "min_det": 0.006148588607709298,
  "scale": 0.6983027190167033,
  "rot_deg": -7.246276871695287,
  "dx_mm": 10.919784046160089,
  "dy_mm": 9.24800052083694
}