{
  "label": "face_simple",
  "ds_mm": 2.0,
  "min_det": 0.006234845682472301,
  "scale": 1.102972174081533,
  "rot_deg": -40.406833237451266,
  "dx_mm": -19.27507372110736,
  "dy_mm": -19.460937946253114
}