{
  "label": "face_simple",
  "ds_mm": 2.0,
  "min_det": 0.006632037910391475,
  "scale": 0.7882689701015051,
  "rot_deg": -13.674731631902755,
  "dx_mm": -22.987740855837266,
  "dy_mm": 29.485561337806693
}