{
  "label": "face_simple",
  "ds_mm": 2.0,
  "scale": 1.4292640968754893,
  "rot_deg": 37.55600161281488,
  "dx_mm": 23.921536814485044,
  "dy_mm": 10.44244411529801
}