{
  "label": "face_simple",
  "ds_mm": 2.0,
  "scale": 1.0144110643692403,
  "rot_deg": 28.21943939285397,
  "dx_mm": 14.4155753303097,
  "dy_mm": 12.441612768934583
}