{
  "label": "face_simple",
  "ds_mm": 2.0,
  "scale": 0.9495522846673787,
  "rot_deg": -10.568509912644707,
  "dx_mm": 26.947943539755833,
  "dy_mm": 16.870623124942263
}