{
  "label": "face_simple",
  "ds_mm": 2.0,
  "scale": 0.721657636566158,
  "rot_deg": 27.726877010161516,
  "dx_mm": 23.505289643849792,
  "dy_mm": 25.56848245282348
}