{
  "label": "face_simple",
  "ds_mm": 2.0,
  "scale": 1.4165226368163422,
  "rot_deg": -30.36922538953396,
  "dx_mm": -28.290726721252526,
  "dy_mm": 11.535279057756618
}