{
  "label": "face_simple",
  "ds_mm": 2.0,
  "min_det": 0.006151921884424172,
  "scale": 0.7942778530825823,
  "rot_deg": 23.473472970382502,
  "dx_mm": 3.9694089905520613,
  "dy_mm": 1.044526343044275
}