{
  "label": "face_simple",
  "ds_mm": 2.0,
  "scale": 1.377524064388673,
  "rot_deg": -26.246012524377687,
  "dx_mm": 19.689367330153267,
  "dy_mm": -16.17315362573387
}