{
  "label": "face_simple",
  "ds_mm": 2.0,
  "scale": 0.7144839143653915,
  "rot_deg": -44.25881318057774,
  "dx_mm": -2.6214661434017685,
  "dy_mm": -29.868058599757163
}