{
  "label": "face_simple",
  "ds_mm": 2.0,
  "scale": 1.338296545655552,
  "rot_deg": 16.39802513190176,
  "dx_mm": 26.331421628529306,
  "dy_mm": 26.41912160032271
}