{
  "label": "face_simple",
  "ds_mm": 2.0,
  "scale": 1.2959918578810394,
  "rot_deg": 1.1855641866794855,
  "dx_mm": 19.997731930149698,
  "dy_mm": -29.894279455671075
}