{
  "label": "face_simple",
  "ds_mm": 2.0,
  "scale": 1.3232220484551664,
  "rot_deg": -10.664410983517634,
  "dx_mm": 28.326807358934687,
  "dy_mm": -17.582915568440665
}