{
  "label": "face_simple",
  "ds_mm": 2.0,
  "min_det": 0.005836479000735687,
  "scale": 1.439167273062914,
  "rot_deg": -12.546011608830675,
  "dx_mm": -0.41954155124863846,
  "dy_mm": 20.649416471769676
}