{
  "label": "face_simple",
  "ds_mm": 2.0,
  "scale": 1.4543920117095177,
  "rot_deg": 20.282559820984233,
  "dx_mm": 11.410602376481073,
  "dy_mm": 10.895442180590052
}