{
  "label": "face_simple",
  "ds_mm": 2.0,
  "min_det": 0.006222877379149329,
  "scale": 1.0853565328278434,
  "rot_deg": 27.512640619106108,
  "dx_mm": -20.37901801708538,
  "dy_mm": -16.059523039674595
}