{
  "label": "face_simple",
  "ds_mm": 2.0,
  "min_det": 0.006448868522143908,
  "scale": 1.0205746633570767,
  "rot_deg": 44.582073747125776,
  "dx_mm": -28.20397368993992,
  "dy_mm": 1.7153685579823446
}