{
  "label": "face_simple",
  "ds_mm": 2.0,
  "min_det": 0.005730807315772326,
  "scale": 1.2314524515303042,
  "rot_deg": 16.334879699282745,
  "dx_mm": 15.680649138331745,
  "dy_mm": 26.329431821939508
}