{
  "label": "face_simple",
  "ds_mm": 2.0,
  "scale": 0.8472608917552371,
  "rot_deg": 30.63787257783828,
  "dx_mm": 5.12624022335806,
  "dy_mm": 22.056795109686988
}