{
  "label": "face_simple",
  "ds_mm": 2.0,
  "min_det": 0.006272431928277762,
  "scale": 0.9717160079748759,
  "rot_deg": 44.661374331252745,
  "dx_mm": -22.35390381080857,
  "dy_mm": -27.55940245592399
}