{
  "label": "face_simple",
  "ds_mm": 2.0,
  "scale": 1.4345311054417338,
  "rot_deg": -40.561652086409694,
  "dx_mm": -20.668459611517374,
  "dy_mm": 6.656764895518812
}