{
  "label": "face_simple",
  "ds_mm": 2.0,
  "min_det": 0.005951840068490062,
  "scale": 0.9963012731691134,
  "rot_deg": 23.619973963982503,
  "dx_mm": 9.14769815133409,
  "dy_mm": -4.603922855416293
}