{
  "label": "face_simple",
  "ds_mm": 2.0,
  "min_det": 0.006011450474315142,
  "scale": 1.416271070796518,
  "rot_deg": -35.49309795755044,
  "dx_mm": -11.678052564105467,
  "dy_mm": 7.777315935124015
}