{
  "label": "face_simple",
  "ds_mm": 2.0,
  "scale": 1.406573290002345,
  "rot_deg": -4.793235708904582,
  "dx_mm": -8.216962534138087,
  "dy_mm": -2.871088516085205
}