{
  "label": "face_simple",
  "ds_mm": 2.0,
  "min_det": 0.00587342363962435,
  "scale": 0.9347769958706286,
  "rot_deg": 32.0302483694003,
  "dx_mm": 20.458864664066112,
  "dy_mm": 12.578786820946966
}