{
  "label": "face_simple",
  "ds_mm": 2.0,
  "min_det": 0.0061117075280813045,
  "scale": 1.3536861957200785,
  "rot_deg": -25.159049120191618,
  "dx_mm": -17.919310638547522,
  "dy_mm": 24.35372866225402
}