{
  "label": "face_simple",
  "ds_mm": 2.0,
  "scale": 0.9087546860217435,
  "rot_deg": 43.86970016381876,
  "dx_mm": -19.082351356616105,
  "dy_mm": -18.302318601682607
}