{
  "label": "face_simple",
  "ds_mm": 2.0,
  "scale": 0.9540305440321344,
  "rot_deg": -27.556754821135755,
  "dx_mm": -8.618063747604051,
  "dy_mm": -29.913594378072755
}