{
  "label": "face_simple",
  "ds_mm": 2.0,
  "scale": 0.9651529764617766,
  "rot_deg": -42.28453209396376,
  "dx_mm": 0.3976378651085639,
  "dy_mm": -19.77338493676669
}