{
  "label": "face_simple",
  "ds_mm": 2.0,
  "min_det": 0.005833885804069857,
  "scale": 0.87705686044951,
  "rot_deg": -27.083231498820652,
  "dx_mm": 29.150734179107182,
  "dy_mm": -4.785782807990461
}