{
  "label": "face_simple",
  "ds_mm": 2.0,
  "scale": 1.408883621139271,
  "rot_deg": 21.226231758518068,
  "dx_mm": 0.5826060481878095,
  "dy_mm": 25.981204821126525
}