{
  "label": "face_simple",
  "ds_mm": 2.0,
  "scale": 1.2180350324031086,
  "rot_deg": -25.734314851938866,
  "dx_mm": -5.057660902999018,
  "dy_mm": -1.5800095923828614
}