{
  "label": "face_simple",
  "ds_mm": 2.0,
  "scale": 1.0418844912273921,
  "rot_deg": 27.45047004190262,
  "dx_mm": -17.08210248823102,
  "dy_mm": -18.087600080629446
}