{
  "label": "face_simple",
  "ds_mm": 2.0,
  "min_det": 0.006859355904943382,
  "scale": 0.6556826148685432,
  "rot_deg": -43.230350922547885,
  "dx_mm": -27.231590681560395,
  "dy_mm": 25.83165873892895
}