{
  "label": "face_simple",
  "ds_mm": 2.0,
  "scale": 1.4011268175069178,
  "rot_deg": -39.86452733972992,
  "dx_mm": 28.064348412949528,
  "dy_mm": 6.333184842296582
}