{
  "label": "face_simple",
  "ds_mm": 2.0,
  "scale": 1.1093276136252128,
  "rot_deg": -43.037568799972064,
  "dx_mm": 22.704012340012703,
  "dy_mm": 26.888688053893397
}