{
  "label": "face_simple",
  "ds_mm": 2.0,
  "scale": 0.7543541851412704,
  "rot_deg": -42.81072937284989,
  "dx_mm": -18.810425555120137,
  "dy_mm": 25.41503130604611
}