{
  "label": "face_simple",
  "ds_mm": 2.0,
  "scale": 0.7902582536728033,
  "rot_deg": -26.078306626572353,
  "dx_mm": -12.05608396913657,
  "dy_mm": -22.32062172157886
}