{
  "label": "face_simple",
  "ds_mm": 2.0,
  "scale": 1.2051150474110686,
  "rot_deg": -8.629727397995396,
  "dx_mm": -28.597231054869205,
  "dy_mm": -19.767181873527733
}