{
  "label": "face_simple",
  "ds_mm": 2.0,
  "scale": 1.1378721438606285,
  "rot_deg": -24.785957099673027,
  "dx_mm": 9.647140161134892,
  "dy_mm": 12.677180874855921
}