{
  "label": "face_simple",
  "ds_mm": 2.0,
  "scale": 0.8749924617369425,
  "rot_deg": 15.897396564309538,
  "dx_mm": 27.584845290480743,
  "dy_mm": -13.474116979304725
}