{
  "label": "face_simple",
  "ds_mm": 2.0,
  "scale": 1.1529712957100717,
  "rot_deg": 3.1615853715209212,
  "dx_mm": -9.206805471195533,
  "dy_mm": 21.731045272407016
}