{
  "label": "face_simple",
  "ds_mm": 2.0,
  "scale": 0.7196604625571741,
  "rot_deg": 35.24673786234489,
  "dx_mm": 26.200301548783514,
  "dy_mm": 24.4217941650534
}