{
  "label": "face_simple",
  "ds_mm": 2.0,
  "min_det": 0.006037034427312716,
  "scale": 1.3004800672661454,
  "rot_deg": 5.284736194707101,
  "dx_mm": -13.60021787202125,
  "dy_mm": -8.068509416446116
}