{
  "label": "face_simple",
  "ds_mm": 2.0,
  "scale": 0.6666725579921626,
  "rot_deg": 41.26063195886108,
  "dx_mm": 25.970331735923047,
  "dy_mm": 6.32714467680352
}