{
  "label": "face_simple",
  "ds_mm": 2.0,
  "min_det": 0.005772219865884062,
  "scale": 1.013739913863638,
  "rot_deg": -29.03711819400378,
  "dx_mm": 29.618205312791005,
  "dy_mm": -4.35329006865593
}