{
  "label": "face_simple",
  "ds_mm": 2.0,
  "scale": 0.7615382690532199,
  "rot_deg": -9.395151806897154,
  "dx_mm": 5.642523859341281,
  "dy_mm": 16.90835403473752
}