{
  "label": "face_simple",
  "ds_mm": 2.0,
  "scale": 1.0030257484953633,
  "rot_deg": 24.508743054000348,
  "dx_mm": -17.474347880029363,
  "dy_mm": 27.287488060597653
}