{
  "label": "face_simple",
  "ds_mm": 2.0,
  "min_det": 0.005937448126839005,
  "scale": 1.072432539336016,
  "rot_deg": -43.82138461214708,
  "dx_mm": 8.410313382952111,
  "dy_mm": 24.863980119598494
}