{
  "label": "face_simple",
  "ds_mm": 2.0,
  "scale": 0.844484861607498,
  "rot_deg": 18.399140843112292,
  "dx_mm": -14.189143778057943,
  "dy_mm": -26.39407545335758
}