{
  "label": "face_simple",
  "ds_mm": 2.0,
  "min_det": 0.006098326962592911,
  "scale": 0.8029106667917432,
  "rot_deg": 21.750238935299166,
  "dx_mm": 8.074904607721862,
  "dy_mm": 4.38719503982297
}