{
  "label": "face_simple",
  "ds_mm": 2.0,
  "scale": 0.6236606063764961,
  "rot_deg": -35.782013564509526,
  "dx_mm": 0.9438489284296239,
  "dy_mm": -2.936958022905621
}