{
  "label": "face_simple",
  "ds_mm": 2.0,
  "scale": 1.3348796706447068,
  "rot_deg": -13.422675356758088,
  "dx_mm": 4.658363003947592,
  "dy_mm": 28.318438324957867
}