{
  "label": "face_simple",
  "ds_mm": 2.0,
  "scale": 0.6544808548800811,
  "rot_deg": 29.539820744955406,
  "dx_mm": 6.925659912097579,
  "dy_mm": 11.195516776555088
}