{
  "label": "face_simple",
  "ds_mm": 2.0,
  "scale": 1.1737810849478238,
  "rot_deg": 24.869243620754574,
  "dx_mm": -4.375494281424142,
  "dy_mm": 23.72305032262438
}