{
  "label": "face_simple",
  "ds_mm": 2.0,
  "min_det": 0.005982575023876769,
  "scale": 1.1837681825236157,
  "rot_deg": -9.767986043090588,
  "dx_mm": -1.2869466430868783,
  "dy_mm": -5.618616641494434
}