{
  "label": "face_simple",
  "ds_mm": 2.0,
  "min_det": 0.005887715859798851,
  "scale": 0.893252294113167,
  "rot_deg": 28.113976888417042,
  "dx_mm": 21.39489271641699,
  "dy_mm": 12.770063968835586
}