{
  "label": "face_simple",
  "ds_mm": 2.0,
  "min_det": 0.006133523493211929,
  "scale": 0.9523686951525785,
  "rot_deg": 33.92265851479952,
  "dx_mm": -2.1428850283585916,
  "dy_mm": 11.634204541201974
}