{
  "label": "face_simple",
  "ds_mm": 2.0,
  "min_det": 0.006137261911230431,
  "scale": 1.1656560088014785,
  "rot_deg": -4.775309850947849,
  "dx_mm": -11.426015285856156,
  "dy_mm": 3.8053337526440245
}