{
  "label": "face_simple",
  "ds_mm": 2.0,
  "min_det": 0.006310057086987993,
  "scale": 1.0200956038895979,
  "rot_deg": -44.06100028982826,
  "dx_mm": -15.118792255623198,
  "dy_mm": 2.8818706032249892
}