{
  "label": "face_simple",
  "ds_mm": 2.0,
  "min_det": 0.005860807166349848,
  "scale": 0.7747161824441199,
  "rot_deg": -24.242758581537846,
  "dx_mm": 28.943395350372015,
  "dy_mm": -15.222860259648739
}