{
  "label": "face_simple",
  "ds_mm": 2.0,
  "min_det": 0.006152291361327557,
  "scale": 0.615137246969988,
  "rot_deg": 26.625294894731226,
  "dx_mm": 12.90678754388965,
  "dy_mm": 1.8646201403925247
}