{
  "label": "face_simple",
  "ds_mm": 2.0,
  "scale": 1.048625019845796,
  "rot_deg": 1.4509893982876534,
  "dx_mm": 26.345640140439862,
  "dy_mm": 24.445930706013144
}