{
  "label": "face_simple",
  "ds_mm": 2.0,
  "scale": 1.4035422394488457,
  "rot_deg": 21.35444425710807,
  "dx_mm": -27.059141336256054,
  "dy_mm": 4.1287157790533655
}