{
  "label": "face_simple",
  "ds_mm": 2.0,
  "scale": 1.4906432509371925,
  "rot_deg": -44.186303351334836,
  "dx_mm": 17.66672981765202,
  "dy_mm": 14.231220022703425
}