{
  "label": "face_simple",
  "ds_mm": 2.0,
  "scale": 0.7037759882887041,
  "rot_deg": 34.94984067767864,
  "dx_mm": -8.121299811249077,
  "dy_mm": 17.183954969632623
}