{
  "label": "face_simple",
  "ds_mm": 2.0,
  "min_det": 0.005917582478078461,
  "scale": 1.4623229492440502,
  "rot_deg": -11.217411343277796,
  "dx_mm": -8.904880902651044,
  "dy_mm": 22.77806852927337
}