{
  "label": "face_simple",
  "ds_mm": 2.0,
  "min_det": 0.006188930789406778,
  "scale": 1.4805716326864928,
  "rot_deg": -30.97200255932065,
  "dx_mm": -28.833122700782084,
  "dy_mm": 5.707285028065421
}