{
  "label": "face_simple",
  "ds_mm": 2.0,
  "min_det": 0.00592551797388721,
  "scale": 0.7662663870496137,
  "rot_deg": 44.112816886564886,
  "dx_mm": 15.27531141059638,
  "dy_mm": -28.738778995187314
}