{
  "label": "face_simple",
  "ds_mm": 2.0,
  "min_det": 0.00619228954459661,
  "scale": 0.9258407507622086,
  "rot_deg": 43.533936281350506,
  "dx_mm": -5.49642676012564,
  "dy_mm": 16.16706330784052
}