{
  "label": "face_simple",
  "ds_mm": 2.0,
  "scale": 0.8569267204183596,
  "rot_deg": 14.440684767532893,
  "dx_mm": -26.25608654122212,
  "dy_mm": -8.606406248146588
}