{
  "label": "face_simple",
  "ds_mm": 2.0,
  "scale": 1.3990023939114802,
  "rot_deg": 41.724215360927104,
  "dx_mm": -7.831308648725688,
  "dy_mm": 27.536661908180918
}