{
  "label": "face_simple",
  "ds_mm": 2.0,
  "scale": 0.7799856842001933,
  "rot_deg": -11.032924862192338,
  "dx_mm": 24.721398689564055,
  "dy_mm": -25.724242374741742
}