{
  "label": "face_simple",
  "ds_mm": 2.0,
  "scale": 1.4689438323556803,
  "rot_deg": -18.260270798859406,
  "dx_mm": 14.275304921917098,
  "dy_mm": 10.183449338254512
}