{
  "label": "face_simple",
  "ds_mm": 2.0,
  "min_det": 0.005779384274288036,
  "scale": 1.1265730692184106,
  "rot_deg": -13.795649411130348,
  "dx_mm": 23.389797695258856,
  "dy_mm": 4.241965391732435
}