{
  "label": "face_simple",
  "ds_mm": 2.0,
  "scale": 0.978178784089573,
  "rot_deg": 38.65468211655683,
  "dx_mm": 27.701282377351546,
  "dy_mm": -16.653040116899014
}