{
  "label": "face_simple",
  "ds_mm": 2.0,
  "min_det": 0.006034997980188521,
  "scale": 1.14212283578677,
  "rot_deg": 0.26898834213999834,
  "dx_mm": -6.2890221453898825,
  "dy_mm": -12.658063321209667
}