{
  "label": "face_simple",
  "ds_mm": 2.0,
  "scale": 0.9160559223953394,
  "rot_deg": -37.08468381398758,
  "dx_mm": -29.143465037522923,
  "dy_mm": 12.214289243104226
}