{
  "label": "face_simple",
  "ds_mm": 2.0,
  "scale": 0.8544352611013006,
  "rot_deg": 21.678877092017643,
  "dx_mm": -10.481934213311806,
  "dy_mm": 4.723002166974666
}