{
  "label": "face_simple",
  "ds_mm": 2.0,
  "min_det": 0.006679223627140927,
  "scale": 0.7274919116576752,
  "rot_deg": -22.04417220704927,
  "dx_mm": -22.35359237773153,
  "dy_mm": 29.564969592179082
}