{
  "label": "face_simple",
  "ds_mm": 2.0,
  "min_det": 0.005601967820712298,
  "scale": 1.479361207973789,
  "rot_deg": -19.419255946574573,
  "dx_mm": 26.55210760191776,
  "dy_mm": 5.0711060362086755
}