{
  "label": "face_simple",
  "ds_mm": 2.0,
  "scale": 1.0397762816437768,
  "rot_deg": 2.919183242704591,
  "dx_mm": 15.008256590220967,
  "dy_mm": -6.889921437166862
}