{
  "label": "face_simple",
  "ds_mm": 2.0,
  "scale": 1.0571616699156177,
  "rot_deg": -5.477749014876615,
  "dx_mm": 10.185800782826426,
  "dy_mm": 12.807569080369099
}