{
  "label": "face_simple",
  "ds_mm": 2.0,
  "scale": 1.193038754717123,
  "rot_deg": 5.511941854697447,
  "dx_mm": 3.0440110991501186,
  "dy_mm": -17.5250874158234
}