{
  "label": "face_simple",
  "ds_mm": 2.0,
  "min_det": 0.005656737668130959,
  "scale": 1.4688170724590572,
  "rot_deg": -39.766230946926484,
  "dx_mm": 22.192209068230994,
  "dy_mm": -9.725884416812512
}