{
  "label": "face_simple",
  "ds_mm": 2.0,
  "min_det": 0.005716698273144774,
  "scale": 1.245044451479962,
  "rot_deg": -7.901210429212689,
  "dx_mm": 23.763302109565785,
  "dy_mm": 9.079399668262994
}