{
  "label": "face_simple",
  "ds_mm": 2.0,
  "min_det": 0.006114730512067326,
  "scale": 0.9559229262770851,
  "rot_deg": 6.398466163705052,
  "dx_mm": -2.579227062152544,
  "dy_mm": -9.403308819568295
}