{
  "label": "face_simple",
  "ds_mm": 2.0,
  "scale": 1.4931335072320713,
  "rot_deg": -33.35396742341618,
  "dx_mm": -7.332271748443574,
  "dy_mm": -4.804519001577745
}