{
  "label": "face_simple",
  "ds_mm": 2.0,
  "scale": 0.9515394443609708,
  "rot_deg": -13.242227808752691,
  "dx_mm": 15.875823086111133,
  "dy_mm": -6.577409738433559
}