{
  "label": "face_simple",
  "ds_mm": 2.0,
  "min_det": 0.005618551548255368,
  "scale": 1.3345918889316541,
  "rot_deg": 19.481176846035325,
  "dx_mm": 26.79415841771646,
  "dy_mm": -19.070212125894166
}