{
  "label": "face_simple",
  "ds_mm": 2.0,
  "min_det": 0.0061724056348949055,
  "scale": 1.0881160592333226,
  "rot_deg": -26.872734343306067,
  "dx_mm": -11.439756176859646,
  "dy_mm": -7.963991046195339
}