{
  "label": "face_simple",
  "ds_mm": 2.0,
  "min_det": 0.0064520571031859,
  "scale": 0.990787772922781,
  "rot_deg": 3.514796002070206,
  "dx_mm": -24.922062717786226,
  "dy_mm": -1.1632714695457338
}