{
  "label": "face_simple",
  "ds_mm": 2.0,
  "scale": 1.2149626623091319,
  "rot_deg": 42.08545993763619,
  "dx_mm": 12.641105144735938,
  "dy_mm": -1.3665073007477204
}