{
  "label": "face_simple",
  "ds_mm": 2.0,
  "scale": 1.0691447873382873,
  "rot_deg": -1.544857085839773,
  "dx_mm": 7.330750712529905,
  "dy_mm": -0.6423568200580299
}