{
  "label": "face_simple",
  "ds_mm": 2.0,
  "min_det": 0.005940173861364856,
  "scale": 1.1353890898362236,
  "rot_deg": -0.30685367101832384,
  "dx_mm": 1.094803322739402,
  "dy_mm": -16.700993907461832
}