{
  "label": "face_simple",
  "ds_mm": 2.0,
  "min_det": 0.0056273671120013035,
  "scale": 1.4587506689036471,
  "rot_deg": 0.8737422957359939,
  "dx_mm": 20.91583342744292,
  "dy_mm": 12.50116136167356
}