{
  "label": "face_simple",
  "ds_mm": 2.0,
  "scale": 1.3376124647200243,
  "rot_deg": -9.705187774122493,
  "dx_mm": 17.717202915620952,
  "dy_mm": -2.6122117069821087
}