{
  "label": "face_simple",
  "ds_mm": 2.0,
  "min_det": 0.005912354629767744,
  "scale": 1.4515597858483895,
  "rot_deg": 2.668584307690132,
  "dx_mm": -9.20315438531659,
  "dy_mm": -5.348826904893123
}