{
  "label": "face_simple",
  "ds_mm": 2.0,
  "min_det": 0.006114035211099611,
  "scale": 0.9007670019394267,
  "rot_deg": -14.21913649109949,
  "dx_mm": 1.0145146947332684,
  "dy_mm": -10.370054386938904
}