{
  "label": "face_simple",
  "ds_mm": 2.0,
  "min_det": 0.005848066310848913,
  "scale": 1.0279903167618958,
  "rot_deg": -14.179691989549127,
  "dx_mm": 11.518761242345128,
  "dy_mm": -29.478553135847882
}