{
  "label": "face_simple",
  "ds_mm": 2.0,
  "min_det": 0.006182388916581157,
  "scale": 1.285764522235751,
  "rot_deg": 28.193098074998815,
  "dx_mm": -26.123539336698947,
  "dy_mm": -9.073643086114274
}