{
  "label": "face_simple",
  "ds_mm": 2.0,
  "min_det": 0.005691452196543226,
  "scale": 1.3939619910196492,
  "rot_deg": -5.672133831130864,
  "dx_mm": 20.17381285980379,
  "dy_mm": 4.624252326902081
}