{
  "label": "face_simple",
  "ds_mm": 2.0,
  "min_det": 0.005797422586244281,
  "scale": 1.3058232383284762,
  "rot_deg": 33.84237766301642,
  "dx_mm": 9.22359044821556,
  "dy_mm": 12.19940854934989
}