{
  "label": "face_simple",
  "ds_mm": 2.0,
  "scale": 1.3716750128670694,
  "rot_deg": -5.972535882353753,
  "dx_mm": -26.393159212759127,
  "dy_mm": -21.106600881466903
}