{
  "label": "face_simple",
  "ds_mm": 2.0,
  "scale": 1.1783459495511162,
  "rot_deg": 20.27113108623128,
  "dx_mm": 10.554611070001314,
  "dy_mm": 27.79747492165886
}