{
  "label": "face_simple",
  "ds_mm": 2.0,
  "scale": 0.6185188789703923,
  "rot_deg": 41.84373877745641,
  "dx_mm": -12.243008808177333,
  "dy_mm": -9.797785015299652
}