{
  "label": "face_simple",
  "ds_mm": 2.0,
  "min_det": 0.006331237869389182,
  "scale": 0.9031321394738063,
  "rot_deg": -29.54453733998563,
  "dx_mm": -11.279659501160133,
  "dy_mm": 28.444876650234264
}