{
  "label": "face_simple",
  "ds_mm": 2.0,
  "min_det": 0.006370731763880728,
  "scale": 0.9042154814330359,
  "rot_deg": -0.32871414493187245,
  "dx_mm": -20.095713177985637,
  "dy_mm": -20.27572637835686
}