{
  "label": "face_simple",
  "ds_mm": 2.0,
  "scale": 1.1065254054543003,
  "rot_deg": -18.91074033051023,
  "dx_mm": -20.87046964672373,
  "dy_mm": -29.935027210458035
}