{
  "label": "face_simple",
  "ds_mm": 2.0,
  "min_det": 0.005743614691589348,
  "scale": 1.4488362498954734,
  "rot_deg": -9.9268014740085,
  "dx_mm": 9.901041597373187,
  "dy_mm": 13.210654401763748
}