{
  "label": "face_simple",
  "ds_mm": 2.0,
  "min_det": 0.006482422088861865,
  "scale": 0.9176202448713615,
  "rot_deg": 1.7384926034170007,
  "dx_mm": -21.42694981720082,
  "dy_mm": 11.411260018784766
}