{
  "label": "face_simple",
  "ds_mm": 2.0,
  "min_det": 0.0059575054805116184,
  "scale": 0.9668984260347547,
  "rot_deg": 7.230778603821591,
  "dx_mm": 12.63714969957261,
  "dy_mm": 11.962556943551178
}