{
  "label": "face_simple",
  "ds_mm": 2.0,
  "scale": 1.0916077250163523,
  "rot_deg": 2.681616685486553,
  "dx_mm": -29.53681551810736,
  "dy_mm": 6.73683165530376
}