{
  "label": "face_simple",
  "ds_mm": 2.0,
  "min_det": 0.0060810821894046255,
  "scale": 0.9003245096672747,
  "rot_deg": 11.910509045311521,
  "dx_mm": 5.160435053743484,
  "dy_mm": 21.0333427734167
}