{
  "label": "face_simple",
  "ds_mm": 2.0,
  "scale": 1.2875147502491593,
  "rot_deg": -4.978675496178582,
  "dx_mm": -23.451808471379845,
  "dy_mm": 24.008477249448255
}