{
  "label": "face_simple",
  "ds_mm": 2.0,
  "scale": 1.4942945866556099,
  "rot_deg": -1.7729770673312473,
  "dx_mm": -26.425254628150917,
  "dy_mm": -8.00776145959728
}