{
  "label": "face_simple",
  "ds_mm": 2.0,
  "min_det": 0.006368086564459071,
  "scale": 1.135520067679641,
  "rot_deg": -21.240570932787087,
  "dx_mm": -24.221420820723637,
  "dy_mm": 9.516812957299628
}