{
  "label": "face_simple",
  "ds_mm": 2.0,
  "min_det": 0.006344669823988576,
  "scale": 0.9698162782717188,
  "rot_deg": 24.429630595484483,
  "dx_mm": -17.469046120475927,
  "dy_mm": 5.565929617438513
}