{
  "label": "face_simple",
  "ds_mm": 2.0,
  "min_det": 0.006331659100464214,
  "scale": 0.6408343478349663,
  "rot_deg": -6.352160003194072,
  "dx_mm": -3.9270043200277165,
  "dy_mm": -19.857854230797823
}