{
  "label": "face_simple",
  "ds_mm": 2.0,
  "scale": 0.6002474726064237,
  "rot_deg": -43.682279956679636,
  "dx_mm": 23.194929906932906,
  "dy_mm": -9.422229240582457
}