{
  "label": "face_simple",
  "ds_mm": 2.0,
  "scale": 1.4005048854281061,
  "rot_deg": -0.616847147729537,
  "dx_mm": -16.601405906697345,
  "dy_mm": -13.245314447775776
}