{
  "label": "face_simple",
  "ds_mm": 2.0,
  "scale": 0.9078456867997369,
  "rot_deg": -9.066593333296119,
  "dx_mm": 6.253922995947036,
  "dy_mm": -22.87576729076854
}