{
  "label": "face_simple",
  "ds_mm": 2.0,
  "scale": 0.7924304889135338,
  "rot_deg": 33.66669201518674,
  "dx_mm": 9.686117684338804,
  "dy_mm": -26.846584840964525
}