{
  "label": "face_simple",
  "ds_mm": 2.0,
  "min_det": 0.006309908123001257,
  "scale": 1.2989927497712142,
  "rot_deg": 3.8714809692420857,
  "dx_mm": -29.39338045970666,
  "dy_mm": 21.917615262185528
}