{
  "label": "face_simple",
  "ds_mm": 2.0,
  "scale": 0.6512768312490984,
  "rot_deg": -32.37767340889127,
  "dx_mm": 12.660968771013934,
  "dy_mm": -28.486856192466238
}