{
  "label": "face_simple",
  "ds_mm": 2.0,
  "min_det": 0.005599886954843019,
  "scale": 1.422729385110256,
  "rot_deg": 26.90607939369609,
  "dx_mm": 22.064148201453712,
  "dy_mm": -22.393146019663554
}