{
  "label": "face_simple",
  "ds_mm": 2.0,
  "scale": 1.0752825185287536,
  "rot_deg": 43.80307956979679,
  "dx_mm": 4.695016507445828,
  "dy_mm": -2.200981896519803
}