{
  "label": "face_simple",
  "ds_mm": 2.0,
  "scale": 0.7696829844064356,
  "rot_deg": 16.862345769060795,
  "dx_mm": -3.2002846279368136,
  "dy_mm": -14.904012384014818
}