{
  "label": "face_simple",
  "ds_mm": 2.0,
  "scale": 1.213811784864911,
  "rot_deg": 8.615355843122948,
  "dx_mm": -3.4600085491816337,
  "dy_mm": 0.7188978921532154
}