{
  "label": "face_simple",
  "ds_mm": 2.0,
  "scale": 1.1383973622827468,
  "rot_deg": 43.03816760827688,
  "dx_mm": 7.870068747938319,
  "dy_mm": -9.613465152460709
}