{
  "label": "face_simple",
  "ds_mm": 2.0,
  "scale": 1.4227699624038825,
  "rot_deg": 9.07361151765712,
  "dx_mm": -21.42280271035775,
  "dy_mm": 21.761245051561914
}