{
  "label": "face_simple",
  "ds_mm": 2.0,
  "scale": 0.9807951049477648,
  "rot_deg": -41.909261667981085,
  "dx_mm": 9.39308078484661,
  "dy_mm": 0.7022660877393037
}