{
  "label": "face_simple",
  "ds_mm": 2.0,
  "scale": 1.1129675991421268,
  "rot_deg": 33.14791427879132,
  "dx_mm": -0.1269451994940134,
  "dy_mm": -11.021322525787497
}