{
  "label": "face_simple",
  "ds_mm": 2.0,
  "min_det": 0.006181424257859301,
  "scale": 0.9858138654852477,
  "rot_deg": 30.198435844804763,
  "dx_mm": -13.90269285940623,
  "dy_mm": -21.047063774709727
}