{
  "label": "face_simple",
  "ds_mm": 2.0,
  "min_det": 0.00607333652540313,
  "scale": 0.9440791269484836,
  "rot_deg": 16.506226361761506,
  "dx_mm": -1.8261062780320287,
  "dy_mm": -18.08023704088834
}