{
  "label": "face_simple",
  "ds_mm": 2.0,
  "min_det": 0.006137660384914509,
  "scale": 1.4855919798407653,
  "rot_deg": 28.519925769643564,
  "dx_mm": -28.63835698487896,
  "dy_mm": 16.02148576507375
}