{
  "label": "face_simple",
  "ds_mm": 2.0,
  "min_det": 0.006178973291910653,
  "scale": 0.9063215626261559,
  "rot_deg": 32.21452903513155,
  "dx_mm": -6.143682348847136,
  "dy_mm": -8.815322121204993
}