{
  "label": "face_simple",
  "ds_mm": 2.0,
  "scale": 0.965370326521328,
  "rot_deg": -14.169146150673633,
  "dx_mm": -8.903690251030657,
  "dy_mm": -8.141011692115438
}