{
  "label": "face_simple",
  "ds_mm": 2.0,
  "scale": 1.0837158285733555,
  "rot_deg": -39.684675240470085,
  "dx_mm": 5.652919904492997,
  "dy_mm": 21.602354764007302
}