{
  "label": "face_simple",
  "ds_mm": 2.0,
  "scale": 1.1474614140208304,
  "rot_deg": -16.079590610291515,
  "dx_mm": 2.3471401782266597,
  "dy_mm": 12.646231697420902
}