{
  "label": "face_simple",
  "ds_mm": 2.0,
  "scale": 0.8311883923698924,
  "rot_deg": -42.53637502630011,
  "dx_mm": -3.93432177683777,
  "dy_mm": 5.366028575485885
}