{
  "label": "face_simple",
  "ds_mm": 2.0,
  "min_det": 0.006500603358857203,
  "scale": 0.8521183550286415,
  "rot_deg": 23.264900551076508,
  "dx_mm": -23.923680033352447,
  "dy_mm": -11.319454546101145
}