{
  "label": "face_simple",
  "ds_mm": 2.0,
  "scale": 1.3724453105119334,
  "rot_deg": 32.30581390228588,
  "dx_mm": 27.581797280330264,
  "dy_mm": -13.761843277461502
}