{
  "label": "face_simple",
  "ds_mm": 2.0,
  "min_det": 0.005865058331749837,
  "scale": 1.280369542536786,
  "rot_deg": -2.8800573440179775,
  "dx_mm": -4.711318134402568,
  "dy_mm": -29.60508940799484
}