{
  "label": "face_simple",
  "ds_mm": 2.0,
  "scale": 0.9247858051191391,
  "rot_deg": -0.6447677247167931,
  "dx_mm": -0.7533204077271343,
  "dy_mm": 5.692114519036558
}