{
  "label": "face_simple",
  "ds_mm": 2.0,
  "min_det": 0.006156567921326124,
  "scale": 0.8118274623148878,
  "rot_deg": 36.95775254600467,
  "dx_mm": -0.7434683761456533,
  "dy_mm": -12.590244179136103
}