{
  "label": "face_simple",
  "ds_mm": 2.0,
  "scale": 1.015241812561848,
  "rot_deg": 33.66539383844952,
  "dx_mm": -15.017789249197142,
  "dy_mm": -16.478971824297027
}