{
  "label": "face_simple",
  "ds_mm": 2.0,
  "min_det": 0.006533440931821115,
  "scale": 1.0211032171522767,
  "rot_deg": -41.351983032652754,
  "dx_mm": -27.783138377366583,
  "dy_mm": 12.317172008048857
}