{
  "label": "face_simple",
  "ds_mm": 2.0,
  "min_det": 0.005550713921370828,
  "scale": 1.4813126751960757,
  "rot_deg": 38.77606357227137,
  "dx_mm": 29.41119172445415,
  "dy_mm": 4.598892946466343
}