{
  "label": "face_simple",
  "ds_mm": 2.0,
  "scale": 0.6521145973001341,
  "rot_deg": -38.59272702353772,
  "dx_mm": 21.60250779214661,
  "dy_mm": 2.495476341717719
}