{
  "label": "face_simple",
  "ds_mm": 2.0,
  "min_det": 0.005824970275473804,
  "scale": 1.1307243653552694,
  "rot_deg": 42.2623081670304,
  "dx_mm": 14.947786848039307,
  "dy_mm": 4.710273358546296
}