{
  "label": "face_simple",
  "ds_mm": 2.0,
  "min_det": 0.005964279966756256,
  "scale": 0.7519582180708199,
  "rot_deg": -38.62970460332632,
  "dx_mm": 22.439544336429144,
  "dy_mm": -5.836333578972294
}