{
  "label": "face_simple",
  "ds_mm": 2.0,
  "scale": 0.7170039334843263,
  "rot_deg": -36.22003489608474,
  "dx_mm": -1.691159599136295,
  "dy_mm": 2.3120052742374284
}