{
  "label": "face_simple",
  "ds_mm": 2.0,
  "scale": 1.317430825928228,
  "rot_deg": -12.95624031918178,
  "dx_mm": -6.4712019201260205,
  "dy_mm": 4.14554565669912
}