{
  "label": "face_simple",
  "ds_mm": 2.0,
  "scale": 0.9062327816249314,
  "rot_deg": 4.861420957724107,
  "dx_mm": 29.053061384417056,
  "dy_mm": 22.2021753982698
}