{
  "label": "face_simple",
  "ds_mm": 2.0,
  "min_det": 0.005994845661330321,
  "scale": 0.7733373259768769,
  "rot_deg": -36.549001974449105,
  "dx_mm": 14.070774126849727,
  "dy_mm": -23.45406448401812
}