{
  "label": "face_simple",
  "ds_mm": 2.0,
  "min_det": 0.00642743245308073,
  "scale": 0.8441214079051409,
  "rot_deg": 19.980916719114617,
  "dx_mm": -20.938045275114497,
  "dy_mm": -18.401405140674925
}