{
  "label": "face_simple",
  "ds_mm": 2.0,
  "scale": 0.8040783571894934,
  "rot_deg": 6.6318265525915265,
  "dx_mm": 23.175735964488354,
  "dy_mm": -20.797643614487868
}