{
  "label": "face_simple",
  "ds_mm": 2.0,
  "scale": 0.9453637503057186,
  "rot_deg": -36.673541894095024,
  "dx_mm": -8.255265955629078,
  "dy_mm": 5.53969048460997
}