{
  "label": "face_simple",
  "ds_mm": 2.0,
  "min_det": 0.006094793902158087,
  "scale": 1.3580483607261975,
  "rot_deg": -37.09421522153407,
  "dx_mm": -21.675386891265894,
  "dy_mm": -18.293145812275117
}