{
  "label": "face_simple",
  "ds_mm": 2.0,
  "min_det": 0.005784519178004246,
  "scale": 0.9869044182995967,
  "rot_deg": 18.901411721094462,
  "dx_mm": 26.72854122218658,
  "dy_mm": 15.621726556631053
}