{
  "label": "face_simple",
  "ds_mm": 2.0,
  "min_det": 0.005838177660286568,
  "scale": 1.0342762706287103,
  "rot_deg": -13.319355029134496,
  "dx_mm": 14.981541472710958,
  "dy_mm": -22.91188791975409
}