{
  "label": "face_simple",
  "ds_mm": 2.0,
  "min_det": 0.006023907557424416,
  "scale": 1.2144635023975843,
  "rot_deg": 21.87675034404168,
  "dx_mm": -6.062603363529551,
  "dy_mm": 17.243645044859782
}