{
  "label": "face_simple",
  "ds_mm": 2.0,
  "min_det": 0.006092528359462314,
  "scale": 0.7863453863557736,
  "rot_deg": -9.395202203622361,
  "dx_mm": 10.660781304807372,
  "dy_mm": 20.458241812357812
}