{
  "label": "face_simple",
  "ds_mm": 2.0,
  "min_det": 0.005945423089017556,
  "scale": 1.183785404049456,
  "rot_deg": -41.773618005791974,
  "dx_mm": 3.3386926051189576,
  "dy_mm": 21.32870081256585
}