{
  "label": "face_simple",
  "ds_mm": 2.0,
  "min_det": 0.005695047589928615,
  "scale": 1.4055962036952288,
  "rot_deg": 11.002308439549466,
  "dx_mm": 18.498257685612828,
  "dy_mm": 1.6741007671161867
}