{
  "label": "face_simple",
  "ds_mm": 2.0,
  "scale": 0.9894992933109145,
  "rot_deg": -3.8217679037158163,
  "dx_mm": 5.693834262987778,
  "dy_mm": -24.41010065283748
}