{
  "label": "face_simple",
  "ds_mm": 2.0,
  "min_det": 0.005945137431611186,
  "scale": 0.8269660664258212,
  "rot_deg": -17.78003467176742,
  "dx_mm": 16.124671658298375,
  "dy_mm": -20.58220189118842
}