{
  "label": "face_simple",
  "ds_mm": 2.0,
  "scale": 1.3383361706029162,
  "rot_deg": 7.556067263983117,
  "dx_mm": 19.813214502685042,
  "dy_mm": 15.115897004655011
}