{
  "label": "face_simple",
  "ds_mm": 2.0,
  "scale": 1.457916637441703,
  "rot_deg": 12.801588475179777,
  "dx_mm": -12.055955446524223,
  "dy_mm": 10.123683314491721
}