{
  "label": "face_simple",
  "ds_mm": 2.0,
  "min_det": 0.006102319091024033,
  "scale": 0.7115193397244067,
  "rot_deg": 30.309316258005467,
  "dx_mm": 12.299314561272617,
  "dy_mm": 17.520189327122687
}