{
  "label": "face_simple",
  "ds_mm": 2.0,
  "min_det": 0.006419841609827661,
  "scale": 0.6492889173810525,
  "rot_deg": -26.84576090599546,
  "dx_mm": -11.594458608138332,
  "dy_mm": -28.4631942416489
}