{
  "label": "face_simple",
  "ds_mm": 2.0,
  "min_det": 0.006703339273038289,
  "scale": 0.7367428428657603,
  "rot_deg": -39.653195720938285,
  "dx_mm": -28.608271753109808,
  "dy_mm": -19.82345245608353
}