{
  "label": "face_simple",
  "ds_mm": 2.0,
  "min_det": 0.006126102197763455,
  "scale": 0.8323625202597041,
  "rot_deg": -37.970724834968685,
  "dx_mm": 5.849769728837124,
  "dy_mm": -2.036190551072103
}