{
  "label": "lissajous",
  "ds_mm": 2.0,
  "min_det": 0.0060636087758953435,
  "scale": 1.2960045101100253,
  "rot_deg": 36.855305190963975,
  "dx_mm": -9.656379317590918,
  "dy_mm": 18.16492171307071
}