{
  "label": "lissajous",
  "ds_mm": 2.0,
  "min_det": 0.006069581153984278,
  "scale": 1.1608342891108356,
  "rot_deg": 15.99227948951495,
  "dx_mm": -8.459181628927233,
  "dy_mm": -15.454022498421875
}