{
  "label": "lissajous",
  "ds_mm": 2.0,
  "min_det": 0.0057438938033653715,
  "scale": 1.3510443023760332,
  "rot_deg": -41.56446421685938,
  "dx_mm": 16.224235902346287,
  "dy_mm": -12.66371259981496
}