{
  "label": "lissajous",
  "ds_mm": 2.0,
  "min_det": 0.005849613839760489,
  "scale": 1.135802816597486,
  "rot_deg": 3.1827572246534928,
  "dx_mm": 15.583898832124689,
  "dy_mm": -11.320762665940961
}