{
  "label": "lissajous",
  "ds_mm": 2.0,
  "min_det": 0.006258345706031072,
  "scale": 0.7777224829133279,
  "rot_deg": -43.701533575755086,
  "dx_mm": 0.10633047314792776,
  "dy_mm": 2.231147298336829
}