{
  "label": "lissajous",
  "ds_mm": 2.0,
  "min_det": 0.005850412853251837,
  "scale": 1.2738888157750106,
  "rot_deg": 22.384692537031356,
  "dx_mm": 11.029069537788502,
  "dy_mm": 6.767897591637933
}