{
  "label": "lissajous",
  "ds_mm": 2.0,
  "min_det": 0.006106939981606064,
  "scale": 0.9274953850993293,
  "rot_deg": 34.35496057865532,
  "dx_mm": 1.7801339854676925,
  "dy_mm": -13.148775589167261
}