{
  "label": "lissajous",
  "ds_mm": 2.0,
  "min_det": 0.006201397961821892,
  "scale": 1.4608067847835358,
  "rot_deg": 20.502753652555583,
  "dx_mm": -25.929230925055826,
  "dy_mm": 18.352798723053233
}