{
  "label": "lissajous",
  "ds_mm": 2.0,
  "min_det": 0.005699762094268254,
  "scale": 1.2803006521199851,
  "rot_deg": -35.52618110224972,
  "dx_mm": 27.062650468268842,
  "dy_mm": -2.2286996739566654
}