{
  "label": "lissajous",
  "ds_mm": 2.0,
  "min_det": 0.00653146178300178,
  "scale": 0.6388356658312128,
  "rot_deg": -31.258333822626064,
  "dx_mm": -13.198163233122578,
  "dy_mm": -20.226856520300288
}