{
  "label": "lissajous",
  "ds_mm": 2.0,
  "min_det": 0.006616261677828491,
  "scale": 0.8053656858588913,
  "rot_deg": 6.967899559679097,
  "dx_mm": -18.930997417044942,
  "dy_mm": 12.602699066444252
}