{
  "label": "lissajous",
  "ds_mm": 2.0,
  "min_det": 0.005665802315948658,
  "scale": 1.355232459654478,
  "rot_deg": 14.434520248406713,
  "dx_mm": 25.825775316944437,
  "dy_mm": 18.85350948841561
}