{
  "label": "lissajous",
  "ds_mm": 2.0,
  "min_det": 0.0058308437408439604,
  "scale": 0.9758321852482201,
  "rot_deg": 14.83210250950706,
  "dx_mm": 29.247968874998598,
  "dy_mm": 23.633482093279746
}