{
  "label": "lissajous",
  "ds_mm": 2.0,
  "min_det": 0.005910467816242981,
  "scale": 0.7894868429740954,
  "rot_deg": 37.69251420463023,
  "dx_mm": 26.90888103634571,
  "dy_mm": 18.531782932902118
}