{
  "label": "lissajous",
  "ds_mm": 2.0,
  "min_det": 0.005729582017055997,
  "scale": 1.2845955239390823,
  "rot_deg": 26.590418086576648,
  "dx_mm": 22.958104199217487,
  "dy_mm": 22.10117173343715
}