{
  "label": "lissajous",
  "ds_mm": 2.0,
  "min_det": 0.005975577817729838,
  "scale": 1.3341338747351281,
  "rot_deg": 32.32940774944062,
  "dx_mm": -3.9917239229992063,
  "dy_mm": 13.014022751573094
}