{
  "label": "lissajous",
  "ds_mm": 2.0,
  "min_det": 0.0065833863591069795,
  "scale": 0.9677502514024514,
  "rot_deg": 12.81908119700578,
  "dx_mm": -24.08585397658807,
  "dy_mm": 28.62651862117002
}