{
  "label": "lissajous",
  "ds_mm": 2.0,
  "min_det": 0.006229386037532209,
  "scale": 1.1544957065989774,
  "rot_deg": -44.180685634203535,
  "dx_mm": -14.197128616441287,
  "dy_mm": 19.64377390277916
}