{
  "label": "lissajous",
  "ds_mm": 2.0,
  "min_det": 0.006245025309274718,
  "scale": 0.7899720341240823,
  "rot_deg": -41.25732178155725,
  "dx_mm": -1.4763870054806745,
  "dy_mm": -9.27216258126678
}