{
  "label": "lissajous",
  "ds_mm": 2.0,
  "min_det": 0.00573978441534968,
  "scale": 1.3730802983013286,
  "rot_deg": 33.58857405695812,
  "dx_mm": 17.13867226180598,
  "dy_mm": -7.149702630736737
}