{
  "label": "lissajous",
  "ds_mm": 2.0,
  "min_det": 0.006568424827317103,
  "scale": 0.8006649045831712,
  "rot_deg": -2.3673235995877917,
  "dx_mm": -13.638072991117248,
  "dy_mm": 17.041323059689184
}