{
  "label": "lissajous",
  "ds_mm": 2.0,
  "min_det": 0.005702205710598858,
  "scale": 1.4440371321121246,
  "rot_deg": 10.659540636057095,
  "dx_mm": 12.1799028756909,
  "dy_mm": -21.683791404391854
}