{
  "label": "lissajous",
  "ds_mm": 2.0,
  "min_det": 0.0060479164481082965,
  "scale": 1.4433697763987197,
  "rot_deg": 23.794645815114336,
  "dx_mm": -25.08490287714359,
  "dy_mm": -29.14005506705752
}