{
  "label": "lissajous",
  "ds_mm": 2.0,
  "min_det": 0.006285962075933364,
  "scale": 0.9213218763844313,
  "rot_deg": 44.314826614763845,
  "dx_mm": -7.059919673589107,
  "dy_mm": 4.889189473213783
}