{
  "label": "lissajous",
  "ds_mm": 2.0,
  "min_det": 0.005910778713714494,
  "scale": 0.8692589465092809,
  "rot_deg": -40.35266099821479,
  "dx_mm": 19.864381749238596,
  "dy_mm": -18.053460399068925
}