{
  "label": "lissajous",
  "ds_mm": 2.0,
  "min_det": 0.005839659014534481,
  "scale": 1.1240397659558066,
  "rot_deg": -26.995585052176708,
  "dx_mm": 17.38952384280733,
  "dy_mm": -19.9916292821003
}