{
  "label": "lissajous",
  "ds_mm": 2.0,
  "min_det": 0.005715963138181456,
  "scale": 1.2673817855094618,
  "rot_deg": -38.57499296448577,
  "dx_mm": 24.53548561705997,
  "dy_mm": -11.446957109704663
}