{
  "label": "lissajous",
  "ds_mm": 2.0,
  "min_det": 0.005824542687067337,
  "scale": 1.2447730254538167,
  "rot_deg": 32.18622541920729,
  "dx_mm": 13.890201309333108,
  "dy_mm": -2.269295041954038
}