{
  "label": "lissajous",
  "ds_mm": 2.0,
  "min_det": 0.005794587500167948,
  "scale": 1.4128056763520322,
  "rot_deg": 34.72335415415847,
  "dx_mm": 9.611383737345427,
  "dy_mm": 3.737280417185893
}