{
  "label": "lissajous",
  "ds_mm": 2.0,
  "min_det": 0.006130963021590906,
  "scale": 0.6043022497547152,
  "rot_deg": -18.081415453330685,
  "dx_mm": 17.14240325344582,
  "dy_mm": -17.913270552063626
}