{
  "label": "lissajous",
  "ds_mm": 2.0,
  "min_det": 0.006572584753545134,
  "scale": 0.899162553616516,
  "rot_deg": 24.999808847722747,
  "dx_mm": -25.0451502132168,
  "dy_mm": 0.09694141079334173
}