{
  "label": "lissajous",
  "ds_mm": 2.0,
  "min_det": 0.006139106297975189,
  "scale": 1.4069752462867002,
  "rot_deg": -15.793393539725702,
  "dx_mm": -22.509979810953432,
  "dy_mm": 29.97711411802119
}