{
  "label": "lissajous",
  "ds_mm": 2.0,
  "min_det": 0.0060145843609235305,
  "scale": 1.384370076862555,
  "rot_deg": -18.039350553445864,
  "dx_mm": -8.292189464069008,
  "dy_mm": 10.760818457673501
}