{
  "label": "lissajous",
  "ds_mm": 2.0,
  "min_det": 0.005725294112656976,
  "scale": 1.2760292267798223,
  "rot_deg": -27.98272869928056,
  "dx_mm": 23.032760317838985,
  "dy_mm": 10.037945234274801
}