{
  "label": "lissajous",
  "ds_mm": 2.0,
  "min_det": 0.00632050689657504,
  "scale": 0.6700926967819497,
  "rot_deg": 30.18949025446544,
  "dx_mm": -4.753464331916298,
  "dy_mm": -26.38344086309949
}