{
  "label": "lissajous",
  "ds_mm": 2.0,
  "min_det": 0.005694303387815321,
  "scale": 1.3889820305092573,
  "rot_deg": -23.390178839494798,
  "dx_mm": 23.841577098808003,
  "dy_mm": -18.38051725673739
}