{
  "label": "lissajous",
  "ds_mm": 2.0,
  "min_det": 0.00619312939390726,
  "scale": 0.8274161129689358,
  "rot_deg": -11.201277518301168,
  "dx_mm": 4.03000464124581,
  "dy_mm": 24.27436775722535
}