{
  "label": "lissajous",
  "ds_mm": 2.0,
  "min_det": 0.005973193145390177,
  "scale": 0.6909243189609261,
  "rot_deg": 23.567412174513777,
  "dx_mm": 23.397584182713096,
  "dy_mm": -13.388279766041691
}