{
  "label": "lissajous",
  "ds_mm": 2.0,
  "min_det": 0.005715807707478568,
  "scale": 1.2497220905780413,
  "rot_deg": 2.7935727693877297,
  "dx_mm": 29.38421558740191,
  "dy_mm": -2.141368460502992
}