{
  "label": "lissajous",
  "ds_mm": 2.0,
  "min_det": 0.006329179976687985,
  "scale": 1.1603848409502537,
  "rot_deg": 25.39051835786229,
  "dx_mm": -29.752828747376977,
  "dy_mm": -26.227153520800673
}