{
  "label": "lissajous",
  "ds_mm": 2.0,
  "min_det": 0.006017105411088044,
  "scale": 1.1172900824600562,
  "rot_deg": -43.33309886321993,
  "dx_mm": 3.2384377382417426,
  "dy_mm": 22.215298279271842
}