{
  "label": "lissajous",
  "ds_mm": 2.0,
  "min_det": 0.005939908292165577,
  "scale": 1.16516673595111,
  "rot_deg": 7.077085208419469,
  "dx_mm": 11.089138933645948,
  "dy_mm": 12.070408630416544
}