{
  "label": "lissajous",
  "ds_mm": 2.0,
  "min_det": 0.006231862233452312,
  "scale": 0.6321893740435195,
  "rot_deg": -22.933139775434984,
  "dx_mm": 6.651658311931328,
  "dy_mm": -22.810980141812223
}