{
  "label": "lissajous",
  "ds_mm": 2.0,
  "min_det": 0.005918913357414555,
  "scale": 1.441435742041884,
  "rot_deg": -11.491033697510872,
  "dx_mm": -6.008332321081372,
  "dy_mm": 22.466042245507175
}