{
  "label": "lissajous",
  "ds_mm": 2.0,
  "min_det": 0.005737164725895031,
  "scale": 1.3123314564404003,
  "rot_deg": -3.9136541821852404,
  "dx_mm": 14.443206369975826,
  "dy_mm": -24.555705104180703
}