{
  "label": "lissajous",
  "ds_mm": 2.0,
  "min_det": 0.005964695969273003,
  "scale": 1.04397796400451,
  "rot_deg": 18.521433551090183,
  "dx_mm": 12.502916229438199,
  "dy_mm": 18.637643772176617
}