{
  "label": "lissajous",
  "ds_mm": 2.0,
  "min_det": 0.006220660641617926,
  "scale": 1.1327223082794928,
  "rot_deg": 44.035361428929775,
  "dx_mm": -12.60620080889668,
  "dy_mm": 9.142555246623033
}