{
  "label": "lissajous",
  "ds_mm": 2.0,
  "min_det": 0.005725970208916374,
  "scale": 1.260469813144478,
  "rot_deg": -8.669015795635907,
  "dx_mm": 23.979472155284746,
  "dy_mm": 11.517404592273422
}