{
  "label": "lissajous",
  "ds_mm": 2.0,
  "min_det": 0.006181780231064151,
  "scale": 0.7291790496332795,
  "rot_deg": 15.161783715866477,
  "dx_mm": 9.105480009723316,
  "dy_mm": 6.469918270179242
}