{
  "label": "lissajous",
  "ds_mm": 2.0,
  "min_det": 0.006245555303695639,
  "scale": 0.9567678125532173,
  "rot_deg": -2.023183733859838,
  "dx_mm": -2.2980247766307755,
  "dy_mm": 5.943838291126099
}