{
  "label": "lissajous",
  "ds_mm": 2.0,
  "min_det": 0.006284189775419664,
  "scale": 1.3765643981098614,
  "rot_deg": -25.258437810799716,
  "dx_mm": -28.063561656015857,
  "dy_mm": 10.354901732286997
}