{
  "label": "lissajous",
  "ds_mm": 2.0,
  "min_det": 0.005756186957043194,
  "scale": 1.3382272845137058,
  "rot_deg": -7.015341118348999,
  "dx_mm": 16.23634550443407,
  "dy_mm": 14.374315194034963
}