{
  "label": "lissajous",
  "ds_mm": 2.0,
  "min_det": 0.006024251646715583,
  "scale": 0.6790381648125917,
  "rot_deg": -35.694506206723965,
  "dx_mm": 19.816565816968954,
  "dy_mm": -15.90038663223363
}