{
  "label": "lissajous",
  "ds_mm": 2.0,
  "min_det": 0.006190925649122473,
  "scale": 0.935082238067322,
  "rot_deg": 28.779057339132905,
  "dx_mm": -2.8367348368743244,
  "dy_mm": 1.2443528725099213
}