{
  "label": "lissajous",
  "ds_mm": 2.0,
  "min_det": 0.005837633394301306,
  "scale": 0.9579405934110905,
  "rot_deg": 8.26182335573602,
  "dx_mm": 23.39490449779654,
  "dy_mm": -15.558974832122157
}