{
  "label": "lissajous",
  "ds_mm": 2.0,
  "min_det": 0.006222571275437935,
  "scale": 0.8932456431562914,
  "rot_deg": -1.6855935716803927,
  "dx_mm": 0.4595126891501842,
  "dy_mm": 0.06380383173240389
}