{
  "label": "lissajous",
  "ds_mm": 2.0,
  "min_det": 0.00590846471600213,
  "scale": 1.258222263652888,
  "rot_deg": -2.3868244447154794,
  "dx_mm": 1.6861876375163511,
  "dy_mm": -18.695371900657854
}