{
  "label": "lissajous",
  "ds_mm": 2.0,
  "min_det": 0.005644977547613157,
  "scale": 1.409568793831827,
  "rot_deg": -23.448524407676988,
  "dx_mm": 27.90546780358882,
  "dy_mm": 0.02086564322770812
}