{
  "label": "lissajous",
  "ds_mm": 2.0,
  "min_det": 0.006022409443284967,
  "scale": 1.080420652825276,
  "rot_deg": -37.867075537876396,
  "dx_mm": 2.1314954595141984,
  "dy_mm": -7.598105878921267
}