{
  "label": "lissajous",
  "ds_mm": 2.0,
  "min_det": 0.006022413408341096,
  "scale": 1.1823480989442006,
  "rot_deg": -31.762556683861654,
  "dx_mm": -2.582715604837702,
  "dy_mm": 29.184493713785585
}