{
  "label": "lissajous",
  "ds_mm": 2.0,
  "min_det": 0.006268834485903942,
  "scale": 0.7792503399277143,
  "rot_deg": -17.37538252765276,
  "dx_mm": 0.5174784415695441,
  "dy_mm": 25.263321780649967
}