{
  "label": "lissajous",
  "ds_mm": 2.0,
  "min_det": 0.005813548917700301,
  "scale": 1.1356190072804937,
  "rot_deg": 3.5723275671694665,
  "dx_mm": 20.95089450446887,
  "dy_mm": -7.267900189709632
}