{
  "label": "lissajous",
  "ds_mm": 2.0,
  "min_det": 0.006703686095610405,
  "scale": 0.6979738989976217,
  "rot_deg": 25.089963540168327,
  "dx_mm": -22.834396115109797,
  "dy_mm": -2.8411149207523607
}