{
  "label": "lissajous",
  "ds_mm": 2.0,
  "min_det": 0.006234204347484604,
  "scale": 1.3489356277613131,
  "rot_deg": 7.436721798097047,
  "dx_mm": -25.220452688105723,
  "dy_mm": -3.603823791201357
}