{
  "label": "lissajous",
  "ds_mm": 2.0,
  "min_det": 0.005785066461853485,
  "scale": 1.318351714901676,
  "rot_deg": -7.161088675885047,
  "dx_mm": 8.419508593949075,
  "dy_mm": -26.618800190359334
}