{
  "label": "lissajous",
  "ds_mm": 2.0,
  "min_det": 0.006262337225462907,
  "scale": 0.8248885453164073,
  "rot_deg": -3.6308703203283272,
  "dx_mm": -4.345442861428129,
  "dy_mm": -18.85023994466241
}