{
  "label": "lissajous",
  "ds_mm": 2.0,
  "min_det": 0.006624905472440169,
  "scale": 0.849543463279608,
  "rot_deg": -9.690256969336964,
  "dx_mm": -20.545857096672364,
  "dy_mm": 16.239864750082717
}