{
  "label": "lissajous",
  "ds_mm": 2.0,
  "min_det": 0.006203502149265211,
  "scale": 1.328591538885283,
  "rot_deg": 39.86271180261538,
  "dx_mm": -26.104499098270367,
  "dy_mm": -26.389293821060832
}