{
  "label": "lissajous",
  "ds_mm": 2.0,
  "min_det": 0.006040595643811998,
  "scale": 1.0771900119161142,
  "rot_deg": -5.50044173154928,
  "dx_mm": 6.290932093281981,
  "dy_mm": 13.660150077305325
}