{
  "label": "lissajous",
  "ds_mm": 2.0,
  "min_det": 0.00616676934776639,
  "scale": 1.1334809348384325,
  "rot_deg": 15.96198806508302,
  "dx_mm": -17.366871778090776,
  "dy_mm": -24.147584065827402
}