{
  "label": "lissajous",
  "ds_mm": 2.0,
  "min_det": 0.006433640578896628,
  "scale": 0.7559984778644654,
  "rot_deg": 5.659631003075695,
  "dx_mm": -4.961447945393942,
  "dy_mm": 21.521017103228708
}