{
  "label": "lissajous",
  "ds_mm": 2.0,
  "min_det": 0.00601291348740431,
  "scale": 1.1650580117591567,
  "rot_deg": 22.788503487198042,
  "dx_mm": -2.892960829577124,
  "dy_mm": -11.959635886812233
}