{
  "label": "lissajous",
  "ds_mm": 2.0,
  "min_det": 0.006484121776713792,
  "scale": 0.9847161145057517,
  "rot_deg": -25.61528469183707,
  "dx_mm": -22.85741405609054,
  "dy_mm": 28.449084890247434
}