{
  "label": "lissajous",
  "ds_mm": 2.0,
  "min_det": 0.00601182878447474,
  "scale": 0.6873401326455773,
  "rot_deg": -34.60214178964594,
  "dx_mm": 18.026213394190584,
  "dy_mm": -26.140293143592473
}