{
  "label": "lissajous",
  "ds_mm": 2.0,
  "min_det": 0.006670814409370355,
  "scale": 0.6396718278077402,
  "rot_deg": 20.20611781545405,
  "dx_mm": -20.687870073241776,
  "dy_mm": -14.569532233057014
}