{
  "label": "lissajous",
  "ds_mm": 2.0,
  "min_det": 0.006413900661648528,
  "scale": 0.8388088494070297,
  "rot_deg": -29.19192523429347,
  "dx_mm": -11.562120698256713,
  "dy_mm": 6.60162111977192
}