{
  "label": "lissajous",
  "ds_mm": 2.0,
  "min_det": 0.006309210343518635,
  "scale": 1.234970052865818,
  "rot_deg": -13.786495892148054,
  "dx_mm": -21.62856066170562,
  "dy_mm": 17.529336723115932
}