{
  "label": "lissajous",
  "ds_mm": 2.0,
  "min_det": 0.006640376382889145,
  "scale": 0.917316314775525,
  "rot_deg": -15.043629958356757,
  "dx_mm": -25.32126582278387,
  "dy_mm": 8.179605445567304
}