{
  "label": "lissajous",
  "ds_mm": 2.0,
  "min_det": 0.006306363243836825,
  "scale": 1.121107538549425,
  "rot_deg": -36.62075364870315,
  "dx_mm": -24.796268042122097,
  "dy_mm": -25.88394384278886
}