{
  "label": "lissajous",
  "ds_mm": 2.0,
  "min_det": 0.005870488529580437,
  "scale": 1.453133386179682,
  "rot_deg": -33.70223790161015,
  "dx_mm": -0.18182485779200164,
  "dy_mm": 0.641025842483895
}