{
  "label": "lissajous",
  "ds_mm": 2.0,
  "min_det": 0.005918384205283971,
  "scale": 0.9685026970045586,
  "rot_deg": -31.69320476006225,
  "dx_mm": 17.531891389303993,
  "dy_mm": -7.97074154936756
}