{
  "label": "lissajous",
  "ds_mm": 2.0,
  "min_det": 0.005858576584081626,
  "scale": 0.976490941843489,
  "rot_deg": 2.3695310623723884,
  "dx_mm": 15.341001596947294,
  "dy_mm": -28.941431701635814
}