{
  "label": "lissajous",
  "ds_mm": 2.0,
  "min_det": 0.006254529718100358,
  "scale": 1.0267567527064703,
  "rot_deg": 32.3924502531102,
  "dx_mm": -14.925622593233157,
  "dy_mm": -17.544308648029926
}