{
  "label": "lissajous",
  "ds_mm": 2.0,
  "min_det": 0.006716812435129257,
  "scale": 0.7452090610721362,
  "rot_deg": 44.16968993285043,
  "dx_mm": -26.252695376900796,
  "dy_mm": -15.653812558056288
}