{
  "label": "lissajous",
  "ds_mm": 2.0,
  "min_det": 0.006242362999763749,
  "scale": 0.8129192340617585,
  "rot_deg": 24.231817631962954,
  "dx_mm": -6.602238009691263,
  "dy_mm": -24.57847662193514
}