{
  "label": "lissajous",
  "ds_mm": 2.0,
  "min_det": 0.005648631811029607,
  "scale": 1.4374048241918955,
  "rot_deg": 13.486454140914987,
  "dx_mm": 27.451149507274685,
  "dy_mm": -4.48839424656947
}