{
  "label": "lissajous",
  "ds_mm": 2.0,
  "min_det": 0.006143418041995156,
  "scale": 1.2238998243865602,
  "rot_deg": -36.16240480960687,
  "dx_mm": -13.78577942621363,
  "dy_mm": -6.374321900920737
}