{
  "label": "lissajous",
  "ds_mm": 2.0,
  "min_det": 0.00574201979739971,
  "scale": 1.389506213180392,
  "rot_deg": -34.955917584608336,
  "dx_mm": 15.005059426938985,
  "dy_mm": -16.226045932690663
}