{
  "label": "lissajous",
  "ds_mm": 2.0,
  "min_det": 0.005854750668149968,
  "scale": 1.2361356466081928,
  "rot_deg": -25.016516590010795,
  "dx_mm": 11.632512295235031,
  "dy_mm": -17.398954772207478
}