{
  "label": "lissajous",
  "ds_mm": 2.0,
  "min_det": 0.006501621108830217,
  "scale": 1.0243674778272007,
  "rot_deg": -38.546727788246436,
  "dx_mm": -27.9445001122991,
  "dy_mm": -6.319728263512484
}