{
  "label": "lissajous",
  "ds_mm": 2.0,
  "min_det": 0.006459536349864577,
  "scale": 0.8839622639953402,
  "rot_deg": -35.489406456384145,
  "dx_mm": -16.345117324512564,
  "dy_mm": 20.44683902987319
}