{
  "label": "lissajous",
  "ds_mm": 2.0,
  "min_det": 0.005799233708120087,
  "scale": 1.2676326687141517,
  "rot_deg": 21.772489742366716,
  "dx_mm": 17.437877034601655,
  "dy_mm": 13.392873055378672
}