{
  "label": "lissajous",
  "ds_mm": 2.0,
  "min_det": 0.006106190479781235,
  "scale": 0.8358685524377064,
  "rot_deg": -9.561308948684214,
  "dx_mm": 8.358972855783733,
  "dy_mm": 29.570962203112984
}