{
  "label": "lissajous",
  "ds_mm": 2.0,
  "min_det": 0.00561222406950001,
  "scale": 1.4836031273400054,
  "rot_deg": 11.03298876421622,
  "dx_mm": 18.75581142545927,
  "dy_mm": 23.35894596656332
}