{
  "label": "lissajous",
  "ds_mm": 2.0,
  "min_det": 0.006096622388526858,
  "scale": 1.2174304138694518,
  "rot_deg": 10.240305114136497,
  "dx_mm": -7.060171329057855,
  "dy_mm": 4.730257389597348
}