{
  "label": "lissajous",
  "ds_mm": 2.0,
  "min_det": 0.005836361067970444,
  "scale": 1.0580298919529878,
  "rot_deg": -42.61688258856,
  "dx_mm": 22.306769387936036,
  "dy_mm": 17.396074463544274
}