{
  "label": "lissajous",
  "ds_mm": 2.0,
  "min_det": 0.006303987839372737,
  "scale": 1.3010806102022636,
  "rot_deg": -11.447356547517224,
  "dx_mm": -22.423377163187,
  "dy_mm": -8.38271929085704
}