{
  "label": "lissajous",
  "ds_mm": 2.0,
  "min_det": 0.006211183760319001,
  "scale": 1.2949232829962338,
  "rot_deg": 40.543944953723084,
  "dx_mm": -22.744450695446975,
  "dy_mm": -17.051145450745068
}