{
  "label": "lissajous",
  "ds_mm": 2.0,
  "min_det": 0.006141585927053962,
  "scale": 0.7413775974064463,
  "rot_deg": -35.72485424990606,
  "dx_mm": 10.025000713511297,
  "dy_mm": 29.100110840109167
}