{
  "label": "lissajous",
  "ds_mm": 2.0,
  "min_det": 0.00609601910948774,
  "scale": 1.2753922737305998,
  "rot_deg": 15.595827090749523,
  "dx_mm": -8.488254332464933,
  "dy_mm": 18.038865140609047
}