{
  "label": "lissajous",
  "ds_mm": 2.0,
  "min_det": 0.005681061431639578,
  "scale": 1.423771427005843,
  "rot_deg": 35.77570252499625,
  "dx_mm": 21.141484023968218,
  "dy_mm": 14.016386200709448
}