{
  "label": "lissajous",
  "ds_mm": 2.0,
  "min_det": 0.005690898688466169,
  "scale": 1.424630650559433,
  "rot_deg": 10.829330144205343,
  "dx_mm": 12.757974992765426,
  "dy_mm": -25.701727108619547
}