{
  "label": "lissajous",
  "ds_mm": 2.0,
  "min_det": 0.005957427178943918,
  "scale": 1.474625442922509,
  "rot_deg": 5.909891621285595,
  "dx_mm": -4.04482247750731,
  "dy_mm": 14.309755053620833
}