{
  "label": "lissajous",
  "ds_mm": 2.0,
  "min_det": 0.0058175093086290505,
  "scale": 1.035262671963901,
  "rot_deg": -8.865739385379612,
  "dx_mm": 22.359389354146742,
  "dy_mm": 23.580026155031433
}