{
  "label": "lissajous",
  "ds_mm": 2.0,
  "min_det": 0.005875087422272472,
  "scale": 1.3435753542395126,
  "rot_deg": 8.19585593963322,
  "dx_mm": 5.5518698944147005,
  "dy_mm": 23.472205122783897
}