{
  "label": "lissajous",
  "ds_mm": 2.0,
  "min_det": 0.00559151639177831,
  "scale": 1.496297127779444,
  "rot_deg": -33.831002341272324,
  "dx_mm": 24.009359261149555,
  "dy_mm": 27.44297910580309
}