{
  "label": "lissajous",
  "ds_mm": 2.0,
  "min_det": 0.005801109223331689,
  "scale": 1.356529225766454,
  "rot_deg": -34.8172389893481,
  "dx_mm": 9.81878828481571,
  "dy_mm": -14.629661858909753
}