{
  "label": "lissajous",
  "ds_mm": 2.0,
  "min_det": 0.006103648567479077,
  "scale": 0.9518900570994523,
  "rot_deg": 40.056553606346114,
  "dx_mm": 3.543878739431129,
  "dy_mm": -0.20804861812446873
}