{
  "label": "lissajous",
  "ds_mm": 2.0,
  "min_det": 0.005758196632415598,
  "scale": 1.249962377812407,
  "rot_deg": 41.77804054223698,
  "dx_mm": 18.270200668311524,
  "dy_mm": 21.844232067642395
}