{
  "label": "lissajous",
  "ds_mm": 2.0,
  "min_det": 0.0060752015329610795,
  "scale": 1.3161982503831564,
  "rot_deg": 33.25104884863683,
  "dx_mm": -11.500326520554832,
  "dy_mm": 22.085040064543584
}