{
  "label": "lissajous",
  "ds_mm": 2.0,
  "min_det": 0.005775123746173292,
  "scale": 1.3498717032495442,
  "rot_deg": -7.0062436317581245,
  "dx_mm": 14.211994361357824,
  "dy_mm": 13.709382932552309
}