{
  "label": "lissajous",
  "ds_mm": 2.0,
  "min_det": 0.005779596066523412,
  "scale": 1.1339781896362642,
  "rot_deg": -25.34780871999265,
  "dx_mm": 23.603639062647048,
  "dy_mm": -23.189320392377507
}