{
  "label": "lissajous",
  "ds_mm": 2.0,
  "min_det": 0.006281885052931156,
  "scale": 1.2615185505040034,
  "rot_deg": -36.792892981191635,
  "dx_mm": -23.42464368677807,
  "dy_mm": 11.392092168669528
}