{
  "label": "lissajous",
  "ds_mm": 2.0,
  "min_det": 0.005731059350924962,
  "scale": 1.23792233889698,
  "rot_deg": 21.41118297139613,
  "dx_mm": 18.91243209678393,
  "dy_mm": -23.992710768240013
}