{
  "label": "lissajous",
  "ds_mm": 2.0,
  "min_det": 0.006661965107213815,
  "scale": 0.9567862712884405,
  "rot_deg": 0.02592349138200234,
  "dx_mm": -25.482997074444974,
  "dy_mm": 22.853831898346982
}