{
  "label": "lissajous",
  "ds_mm": 2.0,
  "min_det": 0.006116060621864167,
  "scale": 1.2908742115385041,
  "rot_deg": -16.30726633900196,
  "dx_mm": -10.626176832840734,
  "dy_mm": 6.883307389921129
}