{
  "label": "lissajous",
  "ds_mm": 2.0,
  "min_det": 0.005692726543227568,
  "scale": 1.1799577702509627,
  "rot_deg": 22.19135043859896,
  "dx_mm": 27.140197530137904,
  "dy_mm": -23.92471852502929
}