{
  "label": "lissajous",
  "ds_mm": 2.0,
  "min_det": 0.006319323009078192,
  "scale": 1.2435789276140472,
  "rot_deg": 38.90548662085017,
  "dx_mm": -28.760594456222936,
  "dy_mm": -20.13726878595029
}