{
  "label": "lissajous",
  "ds_mm": 2.0,
  "min_det": 0.005714689161527517,
  "scale": 1.258134469806024,
  "rot_deg": -20.98908687371154,
  "dx_mm": 22.442538850461332,
  "dy_mm": 18.41250867005123
}