{
  "label": "lissajous",
  "ds_mm": 2.0,
  "min_det": 0.005666987850234718,
  "scale": 1.3974812193741388,
  "rot_deg": 38.23990943953896,
  "dx_mm": 25.855117093187744,
  "dy_mm": -2.950253073496288
}