{
  "label": "lissajous",
  "ds_mm": 2.0,
  "min_det": 0.00671046867489475,
  "scale": 0.6329404041984291,
  "rot_deg": -37.12779239650088,
  "dx_mm": -25.256593245782277,
  "dy_mm": -28.893952217070776
}