{
  "label": "lissajous",
  "ds_mm": 2.0,
  "min_det": 0.006085267962149249,
  "scale": 1.1972825278232135,
  "rot_deg": 25.501041495939717,
  "dx_mm": -5.671135674520286,
  "dy_mm": 18.175492986744608
}