{
  "label": "lissajous",
  "ds_mm": 2.0,
  "min_det": 0.005686486338043078,
  "scale": 1.4191565855542216,
  "rot_deg": 43.59946028304415,
  "dx_mm": 22.82099845765085,
  "dy_mm": -9.232654188914196
}