{
  "label": "lissajous",
  "ds_mm": 2.0,
  "min_det": 0.005716792783032746,
  "scale": 1.3272926986617128,
  "rot_deg": 40.29517928985024,
  "dx_mm": 22.450612797804197,
  "dy_mm": -13.569098424952934
}