{
  "label": "lissajous",
  "ds_mm": 2.0,
  "min_det": 0.006071227332127273,
  "scale": 0.9662594918569005,
  "rot_deg": 5.246186107284636,
  "dx_mm": 9.79862202642429,
  "dy_mm": 22.404974744924765
}