{
  "label": "lissajous",
  "ds_mm": 2.0,
  "min_det": 0.005876286093386121,
  "scale": 1.4205467134146026,
  "rot_deg": -8.814878432830703,
  "dx_mm": 4.953146534405356,
  "dy_mm": -4.9824425942511255
}