{
  "label": "lissajous",
  "ds_mm": 2.0,
  "min_det": 0.0064585794673418665,
  "scale": 0.6895394155125987,
  "rot_deg": -3.3692438778619263,
  "dx_mm": -8.976004766280713,
  "dy_mm": -15.112269435756534
}