{
  "label": "lissajous",
  "ds_mm": 2.0,
  "min_det": 0.0064683069175478876,
  "scale": 1.146786212588638,
  "rot_deg": -5.128120200143599,
  "dx_mm": -25.425780809016466,
  "dy_mm": 22.17571632245015
}