{
  "label": "lissajous",
  "ds_mm": 2.0,
  "min_det": 0.005921140716143794,
  "scale": 1.310641165187608,
  "rot_deg": -8.345850821432443,
  "dx_mm": 4.794769804618753,
  "dy_mm": 9.556029396801144
}