{
  "label": "lissajous",
  "ds_mm": 2.0,
  "min_det": 0.006152184277431129,
  "scale": 1.040476076963101,
  "rot_deg": 21.709599075840714,
  "dx_mm": -12.587759864729904,
  "dy_mm": -27.44366910748021
}