{
  "label": "lissajous",
  "ds_mm": 2.0,
  "min_det": 0.0067747316117718935,
  "scale": 0.7848984031373568,
  "rot_deg": 29.22751030621059,
  "dx_mm": -29.04310087380566,
  "dy_mm": 8.494402580737741
}