{
  "label": "lissajous",
  "ds_mm": 2.0,
  "min_det": 0.005947815809892027,
  "scale": 0.8937737362631435,
  "rot_deg": -0.06080509093622055,
  "dx_mm": 23.20708361604906,
  "dy_mm": 5.079198308467632
}