{
  "label": "lissajous",
  "ds_mm": 2.0,
  "min_det": 0.0060200762703092915,
  "scale": 0.9303351617897084,
  "rot_deg": 38.177323229457656,
  "dx_mm": 10.700099742106197,
  "dy_mm": -3.654852445931759
}