{
  "label": "lissajous",
  "ds_mm": 2.0,
  "min_det": 0.006354423735061298,
  "scale": 1.2097753032950167,
  "rot_deg": -28.49713254178033,
  "dx_mm": -27.930264699981954,
  "dy_mm": -17.293020080391635
}