{
  "label": "lissajous",
  "ds_mm": 2.0,
  "min_det": 0.006466991029899333,
  "scale": 0.6189128192071919,
  "rot_deg": 12.491047485808409,
  "dx_mm": -3.20193275397515,
  "dy_mm": 11.448738864252888
}