{
  "label": "lissajous",
  "ds_mm": 2.0,
  "min_det": 0.005951647431271076,
  "scale": 0.9938424349284825,
  "rot_deg": -24.29689872185761,
  "dx_mm": 13.844879092516187,
  "dy_mm": -14.373947374569369
}