{
  "label": "lissajous",
  "ds_mm": 2.0,
  "min_det": 0.00566629855493065,
  "scale": 1.219397543602502,
  "rot_deg": -1.4562742428977984,
  "dx_mm": 25.928806293989155,
  "dy_mm": -29.033883316076295
}