{
  "label": "lissajous",
  "ds_mm": 2.0,
  "min_det": 0.006011394034564992,
  "scale": 1.4130025354318383,
  "rot_deg": 33.519977441059154,
  "dx_mm": -12.484250396087702,
  "dy_mm": -6.702594804723663
}