{
  "label": "lissajous",
  "ds_mm": 2.0,
  "min_det": 0.00573167672637832,
  "scale": 1.3126340689468439,
  "rot_deg": 24.274605726937395,
  "dx_mm": 19.87585144946418,
  "dy_mm": -10.017732125920219
}