{
  "label": "lissajous",
  "ds_mm": 2.0,
  "min_det": 0.006040956758052731,
  "scale": 0.7418074795359686,
  "rot_deg": 21.078394216622513,
  "dx_mm": 16.71821470776301,
  "dy_mm": -6.12056811311653
}