{
  "label": "lissajous",
  "ds_mm": 2.0,
  "min_det": 0.005903031704262923,
  "scale": 1.0510843478360854,
  "rot_deg": 30.813146546347014,
  "dx_mm": 15.412784083282695,
  "dy_mm": 22.711926800039443
}