{
  "label": "lissajous",
  "ds_mm": 2.0,
  "min_det": 0.006168168243264813,
  "scale": 1.398298237770627,
  "rot_deg": -26.413448421487658,
  "dx_mm": -24.74690192524796,
  "dy_mm": -25.493767679293452
}