{
  "label": "lissajous",
  "ds_mm": 2.0,
  "min_det": 0.005838117567110814,
  "scale": 0.9294507047192333,
  "rot_deg": 34.797980826493415,
  "dx_mm": 26.568677710090206,
  "dy_mm": 22.70823056849408
}