{
  "label": "lissajous",
  "ds_mm": 2.0,
  "min_det": 0.0060818298402136204,
  "scale": 1.4082667338188544,
  "rot_deg": -15.01592542059511,
  "dx_mm": -12.778154204772022,
  "dy_mm": 2.6392038997615543
}