{
  "label": "lissajous",
  "ds_mm": 2.0,
  "min_det": 0.006884690499164537,
  "scale": 0.6947672929592098,
  "rot_deg": 35.5112800532456,
  "dx_mm": -29.714373869093656,
  "dy_mm": 11.205907319332582
}