{
  "label": "lissajous",
  "ds_mm": 2.0,
  "min_det": 0.005838404219643562,
  "scale": 1.1668887813755546,
  "rot_deg": -22.53876139673595,
  "dx_mm": 15.717720423944556,
  "dy_mm": 15.893473355969633
}