{
  "label": "lissajous",
  "ds_mm": 2.0,
  "min_det": 0.005929024820871826,
  "scale": 1.0048669506364192,
  "rot_deg": 15.110779443665436,
  "dx_mm": 17.167545044298762,
  "dy_mm": 8.244620435689797
}