{
  "label": "lissajous",
  "ds_mm": 2.0,
  "min_det": 0.005759449193439863,
  "scale": 1.2346739660155843,
  "rot_deg": -16.68596220890433,
  "dx_mm": 20.694587819214355,
  "dy_mm": -23.402779661794654
}