{
  "label": "lissajous",
  "ds_mm": 2.0,
  "min_det": 0.006590264276616875,
  "scale": 1.017229313220742,
  "rot_deg": -16.497769828764987,
  "dx_mm": -27.507577587634316,
  "dy_mm": 0.6632594369734051
}