{
  "label": "lissajous",
  "ds_mm": 2.0,
  "min_det": 0.006372016670524937,
  "scale": 1.1786952645351225,
  "rot_deg": 14.605915220746908,
  "dx_mm": -24.238793809845305,
  "dy_mm": 9.128657767600231
}