{
  "label": "lissajous",
  "ds_mm": 2.0,
  "min_det": 0.006668615038584591,
  "scale": 0.902755523030508,
  "rot_deg": 26.640534845079856,
  "dx_mm": -28.2653584447654,
  "dy_mm": 19.47428075728967
}