{
  "label": "lissajous",
  "ds_mm": 2.0,
  "min_det": 0.006394050056144982,
  "scale": 0.6944698276160346,
  "rot_deg": -31.859768590487754,
  "dx_mm": -4.361204126166477,
  "dy_mm": 0.0981314497881236
}