{
  "label": "lissajous",
  "ds_mm": 2.0,
  "min_det": 0.005634737142616482,
  "scale": 1.4634545922018842,
  "rot_deg": 36.257100508471126,
  "dx_mm": 26.14057848611693,
  "dy_mm": 7.473254227092113
}