{
  "label": "lissajous",
  "ds_mm": 2.0,
  "min_det": 0.006356840568568404,
  "scale": 1.0710284291497378,
  "rot_deg": -12.120035793465568,
  "dx_mm": -19.18330180416801,
  "dy_mm": -19.691963520910313
}