{
  "label": "lissajous",
  "ds_mm": 2.0,
  "min_det": 0.006217316703270309,
  "scale": 1.07787241227244,
  "rot_deg": -39.15261678265954,
  "dx_mm": -11.143521574527274,
  "dy_mm": 3.6493295291091172
}