{
  "label": "lissajous",
  "ds_mm": 2.0,
  "min_det": 0.005822378600203649,
  "scale": 1.1428424797979282,
  "rot_deg": 20.410900399953718,
  "dx_mm": 14.274038506221636,
  "dy_mm": -19.265653707597757
}