{
  "label": "lissajous",
  "ds_mm": 2.0,
  "min_det": 0.0064115934279323945,
  "scale": 1.140164348772623,
  "rot_deg": 33.284304976669944,
  "dx_mm": -27.446450077664792,
  "dy_mm": -2.7574106484714243
}