{
  "label": "lissajous",
  "ds_mm": 2.0,
  "min_det": 0.0058390725053053625,
  "scale": 1.2946866419885512,
  "rot_deg": -8.349372244112267,
  "dx_mm": 13.21791745930274,
  "dy_mm": -8.446886861489634
}