{
  "label": "lissajous",
  "ds_mm": 2.0,
  "min_det": 0.006566999903520829,
  "scale": 0.868599283137349,
  "rot_deg": 27.301797589954305,
  "dx_mm": -21.236552173114724,
  "dy_mm": 21.96384619863931
}