{
  "label": "lissajous",
  "ds_mm": 2.0,
  "min_det": 0.005967489020638992,
  "scale": 0.8225740516753572,
  "rot_deg": 27.670554373721245,
  "dx_mm": 20.639959603976635,
  "dy_mm": 26.1282897442397
}