{
  "label": "lissajous",
  "ds_mm": 2.0,
  "min_det": 0.005827605368232297,
  "scale": 1.0863955044111941,
  "rot_deg": 26.25077686808531,
  "dx_mm": 22.164226071521313,
  "dy_mm": 15.437794136889202
}