{
  "label": "lissajous",
  "ds_mm": 2.0,
  "min_det": 0.005810820595545176,
  "scale": 1.2230563078969747,
  "rot_deg": 6.799237403388595,
  "dx_mm": 11.222963247886128,
  "dy_mm": -20.25196689344785
}