{
  "label": "lissajous",
  "ds_mm": 2.0,
  "min_det": 0.006751553534584884,
  "scale": 0.6249510123315218,
  "rot_deg": -41.67338824028081,
  "dx_mm": -19.81037646863473,
  "dy_mm": 14.373180871663813
}