{
  "label": "lissajous",
  "ds_mm": 2.0,
  "min_det": 0.006375901152520067,
  "scale": 1.0410697974299075,
  "rot_deg": 28.853300993312317,
  "dx_mm": -21.24714262617698,
  "dy_mm": -5.084427795414086
}