{
  "label": "lissajous",
  "ds_mm": 2.0,
  "min_det": 0.0065097171496158596,
  "scale": 0.9991690265008769,
  "rot_deg": -4.386930662623456,
  "dx_mm": -19.11838907462377,
  "dy_mm": 8.72772417335618
}