{
  "label": "lissajous",
  "ds_mm": 2.0,
  "min_det": 0.0065110054869810235,
  "scale": 0.7137646230471021,
  "rot_deg": -41.50143960248191,
  "dx_mm": -16.976039306843894,
  "dy_mm": -21.197255292900437
}