{
  "label": "lissajous",
  "ds_mm": 2.0,
  "min_det": 0.00573604024748608,
  "scale": 1.2915771377078595,
  "rot_deg": 34.591064215865174,
  "dx_mm": 20.299061503678438,
  "dy_mm": -16.014932839701526
}