{
  "label": "lissajous",
  "ds_mm": 2.0,
  "min_det": 0.005922788556743217,
  "scale": 1.2874276436323742,
  "rot_deg": 29.83573975482888,
  "dx_mm": 3.0556063490984187,
  "dy_mm": 13.561608903718465
}