{
  "label": "lissajous",
  "ds_mm": 2.0,
  "min_det": 0.00601040073335207,
  "scale": 1.1344510383683177,
  "rot_deg": -36.913435115482244,
  "dx_mm": 1.5817950733639066,
  "dy_mm": -1.5116048837636846
}