{
  "label": "lissajous",
  "ds_mm": 2.0,
  "min_det": 0.00619433007444568,
  "scale": 1.0494545034409921,
  "rot_deg": 3.6106802610322433,
  "dx_mm": -7.993373472846741,
  "dy_mm": -6.392558627986325
}