{
  "label": "lissajous",
  "ds_mm": 2.0,
  "min_det": 0.0067745430259958175,
  "scale": 0.6412910601840361,
  "rot_deg": -44.64212813938925,
  "dx_mm": -21.961750451244985,
  "dy_mm": 10.256698680235274
}