{
  "label": "lissajous",
  "ds_mm": 2.0,
  "min_det": 0.006552559592445779,
  "scale": 0.6622236413868099,
  "rot_deg": -43.68449886783405,
  "dx_mm": -13.782434468827176,
  "dy_mm": -6.6330274297006255
}