{
  "label": "lissajous",
  "ds_mm": 2.0,
  "min_det": 0.0059264359201576895,
  "scale": 1.1262361205608382,
  "rot_deg": 8.266642058557274,
  "dx_mm": 0.5692378895171473,
  "dy_mm": -29.227209739263095
}