{
  "label": "lissajous",
  "ds_mm": 2.0,
  "min_det": 0.00635607738229098,
  "scale": 1.1045071194839715,
  "rot_deg": -31.330095551763087,
  "dx_mm": -20.517137708767848,
  "dy_mm": 13.516851148543012
}