{
  "label": "lissajous",
  "ds_mm": 2.0,
  "min_det": 0.0063230724843163656,
  "scale": 1.0234895187338768,
  "rot_deg": -11.165925632521613,
  "dx_mm": -11.193876219588113,
  "dy_mm": 10.296871222799844
}