{
  "label": "lissajous",
  "ds_mm": 2.0,
  "min_det": 0.0065034322235952005,
  "scale": 0.7184632065970508,
  "rot_deg": 16.146700219783725,
  "dx_mm": -9.323256282950847,
  "dy_mm": 24.58205944058306
}