{
  "label": "lissajous",
  "ds_mm": 2.0,
  "min_det": 0.0059155568144231814,
  "scale": 0.8635816737666306,
  "rot_deg": -0.9951399289141776,
  "dx_mm": 25.22512462131425,
  "dy_mm": 19.8313247373219
}