{
  "label": "lissajous",
  "ds_mm": 2.0,
  "min_det": 0.0063621906033043745,
  "scale": 0.944235405381898,
  "rot_deg": -9.437905064472908,
  "dx_mm": -12.31082359699689,
  "dy_mm": -12.685600187262498
}