{
  "label": "lissajous",
  "ds_mm": 2.0,
  "min_det": 0.006381883191134039,
  "scale": 1.1826544610554262,
  "rot_deg": -19.21368177356518,
  "dx_mm": -25.117085419702324,
  "dy_mm": -15.858143928037766
}