{
  "label": "lissajous",
  "ds_mm": 2.0,
  "min_det": 0.00670544029970126,
  "scale": 0.63716343937267,
  "rot_deg": -38.126947663121115,
  "dx_mm": -18.309865852880783,
  "dy_mm": 11.30534648525527
}