{
  "label": "lissajous",
  "ds_mm": 2.0,
  "min_det": 0.005722886110240517,
  "scale": 1.2850822780786695,
  "rot_deg": 40.948857392713194,
  "dx_mm": 19.056103065616114,
  "dy_mm": 26.027999371848537
}