{
  "label": "lissajous",
  "ds_mm": 2.0,
  "min_det": 0.006044544428099013,
  "scale": 1.0914555706775633,
  "rot_deg": 32.430425912839496,
  "dx_mm": 0.6413817235033967,
  "dy_mm": -1.9138607776059224
}