{
  "label": "lissajous",
  "ds_mm": 2.0,
  "min_det": 0.005868896122154134,
  "scale": 1.0856204919541097,
  "rot_deg": 23.203844923364656,
  "dx_mm": 12.008768230596779,
  "dy_mm": -20.333057558725525
}