{
  "label": "lissajous",
  "ds_mm": 2.0,
  "min_det": 0.005972236887643687,
  "scale": 0.7090857679510292,
  "rot_deg": 37.20553060916569,
  "dx_mm": 24.530905074877033,
  "dy_mm": -8.236566261512447
}