{
  "label": "lissajous",
  "ds_mm": 2.0,
  "min_det": 0.005857188998649458,
  "scale": 1.0563987501200682,
  "rot_deg": 10.657445980692884,
  "dx_mm": 18.93975360405082,
  "dy_mm": 29.89448612264406
}