{
  "label": "lissajous",
  "ds_mm": 2.0,
  "min_det": 0.005676867399256084,
  "scale": 1.3289002307786073,
  "rot_deg": -18.19514799343452,
  "dx_mm": 28.756493884898887,
  "dy_mm": -2.963879411728673
}