{
  "label": "lissajous",
  "ds_mm": 2.0,
  "min_det": 0.006238033976029961,
  "scale": 1.337414666971736,
  "rot_deg": 5.463989834835182,
  "dx_mm": -25.46415839773583,
  "dy_mm": -6.727441873965482
}