{
  "label": "lissajous",
  "ds_mm": 2.0,
  "min_det": 0.006275999020074148,
  "scale": 0.9603686682887873,
  "rot_deg": 26.087884378023105,
  "dx_mm": -13.176119600234085,
  "dy_mm": -14.629481288000814
}