{
  "label": "lissajous",
  "ds_mm": 2.0,
  "min_det": 0.006449427449513782,
  "scale": 0.9771883266475158,
  "rot_deg": 32.972616259808746,
  "dx_mm": -20.279915192815835,
  "dy_mm": 14.447257701592285
}