{
  "label": "lissajous",
  "ds_mm": 2.0,
  "min_det": 0.00619181532436513,
  "scale": 0.973964187913484,
  "rot_deg": -31.94023196417493,
  "dx_mm": -6.554620250213972,
  "dy_mm": -15.532964441925849
}