{
  "label": "lissajous",
  "ds_mm": 2.0,
  "min_det": 0.0057989284520669065,
  "scale": 1.0586090747388641,
  "rot_deg": 38.988534982330535,
  "dx_mm": 24.985530862418678,
  "dy_mm": -13.04013482779591
}