{
  "label": "lissajous",
  "ds_mm": 2.0,
  "min_det": 0.006097869843770885,
  "scale": 1.1600501951948297,
  "rot_deg": -19.06337841343588,
  "dx_mm": -5.540927714460608,
  "dy_mm": -23.21457081471936
}