{
  "label": "lissajous",
  "ds_mm": 2.0,
  "min_det": 0.006066166028181001,
  "scale": 1.2591760124922726,
  "rot_deg": 39.90512229661738,
  "dx_mm": -8.527696982010685,
  "dy_mm": -6.283036698070902
}