{
  "label": "lissajous",
  "ds_mm": 2.0,
  "min_det": 0.006147075585346423,
  "scale": 0.7796764283897711,
  "rot_deg": 10.406571305522213,
  "dx_mm": 0.9727460464611362,
  "dy_mm": -26.816005405591067
}