{
  "label": "lissajous",
  "ds_mm": 2.0,
  "min_det": 0.006797230590531724,
  "scale": 0.7262975908922431,
  "rot_deg": -39.76964802143603,
  "dx_mm": -26.79465745506233,
  "dy_mm": 15.97440483462043
}