{
  "label": "lissajous",
  "ds_mm": 2.0,
  "min_det": 0.006198112416497116,
  "scale": 0.9785427913019975,
  "rot_deg": 6.901765960306626,
  "dx_mm": -6.282693659526132,
  "dy_mm": -9.012247766244116
}