{
  "label": "lissajous",
  "ds_mm": 2.0,
  "min_det": 0.005919973960132561,
  "scale": 1.083337692572825,
  "rot_deg": -33.03413850441741,
  "dx_mm": 11.953472124743541,
  "dy_mm": -6.2733949960917705
}