{
  "label": "lissajous",
  "ds_mm": 2.0,
  "min_det": 0.006621074723863669,
  "scale": 0.610173581602157,
  "rot_deg": 26.755772096071894,
  "dx_mm": -12.045927077278296,
  "dy_mm": 19.062863986681343
}