{
  "label": "lissajous",
  "ds_mm": 2.0,
  "min_det": 0.006477338524601804,
  "scale": 0.8883189469711765,
  "rot_deg": 38.477559822372726,
  "dx_mm": -17.527287319967485,
  "dy_mm": 19.225860225619634
}