{
  "label": "lissajous",
  "ds_mm": 2.0,
  "min_det": 0.005793104807776884,
  "scale": 1.047382769277981,
  "rot_deg": -34.73469984429261,
  "dx_mm": 25.23306742744267,
  "dy_mm": -15.193457609845382
}