{
  "label": "lissajous",
  "ds_mm": 2.0,
  "min_det": 0.006321810798830892,
  "scale": 0.8478705602079678,
  "rot_deg": -43.39708357665835,
  "dx_mm": -11.700243172334158,
  "dy_mm": -18.69637992564737
}