{
  "label": "lissajous",
  "ds_mm": 2.0,
  "min_det": 0.005809105047320259,
  "scale": 0.9435831451123355,
  "rot_deg": -38.78485194798003,
  "dx_mm": 29.155327131942485,
  "dy_mm": -8.335066397031667
}