{
  "label": "lissajous",
  "ds_mm": 2.0,
  "min_det": 0.006352678702294013,
  "scale": 1.0757589336047226,
  "rot_deg": 7.896073837800536,
  "dx_mm": -15.583852391339502,
  "dy_mm": 16.28684749480641
}