{
  "label": "lissajous",
  "ds_mm": 2.0,
  "min_det": 0.00627687862418073,
  "scale": 0.7257097826243208,
  "rot_deg": -29.447845581856754,
  "dx_mm": 2.5166530480176377,
  "dy_mm": 16.28664953775243
}