{
  "label": "lissajous",
  "ds_mm": 2.0,
  "min_det": 0.005939573620893912,
  "scale": 1.3348308661341481,
  "rot_deg": -36.61311249534738,
  "dx_mm": -0.9227870902486686,
  "dy_mm": 8.884291573242855
}