{
  "label": "lissajous",
  "ds_mm": 2.0,
  "min_det": 0.006026929880922645,
  "scale": 1.3885672044846473,
  "rot_deg": 14.331775973427575,
  "dx_mm": -6.963109308267409,
  "dy_mm": 27.369138131025707
}