{
  "label": "lissajous",
  "ds_mm": 2.0,
  "min_det": 0.005722389633512182,
  "scale": 1.446894222363655,
  "rot_deg": -8.895327225030414,
  "dx_mm": 19.501215080931118,
  "dy_mm": -2.4336824308276874
}