{
  "label": "lissajous",
  "ds_mm": 2.0,
  "min_det": 0.005751982765964909,
  "scale": 1.049247798273466,
  "rot_deg": 34.24397771075502,
  "dx_mm": 28.91056036101402,
  "dy_mm": 25.71428473906935
}