{
  "label": "lissajous",
  "ds_mm": 2.0,
  "min_det": 0.005851738634466779,
  "scale": 1.0351986144722252,
  "rot_deg": 23.072425677898337,
  "dx_mm": 20.62912292582066,
  "dy_mm": -3.7412828255916146
}