{
  "label": "lissajous",
  "ds_mm": 2.0,
  "min_det": 0.00574743193275237,
  "scale": 1.1257188981338686,
  "rot_deg": -17.807495597395164,
  "dx_mm": 24.055138465161754,
  "dy_mm": 23.06867086948929
}