{
  "label": "lissajous",
  "ds_mm": 2.0,
  "min_det": 0.006468849368828808,
  "scale": 0.9801398314784904,
  "rot_deg": 28.00589317747105,
  "dx_mm": -21.229918644889178,
  "dy_mm": 18.517134691175222
}