{
  "label": "lissajous",
  "ds_mm": 2.0,
  "min_det": 0.005754570744563495,
  "scale": 1.1864324683629133,
  "rot_deg": 31.61155549332625,
  "dx_mm": 24.04437976361789,
  "dy_mm": -6.969583284782139
}