{
  "label": "lissajous",
  "ds_mm": 2.0,
  "min_det": 0.005849602383249211,
  "scale": 0.8988185275957629,
  "rot_deg": -39.84681614320021,
  "dx_mm": 28.234804101652486,
  "dy_mm": 13.017435172179312
}