{
  "label": "lissajous",
  "ds_mm": 2.0,
  "min_det": 0.006096960083384649,
  "scale": 1.2447067900331708,
  "rot_deg": -24.327114470050077,
  "dx_mm": -9.944833574614432,
  "dy_mm": -15.598748158823042
}