{
  "label": "lissajous",
  "ds_mm": 2.0,
  "min_det": 0.0062393778165493515,
  "scale": 1.100074838698854,
  "rot_deg": -36.62381195914617,
  "dx_mm": -15.069701000308592,
  "dy_mm": -7.106993849828704
}