{
  "label": "lissajous",
  "ds_mm": 2.0,
  "min_det": 0.0061713556145540725,
  "scale": 0.6043237105186046,
  "rot_deg": -3.3909064590260343,
  "dx_mm": 12.62027460743817,
  "dy_mm": -17.786039743531013
}