{
  "label": "lissajous",
  "ds_mm": 2.0,
  "min_det": 0.006045766135737621,
  "scale": 0.6956850357947624,
  "rot_deg": 41.124746191456794,
  "dx_mm": 19.93769537084659,
  "dy_mm": 20.856527088322366
}