{
  "label": "lissajous",
  "ds_mm": 2.0,
  "min_det": 0.006278580389643909,
  "scale": 1.0279587943331194,
  "rot_deg": -17.17811282638719,
  "dx_mm": -9.916158127014988,
  "dy_mm": 8.319480663164057
}