{
  "label": "lissajous",
  "ds_mm": 2.0,
  "min_det": 0.006709955105665531,
  "scale": 0.6785592581264845,
  "rot_deg": 22.48686584882026,
  "dx_mm": -27.101522307455866,
  "dy_mm": -25.315791589332427
}