{
  "label": "lissajous",
  "ds_mm": 2.0,
  "min_det": 0.006491896136201071,
  "scale": 0.7717799115231293,
  "rot_deg": 25.06135626393977,
  "dx_mm": -18.48662692785659,
  "dy_mm": -19.1949060321875
}