{
  "label": "lissajous",
  "ds_mm": 2.0,
  "min_det": 0.005719934974371059,
  "scale": 1.2452415153411711,
  "rot_deg": -40.376443215899926,
  "dx_mm": 23.588337169115455,
  "dy_mm": -17.213743369120024
}