{
  "label": "lissajous",
  "ds_mm": 2.0,
  "min_det": 0.0067439926389578,
  "scale": 0.6016445849665754,
  "rot_deg": -29.43693650927965,
  "dx_mm": -23.875490475898598,
  "dy_mm": -26.712618517101884
}