{
  "label": "lissajous",
  "ds_mm": 2.0,
  "min_det": 0.006206442687029149,
  "scale": 1.0146419630914427,
  "rot_deg": -16.575279589897157,
  "dx_mm": -4.21493767884979,
  "dy_mm": 3.9916034542905408
}