{
  "label": "lissajous",
  "ds_mm": 2.0,
  "min_det": 0.005762285526227018,
  "scale": 1.4220830132278715,
  "rot_deg": -36.705046530500915,
  "dx_mm": 11.089133602434593,
  "dy_mm": -13.614774975246409
}