{
  "label": "lissajous",
  "ds_mm": 2.0,
  "min_det": 0.005808235932691839,
  "scale": 0.9837568209500813,
  "rot_deg": 37.40003175265218,
  "dx_mm": 23.206223056613766,
  "dy_mm": -29.401008028911942
}