{
  "label": "lissajous",
  "ds_mm": 2.0,
  "min_det": 0.006585967223584654,
  "scale": 0.622694063839798,
  "rot_deg": 13.845068539593207,
  "dx_mm": -10.24323824941035,
  "dy_mm": 11.53647959661371
}