{
  "label": "lissajous",
  "ds_mm": 2.0,
  "min_det": 0.00637758075072103,
  "scale": 1.3649692056571094,
  "rot_deg": -0.7223176878080011,
  "dx_mm": -28.449479102769935,
  "dy_mm": 19.37338740785723
}