{
  "label": "lissajous",
  "ds_mm": 2.0,
  "min_det": 0.006004634647545714,
  "scale": 0.7492668706413932,
  "rot_deg": -19.30887087846818,
  "dx_mm": 22.05691046283922,
  "dy_mm": -7.647363445085297
}