{
  "label": "lissajous",
  "ds_mm": 2.0,
  "min_det": 0.006189121254536944,
  "scale": 0.7913383723148225,
  "rot_deg": -33.06615346190427,
  "dx_mm": 2.618052517885367,
  "dy_mm": -12.367310203220846
}