{
  "label": "lissajous",
  "ds_mm": 2.0,
  "min_det": 0.006378183714572279,
  "scale": 0.7428914271689901,
  "rot_deg": -17.800683836519354,
  "dx_mm": -3.639483741333841,
  "dy_mm": -1.3224715901707
}