{
  "label": "lissajous",
  "ds_mm": 2.0,
  "min_det": 0.005862176951084374,
  "scale": 1.075395724387553,
  "rot_deg": 1.1542809992115437,
  "dx_mm": 23.05503619302649,
  "dy_mm": 10.531270159635248
}