{
  "label": "lissajous",
  "ds_mm": 2.0,
  "min_det": 0.006760891522121334,
  "scale": 0.7650628052041,
  "rot_deg": -20.088198278089564,
  "dx_mm": -26.55409546682009,
  "dy_mm": -6.099108460600156
}