{
  "label": "lissajous",
  "ds_mm": 2.0,
  "min_det": 0.006056644201405007,
  "scale": 0.9149840402421925,
  "rot_deg": 11.22435836995826,
  "dx_mm": 11.598998060953939,
  "dy_mm": 13.005188152964344
}