{
  "label": "lissajous",
  "ds_mm": 2.0,
  "min_det": 0.005720156283605301,
  "scale": 1.177327866431261,
  "rot_deg": 30.673949142642954,
  "dx_mm": 29.07337109034561,
  "dy_mm": 13.855510167675583
}