{
  "label": "lissajous",
  "ds_mm": 2.0,
  "min_det": 0.0059414466839913735,
  "scale": 0.6922322070693534,
  "rot_deg": -2.7108877470205996,
  "dx_mm": 23.88850553869832,
  "dy_mm": -25.705087946842117
}