{
  "label": "lissajous",
  "ds_mm": 2.0,
  "min_det": 0.006118060460161842,
  "scale": 1.3658983271214482,
  "rot_deg": -0.0899909089685238,
  "dx_mm": -16.053524796340582,
  "dy_mm": -4.534621500685283
}