{
  "label": "lissajous",
  "ds_mm": 2.0,
  "min_det": 0.005827036924661361,
  "scale": 1.0259099599612806,
  "rot_deg": 36.566037257758026,
  "dx_mm": 24.43430981250424,
  "dy_mm": 7.17646104862839
}