{
  "label": "lissajous",
  "ds_mm": 2.0,
  "min_det": 0.006883915314241982,
  "scale": 0.6319772220441577,
  "rot_deg": -32.29696189520479,
  "dx_mm": -26.4571147212689,
  "dy_mm": 13.955409566147253
}