{
  "label": "lissajous",
  "ds_mm": 2.0,
  "min_det": 0.006181387393837336,
  "scale": 0.7076449841598116,
  "rot_deg": 14.542662439919603,
  "dx_mm": 10.101901880638081,
  "dy_mm": 5.707515975737913
}