{
  "label": "lissajous",
  "ds_mm": 2.0,
  "min_det": 0.005718363963629472,
  "scale": 1.2768431333016763,
  "rot_deg": 27.057861767622953,
  "dx_mm": 20.721477311752963,
  "dy_mm": -20.858875277998173
}