{
  "label": "lissajous",
  "ds_mm": 2.0,
  "min_det": 0.006356293071627025,
  "scale": 0.9627707505976273,
  "rot_deg": 15.324980272742522,
  "dx_mm": -22.72989093851885,
  "dy_mm": -28.217284383592187
}