{
  "label": "lissajous",
  "ds_mm": 2.0,
  "min_det": 0.005688584172278123,
  "scale": 1.3699545329663052,
  "rot_deg": -28.98165054965084,
  "dx_mm": 24.23987132057269,
  "dy_mm": -0.2708135326593748
}