{
  "label": "lissajous",
  "ds_mm": 2.0,
  "min_det": 0.006237272327386907,
  "scale": 0.6507479990767441,
  "rot_deg": 31.362907649867296,
  "dx_mm": 5.8360188166510625,
  "dy_mm": -9.54194060693592
}