{
  "label": "lissajous",
  "ds_mm": 2.0,
  "min_det": 0.0061832867420512,
  "scale": 1.2117965595527949,
  "rot_deg": -33.87310941656968,
  "dx_mm": -15.922903134518588,
  "dy_mm": -7.118669655356541
}