{
  "label": "lissajous",
  "ds_mm": 2.0,
  "min_det": 0.006186731536704453,
  "scale": 0.7060092308861197,
  "rot_deg": -39.14890007518254,
  "dx_mm": 6.452609669846289,
  "dy_mm": -11.246749450818779
}