{
  "label": "lissajous",
  "ds_mm": 2.0,
  "min_det": 0.006108480001738684,
  "scale": 0.6518893731670181,
  "rot_deg": -31.86612719031225,
  "dx_mm": 17.35119036703039,
  "dy_mm": 3.6755773377142233
}