{
  "label": "lissajous",
  "ds_mm": 2.0,
  "min_det": 0.0059243732069602225,
  "scale": 0.8063077199064694,
  "rot_deg": -1.4127264227452514,
  "dx_mm": 27.411570200870166,
  "dy_mm": 18.965434715634146
}