{
  "label": "lissajous",
  "ds_mm": 2.0,
  "min_det": 0.005816423922219516,
  "scale": 1.003266926825343,
  "rot_deg": -44.87262722753601,
  "dx_mm": 24.519571618447117,
  "dy_mm": -10.922104020203555
}