{
  "label": "lissajous",
  "ds_mm": 2.0,
  "min_det": 0.006194032570877411,
  "scale": 1.0727752547816622,
  "rot_deg": -3.2226306711840635,
  "dx_mm": -5.548394710993811,
  "dy_mm": -0.7967497988791834
}