{
  "label": "lissajous",
  "ds_mm": 2.0,
  "min_det": 0.005990760095889711,
  "scale": 1.100313085658922,
  "rot_deg": -22.723382659932373,
  "dx_mm": 6.444435364351158,
  "dy_mm": -10.483324704478676
}