{
  "label": "lissajous",
  "ds_mm": 2.0,
  "min_det": 0.00622655374107748,
  "scale": 0.7597717701445639,
  "rot_deg": 38.16919002796051,
  "dx_mm": 3.6857387339443477,
  "dy_mm": 24.408981693439685
}