{
  "label": "lissajous",
  "ds_mm": 2.0,
  "min_det": 0.0067556148780377875,
  "scale": 0.7377285231952603,
  "rot_deg": -43.83366458285439,
  "dx_mm": -25.4608773028168,
  "dy_mm": 12.147545995788093
}