{
  "label": "lissajous",
  "ds_mm": 2.0,
  "min_det": 0.006174744866489878,
  "scale": 0.655315825082473,
  "rot_deg": -22.675067543039848,
  "dx_mm": 11.669207213509587,
  "dy_mm": -12.538768719652012
}