{
  "label": "lissajous",
  "ds_mm": 2.0,
  "min_det": 0.005831865675612091,
  "scale": 1.112292589046075,
  "rot_deg": -21.49294642220298,
  "dx_mm": 19.686683524623376,
  "dy_mm": 11.885015093922497
}