{
  "label": "lissajous",
  "ds_mm": 2.0,
  "min_det": 0.006033997223709817,
  "scale": 1.0978279115861955,
  "rot_deg": 43.54108904745999,
  "dx_mm": 0.5324403149458874,
  "dy_mm": 27.96760917628579
}