{
  "label": "lissajous",
  "ds_mm": 2.0,
  "min_det": 0.006795236238781843,
  "scale": 0.791218628235244,
  "rot_deg": -7.959577948313942,
  "dx_mm": -26.48986667171662,
  "dy_mm": 21.407611001911462
}