{
  "label": "lissajous",
  "ds_mm": 2.0,
  "min_det": 0.005622906388027001,
  "scale": 1.4433293485210574,
  "rot_deg": 10.724796645209949,
  "dx_mm": 24.13221264618778,
  "dy_mm": 17.635337677664168
}