{
  "label": "lissajous",
  "ds_mm": 2.0,
  "min_det": 0.005922517821149834,
  "scale": 1.3230803575409533,
  "rot_deg": 3.3877941814982933,
  "dx_mm": -2.1174517697926554,
  "dy_mm": -13.826895632527819
}