{
  "label": "lissajous",
  "ds_mm": 2.0,
  "min_det": 0.0066319992366743515,
  "scale": 0.6752223928712561,
  "rot_deg": 12.522561058532126,
  "dx_mm": -17.274193005640804,
  "dy_mm": -2.631271605724688
}