{
  "label": "lissajous",
  "ds_mm": 2.0,
  "min_det": 0.005804156419239832,
  "scale": 1.0425407779881024,
  "rot_deg": -37.22382209767941,
  "dx_mm": 24.03562916065559,
  "dy_mm": -14.080481628177875
}