{
  "label": "lissajous",
  "ds_mm": 2.0,
  "min_det": 0.00605297183024064,
  "scale": 1.492766537608457,
  "rot_deg": 35.249350681506286,
  "dx_mm": -18.305645192077993,
  "dy_mm": 21.905231832966393
}