{
  "label": "lissajous",
  "ds_mm": 2.0,
  "min_det": 0.006480358769547334,
  "scale": 1.079049471304685,
  "rot_deg": -14.552058473268456,
  "dx_mm": -25.195662875008026,
  "dy_mm": 22.611337411729117
}