{
  "label": "lissajous",
  "ds_mm": 2.0,
  "min_det": 0.006585350377518451,
  "scale": 0.7653570429092923,
  "rot_deg": -15.804735406578772,
  "dx_mm": -20.558858902813107,
  "dy_mm": -29.907752737787565
}