{
  "label": "lissajous",
  "ds_mm": 2.0,
  "min_det": 0.006273064232223973,
  "scale": 1.213582737677973,
  "rot_deg": 34.749773482451445,
  "dx_mm": -24.20179427941901,
  "dy_mm": -15.120107497033148
}