{
  "label": "lissajous",
  "ds_mm": 2.0,
  "min_det": 0.006144709895813782,
  "scale": 1.317240827223249,
  "rot_deg": 44.13993212934972,
  "dx_mm": -18.09342515104977,
  "dy_mm": -18.365109680535724
}