{
  "label": "lissajous",
  "ds_mm": 2.0,
  "min_det": 0.005852639754352581,
  "scale": 1.4103234102369235,
  "rot_deg": -5.278059619693089,
  "dx_mm": -0.6294489040577567,
  "dy_mm": 26.53473674076706
}