{
  "label": "lissajous",
  "ds_mm": 2.0,
  "min_det": 0.006058493443020561,
  "scale": 1.248024883909896,
  "rot_deg": 41.102470856251585,
  "dx_mm": -8.133526866142489,
  "dy_mm": -13.070563096649536
}