{
  "label": "lissajous",
  "ds_mm": 2.0,
  "min_det": 0.00667463914334859,
  "scale": 0.6060363813224748,
  "rot_deg": 30.177876354459315,
  "dx_mm": -16.19134740878269,
  "dy_mm": 2.079982585967855
}