{
  "label": "lissajous",
  "ds_mm": 2.0,
  "min_det": 0.006609809805875579,
  "scale": 0.7465159165948003,
  "rot_deg": -39.89987853170528,
  "dx_mm": -18.08907869557553,
  "dy_mm": 19.803862260848717
}