{
  "label": "lissajous",
  "ds_mm": 2.0,
  "min_det": 0.006334406586924742,
  "scale": 1.087491247017559,
  "rot_deg": 31.335571745571244,
  "dx_mm": -18.40807895619923,
  "dy_mm": 15.19500332663985
}