{
  "label": "lissajous",
  "ds_mm": 2.0,
  "min_det": 0.005862335178450371,
  "scale": 0.906668715587787,
  "rot_deg": -21.3941780936183,
  "dx_mm": 23.68442440643919,
  "dy_mm": 26.23131520202265
}