{
  "label": "lissajous",
  "ds_mm": 2.0,
  "min_det": 0.0062757627785681655,
  "scale": 1.3429828101806869,
  "rot_deg": 34.15884571321405,
  "dx_mm": -27.124848141845586,
  "dy_mm": 26.873591886665274
}