{
  "label": "lissajous",
  "ds_mm": 2.0,
  "min_det": 0.006846287825198807,
  "scale": 0.6683493650306915,
  "rot_deg": -2.317610131151433,
  "dx_mm": -23.745950056413076,
  "dy_mm": 4.343077959922134
}