{
  "label": "lissajous",
  "ds_mm": 2.0,
  "min_det": 0.006318372469634772,
  "scale": 0.6253973926774674,
  "rot_deg": -18.017970398356706,
  "dx_mm": 5.460071134325688,
  "dy_mm": 16.434881646062514
}