{
  "label": "lissajous",
  "ds_mm": 2.0,
  "min_det": 0.006307541301828561,
  "scale": 1.3085390506714698,
  "rot_deg": -6.510352885472315,
  "dx_mm": -28.880212088445823,
  "dy_mm": -18.399023624423585
}