{
  "label": "lissajous",
  "ds_mm": 2.0,
  "min_det": 0.005762788537577832,
  "scale": 1.2139607824841177,
  "rot_deg": 0.40807840162551656,
  "dx_mm": 19.127515263740122,
  "dy_mm": -17.819432452107666
}