{
  "label": "lissajous",
  "ds_mm": 2.0,
  "min_det": 0.005646867835890605,
  "scale": 1.4143950287322977,
  "rot_deg": 39.8230813799171,
  "dx_mm": 26.552398597325173,
  "dy_mm": 6.531056767383625
}