{
  "label": "lissajous",
  "ds_mm": 2.0,
  "min_det": 0.0062825447088528386,
  "scale": 0.7764687547388012,
  "rot_deg": -23.427978066514548,
  "dx_mm": -2.533204685472704,
  "dy_mm": -19.106795376876875
}