{
  "label": "lissajous",
  "ds_mm": 2.0,
  "min_det": 0.006165637689133206,
  "scale": 1.008467475137674,
  "rot_deg": -21.92876343238274,
  "dx_mm": -2.8331162672906487,
  "dy_mm": -8.504314896465033
}