{
  "label": "lissajous",
  "ds_mm": 2.0,
  "min_det": 0.0057709734233894056,
  "scale": 1.4723401305913448,
  "rot_deg": 20.1811576795361,
  "dx_mm": 3.426338343570521,
  "dy_mm": -19.9218309318293
}