{
  "label": "lissajous",
  "ds_mm": 2.0,
  "min_det": 0.005661800442938391,
  "scale": 1.4133700824771385,
  "rot_deg": -14.859426189397375,
  "dx_mm": 25.209116556346068,
  "dy_mm": 3.185840075448141
}