{
  "label": "lissajous",
  "ds_mm": 2.0,
  "min_det": 0.006120863502784619,
  "scale": 1.235071956159258,
  "rot_deg": -19.436819114056995,
  "dx_mm": -8.90177775332986,
  "dy_mm": -5.672738890336152
}