{
  "label": "lissajous",
  "ds_mm": 2.0,
  "min_det": 0.0056905990030127335,
  "scale": 1.1956612184538096,
  "rot_deg": 27.503154855328006,
  "dx_mm": 29.494559623264543,
  "dy_mm": -17.518363755212313
}