{
  "label": "lissajous",
  "ds_mm": 2.0,
  "min_det": 0.005730929006464429,
  "scale": 1.3926337350101388,
  "rot_deg": 24.689422052924385,
  "dx_mm": 14.158415729961895,
  "dy_mm": -16.816500923366355
}