{
  "label": "lissajous",
  "ds_mm": 2.0,
  "min_det": 0.006159298521858383,
  "scale": 1.2332960493444842,
  "rot_deg": 32.53531968201874,
  "dx_mm": -13.565630422039217,
  "dy_mm": 14.073148412348381
}