{
  "label": "lissajous",
  "ds_mm": 2.0,
  "min_det": 0.0059344031879489485,
  "scale": 1.2605650732396785,
  "rot_deg": -18.498006505033064,
  "dx_mm": 5.379763059270722,
  "dy_mm": -2.7698366349855803
}