{
  "label": "lissajous",
  "ds_mm": 2.0,
  "min_det": 0.005853903962728865,
  "scale": 1.0629014576932059,
  "rot_deg": -37.57838054078005,
  "dx_mm": 20.033592855513284,
  "dy_mm": 8.66228716219198
}