{
  "label": "lissajous",
  "ds_mm": 2.0,
  "min_det": 0.0060828010448454786,
  "scale": 0.9169107431954593,
  "rot_deg": 16.91459816919292,
  "dx_mm": 9.050547199587243,
  "dy_mm": 21.972444926152313
}