{
  "label": "lissajous",
  "ds_mm": 2.0,
  "min_det": 0.006337074331430011,
  "scale": 0.7233015644660695,
  "rot_deg": 27.36973045661253,
  "dx_mm": -3.3089875801304025,
  "dy_mm": -3.297643342913492
}