{
  "label": "lissajous",
  "ds_mm": 2.0,
  "min_det": 0.006346650553194962,
  "scale": 1.1273014429729757,
  "rot_deg": -4.89971069101653,
  "dx_mm": -19.308909630900395,
  "dy_mm": 28.29030692910071
}