{
  "label": "lissajous",
  "ds_mm": 2.0,
  "min_det": 0.006573131319100447,
  "scale": 0.7458243146921085,
  "rot_deg": -11.384671114192194,
  "dx_mm": -13.722759999875766,
  "dy_mm": -4.863373560258818
}