{
  "label": "lissajous",
  "ds_mm": 2.0,
  "min_det": 0.006082896706175647,
  "scale": 0.7680417119198915,
  "rot_deg": 22.936413992684848,
  "dx_mm": 8.184863280853989,
  "dy_mm": -21.30709279444595
}