{
  "label": "lissajous",
  "ds_mm": 2.0,
  "min_det": 0.005908413800529007,
  "scale": 1.4336072799268615,
  "rot_deg": -41.836489423761435,
  "dx_mm": -2.6265223127938917,
  "dy_mm": 23.164904483890616
}