{
  "label": "lissajous",
  "ds_mm": 2.0,
  "min_det": 0.005659546454292007,
  "scale": 1.2653918847375114,
  "rot_deg": 8.129494580082337,
  "dx_mm": 23.84431612529712,
  "dy_mm": 27.490164193527924
}