{
  "label": "lissajous",
  "ds_mm": 2.0,
  "min_det": 0.005825131402560586,
  "scale": 1.0284338536172868,
  "rot_deg": -0.3462496582057142,
  "dx_mm": 24.48650347545057,
  "dy_mm": 20.529092966590596
}