{
  "label": "lissajous",
  "ds_mm": 2.0,
  "min_det": 0.0057713989411875095,
  "scale": 1.0746936658751718,
  "rot_deg": 40.219389760006976,
  "dx_mm": 25.707967798237974,
  "dy_mm": -23.455746042508604
}