{
  "label": "lissajous",
  "ds_mm": 2.0,
  "min_det": 0.005816355683788246,
  "scale": 1.2021008057605769,
  "rot_deg": -28.95491739204249,
  "dx_mm": 17.664489547428886,
  "dy_mm": -1.3265280401658934
}