{
  "label": "lissajous",
  "ds_mm": 2.0,
  "min_det": 0.006206061541860151,
  "scale": 0.7656559471069976,
  "rot_deg": -9.776582191149693,
  "dx_mm": 0.437530489496055,
  "dy_mm": -28.12230116595153
}