{
  "label": "lissajous",
  "ds_mm": 2.0,
  "min_det": 0.005959971336835288,
  "scale": 1.1642439024253806,
  "rot_deg": -42.92115490372014,
  "dx_mm": -1.6102227337589916,
  "dy_mm": -25.19403245479323
}