{
  "label": "lissajous",
  "ds_mm": 2.0,
  "min_det": 0.005977613566069037,
  "scale": 0.9970332797362028,
  "rot_deg": 44.091908050093025,
  "dx_mm": 9.556660138982402,
  "dy_mm": -21.058951703104377
}