{
  "label": "plane",
  "ds_mm": 2.0,
  "scale": 0.771892375264904,
  "rot_deg": 14.744452410891121,
  "dx_mm": -8.893656883972568,
  "dy_mm": 22.010846999440716
}