{
  "label": "plane",
  "ds_mm": 2.0,
  "scale": 0.6977855081601197,
  "rot_deg": 20.902851893671055,
  "dx_mm": -17.21629980737781,
  "dy_mm": 2.742181817529648
}