{
  "label": "plane",
  "ds_mm": 2.0,
  "scale": 1.2684909432834992,
  "rot_deg": -34.30087852759932,
  "dx_mm": -16.881170196804703,
  "dy_mm": 19.743400686336578
}