{
  "label": "plane",
  "ds_mm": 2.0,
  "min_det": 0.005738209693370333,
  "scale": 0.9942577287295074,
  "rot_deg": 2.1572128989516273,
  "dx_mm": -8.419350901667507,
  "dy_mm": -29.54522372878324
}