{
  "label": "plane",
  "ds_mm": 2.0,
  "scale": 1.0359724904895522,
  "rot_deg": -33.70223975265335,
  "dx_mm": 9.717471125712017,
  "dy_mm": 12.83374535201829
}