{
  "label": "plane",
  "ds_mm": 2.0,
  "min_det": 0.005839264126935284,
  "scale": 0.8160603539547208,
  "rot_deg": -14.305883325576904,
  "dx_mm": 2.611431195232093,
  "dy_mm": 18.083978215899577
}