{
  "label": "plane",
  "ds_mm": 2.0,
  "scale": 1.064767941029293,
  "rot_deg": 10.94900257102234,
  "dx_mm": 10.640119926691483,
  "dy_mm": 27.115724251494633
}