{
  "label": "plane",
  "ds_mm": 2.0,
  "scale": 1.0730826920039467,
  "rot_deg": 42.86748171914833,
  "dx_mm": 6.127559459770744,
  "dy_mm": 1.1935528885921514
}