{
  "label": "plane",
  "ds_mm": 2.0,
  "min_det": 0.006144242404013213,
  "scale": 0.6374515248126491,
  "rot_deg": -37.1151978556929,
  "dx_mm": 2.2760633591046684,
  "dy_mm": 26.971107931181898
}