{
  "label": "plane",
  "ds_mm": 2.0,
  "min_det": 0.005648626007093902,
  "scale": 1.2673314740415333,
  "rot_deg": -0.2846848452987061,
  "dx_mm": -25.327208174294864,
  "dy_mm": 25.185849230273924
}