{
  "label": "plane",
  "ds_mm": 2.0,
  "min_det": 0.005925997896757945,
  "scale": 0.7430516213907375,
  "rot_deg": -8.862751774780264,
  "dx_mm": -0.7087589023620744,
  "dy_mm": 11.000168978471606
}