{
  "label": "plane",
  "ds_mm": 2.0,
  "min_det": 0.005207288098631527,
  "scale": 1.1209681616764477,
  "rot_deg": 42.54009094364808,
  "dx_mm": -2.4114102563553814,
  "dy_mm": 26.329130771504587
}