{
  "label": "plane",
  "ds_mm": 2.0,
  "min_det": 0.005654114678963491,
  "scale": 0.8634175700886046,
  "rot_deg": -43.09306435735191,
  "dx_mm": 17.17318830397803,
  "dy_mm": -20.452045582045358
}