{
  "label": "plane",
  "ds_mm": 2.0,
  "scale": 1.4085073648005022,
  "rot_deg": 1.785937720522277,
  "dx_mm": -4.320507217600699,
  "dy_mm": -20.202490827942842
}