{
  "label": "plane",
  "ds_mm": 2.0,
  "scale": 0.7297252879232492,
  "rot_deg": -11.67591636772373,
  "dx_mm": -2.4464698562437768,
  "dy_mm": -7.701767102345308
}