{
  "label": "plane",
  "ds_mm": 2.0,
  "scale": 1.3707742959330877,
  "rot_deg": -6.244721815129154,
  "dx_mm": 26.779433462681915,
  "dy_mm": -17.330569794571755
}