{
  "label": "plane",
  "ds_mm": 2.0,
  "min_det": 0.005369441290464194,
  "scale": 1.033485635448135,
  "rot_deg": 27.503589086481952,
  "dx_mm": 1.6276408811046679,
  "dy_mm": 29.303092549575943
}