{
  "label": "plane",
  "ds_mm": 2.0,
  "min_det": 0.005956611088378941,
  "scale": 0.8001950234742982,
  "rot_deg": -16.307110472626572,
  "dx_mm": -11.486620384089914,
  "dy_mm": -10.174255450879262
}