{
  "label": "plane",
  "ds_mm": 2.0,
  "scale": 0.6470514660936879,
  "rot_deg": 21.651977704196142,
  "dx_mm": -15.705771505338257,
  "dy_mm": 8.3419764485989
}