{
  "label": "plane",
  "ds_mm": 2.0,
  "min_det": 0.004907616223272574,
  "scale": 1.425937575794578,
  "rot_deg": 42.88623587988086,
  "dx_mm": 10.725141049368702,
  "dy_mm": 1.705040516453952
}