{
  "label": "plane",
  "ds_mm": 2.0,
  "min_det": 0.005211856969237234,
  "scale": 1.440600047444365,
  "rot_deg": 38.78776996021824,
  "dx_mm": 8.804515664944283,
  "dy_mm": -20.825573988256576
}