{
  "label": "plane",
  "ds_mm": 2.0,
  "min_det": 0.005664872656077142,
  "scale": 0.9826740479654124,
  "rot_deg": 1.9721235395272387,
  "dx_mm": -1.8771223145129703,
  "dy_mm": 23.999739230838863
}