{
  "label": "plane",
  "ds_mm": 2.0,
  "min_det": 0.00563777708654044,
  "scale": 1.0027791120736285,
  "rot_deg": -30.26783947637295,
  "dx_mm": 18.228502595050806,
  "dy_mm": 16.324394355786943
}