{
  "label": "plane",
  "ds_mm": 2.0,
  "min_det": 0.005588130888671997,
  "scale": 0.9934695812901618,
  "rot_deg": 35.30915100185301,
  "dx_mm": 6.9472449656692845,
  "dy_mm": 0.028214382091842793
}