{
  "label": "plane",
  "ds_mm": 2.0,
  "scale": 1.0993038579728431,
  "rot_deg": 8.129975135003285,
  "dx_mm": 6.729819341465074,
  "dy_mm": 24.80779030293222
}