{
  "label": "plane",
  "ds_mm": 2.0,
  "min_det": 0.005663446431548936,
  "scale": 0.6947935357313224,
  "rot_deg": -15.517544625825334,
  "dx_mm": 27.645608305975543,
  "dy_mm": -26.123414435438708
}