{
  "label": "plane",
  "ds_mm": 2.0,
  "min_det": 0.005268473702539351,
  "scale": 1.4867857429240492,
  "rot_deg": -6.757432932840636,
  "dx_mm": 22.957672831559073,
  "dy_mm": 26.975563476649455
}