{
  "label": "plane",
  "ds_mm": 2.0,
  "min_det": 0.0057465050166445614,
  "scale": 0.7246145167598167,
  "rot_deg": -22.80989534350935,
  "dx_mm": 24.22045023419134,
  "dy_mm": 26.752335033199863
}