{
  "label": "plane",
  "ds_mm": 2.0,
  "scale": 0.677434451134445,
  "rot_deg": -41.34250686251454,
  "dx_mm": -10.846781656350831,
  "dy_mm": 3.049083397815508
}