{
  "label": "plane",
  "ds_mm": 2.0,
  "scale": 1.3939372827375651,
  "rot_deg": 0.42266301727384104,
  "dx_mm": 15.068430338250757,
  "dy_mm": 11.018370627846124
}