{
  "label": "plane",
  "ds_mm": 2.0,
  "scale": 0.6780507039655873,
  "rot_deg": -13.285476554445538,
  "dx_mm": 6.9245322789336825,
  "dy_mm": 8.427288607909261
}