{
  "label": "plane",
  "ds_mm": 2.0,
  "scale": 0.6404140808133729,
  "rot_deg": 11.028819801655033,
  "dx_mm": -17.186963924988802,
  "dy_mm": 20.137039003963622
}