{
  "label": "plane",
  "ds_mm": 2.0,
  "scale": 1.2707849830398907,
  "rot_deg": 42.69621863759164,
  "dx_mm": 3.5077979972646887,
  "dy_mm": -12.637310126097738
}