{
  "label": "plane",
  "ds_mm": 2.0,
  "scale": 1.381935504791078,
  "rot_deg": -36.20513483553061,
  "dx_mm": 12.026051628648837,
  "dy_mm": -20.594465746084897
}