{
  "label": "plane",
  "ds_mm": 2.0,
  "min_det": 0.005861057157229807,
  "scale": 0.771421425273159,
  "rot_deg": -1.6802590091257414,
  "dx_mm": -1.3973791191227072,
  "dy_mm": 29.39515290220387
}