{
  "label": "plane",
  "ds_mm": 2.0,
  "min_det": 0.005918368776498068,
  "scale": 0.7121494037403525,
  "rot_deg": -41.21876990157064,
  "dx_mm": 9.748506520252988,
  "dy_mm": -1.8840135634814246
}