{
  "label": "plane",
  "ds_mm": 2.0,
  "scale": 0.7121601697272457,
  "rot_deg": -22.0386706656688,
  "dx_mm": -1.0921858414200472,
  "dy_mm": -16.121658721433096
}