{
  "label": "plane",
  "ds_mm": 2.0,
  "scale": 0.9963950886108655,
  "rot_deg": 42.08747594770824,
  "dx_mm": 23.054601555892788,
  "dy_mm": 13.09998383781872
}