{
  "label": "plane",
  "ds_mm": 2.0,
  "scale": 0.9124291181517014,
  "rot_deg": 0.30039089864926893,
  "dx_mm": -9.527453526125392,
  "dy_mm": 0.8070628398779007
}