{
  "label": "plane",
  "ds_mm": 2.0,
  "min_det": 0.005978121687039075,
  "scale": 0.8778943190059096,
  "rot_deg": -41.374525176309355,
  "dx_mm": -20.533641355526733,
  "dy_mm": -23.53614849644983
}