{
  "label": "plane",
  "ds_mm": 2.0,
  "scale": 1.407458760324504,
  "rot_deg": 3.9555154768041305,
  "dx_mm": -15.82448239712969,
  "dy_mm": -9.223251782353316
}