{
  "label": "plane",
  "ds_mm": 2.0,
  "scale": 0.8081733341704371,
  "rot_deg": -28.942877539335925,
  "dx_mm": -3.6049722843346714,
  "dy_mm": 15.899583991067892
}