{
  "label": "plane",
  "ds_mm": 2.0,
  "min_det": 0.005487420431139743,
  "scale": 1.4256696972605414,
  "rot_deg": -15.636667717882343,
  "dx_mm": -0.28167661387886156,
  "dy_mm": 23.69371021881144
}