{
  "label": "plane",
  "ds_mm": 2.0,
  "scale": 1.337011196254076,
  "rot_deg": -40.62216250723897,
  "dx_mm": -16.632891776280648,
  "dy_mm": -28.467092066139294
}