{
  "label": "plane",
  "ds_mm": 2.0,
  "min_det": 0.005604850962464874,
  "scale": 1.2944709007006403,
  "rot_deg": 11.283717658987342,
  "dx_mm": -16.76160977797799,
  "dy_mm": -12.567761099965573
}