{
  "label": "plane",
  "ds_mm": 2.0,
  "scale": 0.6502548950634467,
  "rot_deg": -38.80902534398824,
  "dx_mm": 24.46729103133731,
  "dy_mm": -12.859694372776818
}