{
  "label": "plane",
  "ds_mm": 2.0,
  "min_det": 0.006094041721348968,
  "scale": 0.7431597754945584,
  "rot_deg": -12.244172067461818,
  "dx_mm": -16.328211378732764,
  "dy_mm": -3.5458953353027276
}