{
  "label": "plane",
  "ds_mm": 2.0,
  "scale": 0.9792980702875134,
  "rot_deg": 21.398005730875184,
  "dx_mm": 10.567420548277092,
  "dy_mm": 6.062568632997653
}