{
  "label": "plane",
  "ds_mm": 2.0,
  "min_det": 0.005582999833926441,
  "scale": 0.814434768545893,
  "rot_deg": 13.456569375053519,
  "dx_mm": 22.518379198430644,
  "dy_mm": 13.670712540296009
}