{
  "label": "plane",
  "ds_mm": 2.0,
  "scale": 0.8865126909338736,
  "rot_deg": -5.298788218535151,
  "dx_mm": -16.715154818556652,
  "dy_mm": -12.550039755788944
}