{
  "label": "plane",
  "ds_mm": 2.0,
  "min_det": 0.00555918968770318,
  "scale": 0.8559068175389635,
  "rot_deg": 8.687549526214198,
  "dx_mm": 22.800908936171844,
  "dy_mm": 14.384788143407093
}