{
  "label": "plane",
  "ds_mm": 2.0,
  "scale": 0.6651741591681402,
  "rot_deg": 41.045960793729606,
  "dx_mm": 8.84609351231726,
  "dy_mm": -17.639421304364653
}