{
  "label": "plane",
  "ds_mm": 2.0,
  "min_det": 0.0054114169750727305,
  "scale": 1.0486186665162347,
  "rot_deg": 25.712357502639847,
  "dx_mm": 8.16694524003379,
  "dy_mm": 16.844576328280766
}