{
  "label": "plane",
  "ds_mm": 2.0,
  "scale": 0.7551152866690707,
  "rot_deg": 39.9975638661348,
  "dx_mm": 12.919916991483987,
  "dy_mm": 22.883790566574568
}