{
  "label": "plane",
  "ds_mm": 2.0,
  "min_det": 0.005697968641197011,
  "scale": 1.0213460550697588,
  "rot_deg": -17.906990282746833,
  "dx_mm": -12.58682399751877,
  "dy_mm": -29.540292301937352
}