{
  "label": "plane",
  "ds_mm": 2.0,
  "min_det": 0.005717793226860623,
  "scale": 1.215341951002554,
  "rot_deg": 29.631414457858668,
  "dx_mm": -16.867817313802092,
  "dy_mm": -25.270677631921377
}