{
  "label": "plane",
  "ds_mm": 2.0,
  "scale": 0.9113192070841385,
  "rot_deg": 34.915673756830586,
  "dx_mm": -21.261950486907566,
  "dy_mm": 10.019695995297411
}