{
  "label": "plane",
  "ds_mm": 2.0,
  "scale": 1.2119382731735964,
  "rot_deg": -2.2165851538187056,
  "dx_mm": -2.1583131908863677,
  "dy_mm": -21.473117015426986
}