{
  "label": "plane",
  "ds_mm": 2.0,
  "scale": 1.4535965483729711,
  "rot_deg": -32.573921683968834,
  "dx_mm": 19.182041745359875,
  "dy_mm": -15.790011725138733
}