{
  "label": "plane",
  "ds_mm": 2.0,
  "min_det": 0.006111616818052507,
  "scale": 0.623139880328024,
  "rot_deg": 20.220147023402518,
  "dx_mm": -8.47363277686765,
  "dy_mm": 24.22803774038792
}