{
  "label": "plane",
  "ds_mm": 2.0,
  "scale": 1.3782620471842628,
  "rot_deg": -26.929659557309087,
  "dx_mm": 3.1304402872272163,
  "dy_mm": 25.373397151038063
}