{
  "label": "plane",
  "ds_mm": 2.0,
  "scale": 1.4921390147207731,
  "rot_deg": 28.874119783148984,
  "dx_mm": 9.748820233623817,
  "dy_mm": 12.673231185353785
}