{
  "label": "plane",
  "ds_mm": 2.0,
  "min_det": 0.0060014114987503465,
  "scale": 0.9801698807747654,
  "rot_deg": -26.898695703846297,
  "dx_mm": -23.318640217680713,
  "dy_mm": 15.88936704820128
}