{
  "label": "plane",
  "ds_mm": 2.0,
  "min_det": 0.005639811723062778,
  "scale": 0.943121163535097,
  "rot_deg": -13.034127970431957,
  "dx_mm": 13.245392196262912,
  "dy_mm": -6.151662290261687
}