{
  "label": "plane",
  "ds_mm": 2.0,
  "scale": 1.3536408036850103,
  "rot_deg": 8.153953723618663,
  "dx_mm": -29.814268572071818,
  "dy_mm": 23.04863403319569
}