{
  "label": "plane",
  "ds_mm": 2.0,
  "scale": 0.6932429024341239,
  "rot_deg": 31.551146875054272,
  "dx_mm": 15.86323027240715,
  "dy_mm": -19.386272591020106
}