{
  "label": "plane",
  "ds_mm": 2.0,
  "scale": 1.131763602678523,
  "rot_deg": 10.234714772950248,
  "dx_mm": -6.147967615950773,
  "dy_mm": 25.200122058628992
}