{
  "label": "plane",
  "ds_mm": 2.0,
  "min_det": 0.005998702268469645,
  "scale": 1.0525401114671968,
  "rot_deg": 42.626979409244115,
  "dx_mm": -17.212048982495062,
  "dy_mm": -29.2487835344804
}