{
  "label": "plane",
  "ds_mm": 2.0,
  "scale": 0.6597053247956909,
  "rot_deg": 44.21536261068354,
  "dx_mm": -29.480293494337136,
  "dy_mm": -7.718238939019745
}