{
  "label": "plane",
  "ds_mm": 2.0,
  "scale": 1.2731518105167887,
  "rot_deg": 15.062953200498086,
  "dx_mm": 29.49492858622409,
  "dy_mm": -16.863970671565927
}