{
  "label": "plane",
  "ds_mm": 2.0,
  "scale": 1.2973445227375382,
  "rot_deg": 6.457992423614044,
  "dx_mm": -3.0266046220262908,
  "dy_mm": 26.253566807696714
}