{
  "label": "plane",
  "ds_mm": 2.0,
  "min_det": 0.00594924525253464,
  "scale": 0.6187060176500703,
  "rot_deg": 36.25800655755053,
  "dx_mm": 17.709544236254565,
  "dy_mm": -25.272493564680346
}