{
  "label": "plane",
  "ds_mm": 2.0,
  "min_det": 0.006029601667150668,
  "scale": 0.6863726895851032,
  "rot_deg": -1.306990438084867,
  "dx_mm": -9.893654929042707,
  "dy_mm": -26.305483296161
}