{
  "label": "plane",
  "ds_mm": 2.0,
  "min_det": 0.005618917527474719,
  "scale": 0.9783164050768633,
  "rot_deg": 11.131150055260456,
  "dx_mm": 13.005934294150855,
  "dy_mm": -29.122231410326417
}