{
  "label": "plane",
  "ds_mm": 2.0,
  "scale": 1.2003260214555493,
  "rot_deg": -2.755288016098767,
  "dx_mm": 21.959824505447926,
  "dy_mm": -2.5560108032617777
}