{
  "label": "plane",
  "ds_mm": 2.0,
  "scale": 1.0908423065452986,
  "rot_deg": -36.60415325913187,
  "dx_mm": 20.402908268694766,
  "dy_mm": 28.923733586769472
}