{
  "label": "plane",
  "ds_mm": 2.0,
  "scale": 1.0499751949409564,
  "rot_deg": -23.41907163988398,
  "dx_mm": 15.575364585384492,
  "dy_mm": -29.57763174259116
}