{
  "label": "plane",
  "ds_mm": 2.0,
  "min_det": 0.005518490725078705,
  "scale": 1.2436398125844441,
  "rot_deg": 21.594659608166992,
  "dx_mm": -16.030770902062677,
  "dy_mm": 8.695646342172381
}