{
  "label": "plane",
  "ds_mm": 2.0,
  "min_det": 0.0056165056236364185,
  "scale": 1.2456109188075504,
  "rot_deg": -34.22866600752233,
  "dx_mm": -8.817588027190723,
  "dy_mm": -0.9506414858275782
}