{
  "label": "plane",
  "ds_mm": 2.0,
  "min_det": 0.005642262251853893,
  "scale": 0.7512756348438769,
  "rot_deg": 7.766421634236785,
  "dx_mm": 29.231862009882974,
  "dy_mm": -29.37494329574924
}