{
  "label": "plane",
  "ds_mm": 2.0,
  "scale": 0.7967543670499897,
  "rot_deg": 29.365183389537393,
  "dx_mm": -23.971367581738786,
  "dy_mm": 14.828085405390588
}