{
  "label": "plane",
  "ds_mm": 2.0,
  "scale": 1.3936064870232154,
  "rot_deg": 31.43644994457152,
  "dx_mm": -23.560288256021742,
  "dy_mm": -19.94016943716123
}