{
  "label": "plane",
  "ds_mm": 2.0,
  "min_det": 0.005588746896859997,
  "scale": 1.1415753177389356,
  "rot_deg": -4.393848646284916,
  "dx_mm": 0.7312811577312033,
  "dy_mm": 8.63341111189537
}