{
  "label": "plane",
  "ds_mm": 2.0,
  "min_det": 0.006016724114628983,
  "scale": 0.7320180613503707,
  "rot_deg": 36.56894155600834,
  "dx_mm": -8.342750091733635,
  "dy_mm": 17.52205143083811
}