{
  "label": "plane",
  "ds_mm": 2.0,
  "scale": 1.2959394848831525,
  "rot_deg": -25.656117980323344,
  "dx_mm": -20.496993396612417,
  "dy_mm": 25.635617575542582
}