{
  "label": "plane",
  "ds_mm": 2.0,
  "min_det": 0.005458153786638318,
  "scale": 0.9444867816607379,
  "rot_deg": 34.09937846924926,
  "dx_mm": 7.249565076844171,
  "dy_mm": 22.798148506634583
}