{
  "label": "plane",
  "ds_mm": 2.0,
  "scale": 1.1652664987409171,
  "rot_deg": -0.6272055348412451,
  "dx_mm": -19.15622352413336,
  "dy_mm": -17.780007218849065
}