{
  "label": "plane",
  "ds_mm": 2.0,
  "scale": 0.6252080506934371,
  "rot_deg": 28.4827616107451,
  "dx_mm": 7.928216180433537,
  "dy_mm": 26.35911648085031
}