{
  "label": "plane",
  "ds_mm": 2.0,
  "scale": 1.4658499484090095,
  "rot_deg": 43.118375438710345,
  "dx_mm": -28.750435617052847,
  "dy_mm": 20.924995418297264
}