{
  "label": "plane",
  "ds_mm": 2.0,
  "scale": 1.0096992287772832,
  "rot_deg": -6.950192335460308,
  "dx_mm": -7.293768139203728,
  "dy_mm": 1.5026771309586522
}