{
  "label": "plane",
  "ds_mm": 2.0,
  "scale": 1.1201493853218034,
  "rot_deg": -34.12690019601271,
  "dx_mm": 3.245098902424729,
  "dy_mm": 21.596733331981966
}