{
  "label": "plane",
  "ds_mm": 2.0,
  "scale": 1.2217423158725795,
  "rot_deg": -12.455778347156986,
  "dx_mm": 22.27171642713543,
  "dy_mm": 11.142361431071663
}