{
  "label": "plane",
  "ds_mm": 2.0,
  "scale": 0.6651427545616656,
  "rot_deg": -4.659083006707775,
  "dx_mm": -12.689475398449368,
  "dy_mm": -0.4941281748514115
}