{
  "label": "plane",
  "ds_mm": 2.0,
  "scale": 1.4914594355573119,
  "rot_deg": -41.1695459888646,
  "dx_mm": 19.265569416548544,
  "dy_mm": -12.524876766678904
}