{
  "label": "plane",
  "ds_mm": 2.0,
  "scale": 1.1728708888872574,
  "rot_deg": -19.659858820230074,
  "dx_mm": 22.187154273730997,
  "dy_mm": -24.592403318788257
}