{
  "label": "plane",
  "ds_mm": 2.0,
  "min_det": 0.005447390727544516,
  "scale": 1.3038414095346162,
  "rot_deg": -7.222436439097386,
  "dx_mm": 6.262382721470196,
  "dy_mm": 25.142074624837832
}