{
  "label": "plane",
  "ds_mm": 2.0,
  "min_det": 0.005414389449909409,
  "scale": 1.2283690810217038,
  "rot_deg": -0.4587369347124195,
  "dx_mm": 18.63429778162819,
  "dy_mm": 8.97111181264647
}