{
  "label": "plane",
  "ds_mm": 2.0,
  "min_det": 0.005980241410522339,
  "scale": 0.7614782171217254,
  "rot_deg": -8.111495319472795,
  "dx_mm": -9.580462697965846,
  "dy_mm": -8.413495298522829
}