{
  "label": "plane",
  "ds_mm": 2.0,
  "min_det": 0.006026727443407834,
  "scale": 0.8127590212009651,
  "rot_deg": 3.5850375841607374,
  "dx_mm": -17.320465692557,
  "dy_mm": -8.639656484919694
}