{
  "label": "plane",
  "ds_mm": 2.0,
  "scale": 1.2389626982831103,
  "rot_deg": 44.684841606495354,
  "dx_mm": -12.139268811959745,
  "dy_mm": -5.164018691942712
}