{
  "label": "plane",
  "ds_mm": 2.0,
  "scale": 1.0094177180211348,
  "rot_deg": 0.8210123758688752,
  "dx_mm": 10.156271732438142,
  "dy_mm": 22.12458515878651
}