{
  "label": "plane",
  "ds_mm": 2.0,
  "min_det": 0.005597424776080614,
  "scale": 1.3145234184946235,
  "rot_deg": -1.63522767250668,
  "dx_mm": -18.30170172328412,
  "dy_mm": 11.098416271697374
}