{
  "label": "plane",
  "ds_mm": 2.0,
  "scale": 1.1613572209725116,
  "rot_deg": 40.52001039195345,
  "dx_mm": 14.75921685921643,
  "dy_mm": -24.491761800699983
}