{
  "label": "plane",
  "ds_mm": 2.0,
  "min_det": 0.005665113909607524,
  "scale": 1.3406836515090177,
  "rot_deg": 2.943633534199634,
  "dx_mm": -28.63294512392795,
  "dy_mm": -11.166693426270658
}