{
  "label": "plane",
  "ds_mm": 2.0,
  "scale": 0.8825877328619887,
  "rot_deg": -36.784654482914796,
  "dx_mm": -26.9371858682757,
  "dy_mm": -2.428658942798304
}