{
  "label": "plane",
  "ds_mm": 2.0,
  "scale": 1.4249924995097305,
  "rot_deg": -1.1978784612563658,
  "dx_mm": 3.1575644428838814,
  "dy_mm": 0.6197476444845194
}