{
  "label": "plane",
  "ds_mm": 2.0,
  "scale": 0.7145483988496026,
  "rot_deg": -11.066863543028845,
  "dx_mm": 26.709821565792154,
  "dy_mm": -19.762301496292054
}