{
  "label": "plane",
  "ds_mm": 2.0,
  "scale": 1.077047962072772,
  "rot_deg": 39.42044113140139,
  "dx_mm": -12.261531354047278,
  "dy_mm": 27.564751160827072
}