{
  "label": "plane",
  "ds_mm": 2.0,
  "scale": 1.3627123246906496,
  "rot_deg": 32.003072080866545,
  "dx_mm": -28.27971334558499,
  "dy_mm": 15.703498804271725
}