{
  "label": "plane",
  "ds_mm": 2.0,
  "min_det": 0.00563305835903962,
  "scale": 0.8395237486249686,
  "rot_deg": 1.2264639618907722,
  "dx_mm": 21.809670527716676,
  "dy_mm": -23.37817007578552
}