{
  "label": "plane",
  "ds_mm": 2.0,
  "scale": 0.9172809391722242,
  "rot_deg": 8.134136386734866,
  "dx_mm": 28.532106725366162,
  "dy_mm": 24.791151767414448
}