{
  "label": "plane",
  "ds_mm": 2.0,
  "min_det": 0.006050235037794151,
  "scale": 0.746873310938636,
  "rot_deg": 41.36479265273074,
  "dx_mm": -7.742915022833682,
  "dy_mm": 11.223269313913896
}