{
  "label": "plane",
  "ds_mm": 2.0,
  "scale": 0.7689598931520627,
  "rot_deg": 30.643579639328493,
  "dx_mm": 4.637306933928983,
  "dy_mm": -0.9664809912741887
}