{
  "label": "plane",
  "ds_mm": 2.0,
  "min_det": 0.005455408242745219,
  "scale": 1.3423096961216627,
  "rot_deg": -17.67257746368074,
  "dx_mm": 12.454684513559755,
  "dy_mm": -21.61130693274474
}