{
  "label": "plane",
  "ds_mm": 2.0,
  "min_det": 0.005270363398331761,
  "scale": 1.3192723605013472,
  "rot_deg": 15.470888568810878,
  "dx_mm": 8.527324512435072,
  "dy_mm": 11.604199728303037
}