{
  "label": "plane",
  "ds_mm": 2.0,
  "min_det": 0.005985265827914923,
  "scale": 0.6086489381923728,
  "rot_deg": -2.7395739687330973,
  "dx_mm": 5.5971649662310625,
  "dy_mm": 4.506650094244563
}