{
  "label": "plane",
  "ds_mm": 2.0,
  "min_det": 0.005576184056215484,
  "scale": 1.1880208356112227,
  "rot_deg": -16.360017097371273,
  "dx_mm": -6.476692625927733,
  "dy_mm": -24.215330158849458
}