{
  "label": "plane",
  "ds_mm": 2.0,
  "scale": 0.6996150738029099,
  "rot_deg": -31.027976002513245,
  "dx_mm": -18.06301020567856,
  "dy_mm": -27.180539771350826
}