{
  "label": "plane",
  "ds_mm": 2.0,
  "scale": 0.9174209593435054,
  "rot_deg": -12.444820922495403,
  "dx_mm": -8.141517679033171,
  "dy_mm": -19.11150156579232
}