{
  "label": "plane",
  "ds_mm": 2.0,
  "scale": 1.4403911900704562,
  "rot_deg": 12.901836610095955,
  "dx_mm": -7.7476633870586795,
  "dy_mm": 17.538539029787756
}