{
  "label": "plane",
  "ds_mm": 2.0,
  "min_det": 0.0053885083374651845,
  "scale": 1.340745290873051,
  "rot_deg": -9.241386804005586,
  "dx_mm": 23.41538608558419,
  "dy_mm": 14.337942688709063
}