{
  "label": "plane",
  "ds_mm": 2.0,
  "min_det": 0.005661618294480328,
  "scale": 0.7096959133422505,
  "rot_deg": 25.93512044746059,
  "dx_mm": 20.839263514117775,
  "dy_mm": 17.179075666891393
}