{
  "label": "plane",
  "ds_mm": 2.0,
  "scale": 0.9087004045415003,
  "rot_deg": -15.107514177825465,
  "dx_mm": -14.238201676821493,
  "dy_mm": -28.539230714793124
}