{
  "label": "plane",
  "ds_mm": 2.0,
  "scale": 1.22460709947584,
  "rot_deg": -15.646981318983315,
  "dx_mm": -23.91445711921677,
  "dy_mm": 20.688168663836485
}