{
  "label": "plane",
  "ds_mm": 2.0,
  "scale": 0.630307044034748,
  "rot_deg": 22.20527078346602,
  "dx_mm": 17.09748550799994,
  "dy_mm": -18.668883573619148
}