{
  "label": "plane",
  "ds_mm": 2.0,
  "scale": 1.364472376943501,
  "rot_deg": -6.592390069451838,
  "dx_mm": 8.101694651414341,
  "dy_mm": -9.27631550942823
}