{
  "label": "plane",
  "ds_mm": 2.0,
  "min_det": 0.005681142730730595,
  "scale": 1.133604158042937,
  "rot_deg": -15.12014137481437,
  "dx_mm": -8.665301546413318,
  "dy_mm": 4.1004160550501325
}