{
  "label": "plane",
  "ds_mm": 2.0,
  "scale": 0.8722947342534748,
  "rot_deg": -32.45147118289837,
  "dx_mm": 15.00103827282043,
  "dy_mm": 22.251207250171937
}