{
  "label": "plane",
  "ds_mm": 2.0,
  "min_det": 0.0057092192289108145,
  "scale": 1.042822496162607,
  "rot_deg": 20.73054374923089,
  "dx_mm": -6.239124633594685,
  "dy_mm": -8.890357205055714
}