{
  "label": "plane",
  "ds_mm": 2.0,
  "scale": 0.6633775133681656,
  "rot_deg": 12.003885903695526,
  "dx_mm": 2.3599219355395107,
  "dy_mm": -11.028854498420227
}