{
  "label": "plane",
  "ds_mm": 2.0,
  "min_det": 0.0055770416706146944,
  "scale": 1.1010772381536473,
  "rot_deg": 31.12845274041159,
  "dx_mm": 9.357362595103858,
  "dy_mm": -23.58340516268143
}