{
  "label": "plane",
  "ds_mm": 2.0,
  "scale": 0.9201187966208733,
  "rot_deg": -24.340998025879394,
  "dx_mm": -8.4543809999385,
  "dy_mm": 1.683291681138929
}