{
  "label": "plane",
  "ds_mm": 2.0,
  "scale": 1.24809713797264,
  "rot_deg": 37.760822064427146,
  "dx_mm": 13.637470529682176,
  "dy_mm": 4.805877022494023
}