{
  "label": "plane",
  "ds_mm": 2.0,
  "min_det": 0.005831633929656287,
  "scale": 0.7571456464422277,
  "rot_deg": 20.999960973345352,
  "dx_mm": 9.055678677754926,
  "dy_mm": -11.63812913485691
}