{
  "label": "plane",
  "ds_mm": 2.0,
  "scale": 1.126008838946662,
  "rot_deg": 25.80827269115639,
  "dx_mm": -23.78262037704119,
  "dy_mm": 19.329967497569847
}