{
  "label": "plane",
  "ds_mm": 2.0,
  "scale": 1.4383067081050989,
  "rot_deg": -11.722733044569289,
  "dx_mm": -4.565211939474668,
  "dy_mm": -29.69316901313625
}