{
  "label": "plane",
  "ds_mm": 2.0,
  "min_det": 0.004715768224436081,
  "scale": 1.3949909453855867,
  "rot_deg": 36.70775963291982,
  "dx_mm": 21.723431363416744,
  "dy_mm": 15.51112995783518
}