{
  "label": "plane",
  "ds_mm": 2.0,
  "min_det": 0.005596594316360399,
  "scale": 1.2974290815839535,
  "rot_deg": -0.32140642819297227,
  "dx_mm": -16.51796813386219,
  "dy_mm": 7.33147528237172
}