{
  "label": "plane",
  "ds_mm": 2.0,
  "scale": 1.1442904512169507,
  "rot_deg": -3.5017783043754918,
  "dx_mm": -19.99614881831222,
  "dy_mm": -9.401244068013991
}