{
  "label": "plane",
  "ds_mm": 2.0,
  "min_det": 0.0060571310927174105,
  "scale": 0.7009171181080477,
  "rot_deg": 30.99420007295457,
  "dx_mm": -9.501116921688919,
  "dy_mm": 18.632378950538765
}