{
  "label": "plane",
  "ds_mm": 2.0,
  "scale": 0.923943849907136,
  "rot_deg": 42.08065935613537,
  "dx_mm": -26.333746334475233,
  "dy_mm": 27.766059068223953
}