{
  "label": "plane",
  "ds_mm": 2.0,
  "scale": 0.9524399960851337,
  "rot_deg": 21.913394108554314,
  "dx_mm": 13.162692488121913,
  "dy_mm": -18.596095651597878
}