{
  "label": "plane",
  "ds_mm": 2.0,
  "min_det": 0.00571687770118686,
  "scale": 0.77063375662674,
  "rot_deg": 25.15517721987206,
  "dx_mm": 15.242777755403978,
  "dy_mm": 4.588865634030448
}