{
  "label": "plane",
  "ds_mm": 2.0,
  "scale": 0.7276012231046216,
  "rot_deg": 37.82658176828315,
  "dx_mm": 25.6972806217035,
  "dy_mm": -10.509993981725188
}