{
  "label": "plane",
  "ds_mm": 2.0,
  "min_det": 0.005661838011132066,
  "scale": 1.0003454546348944,
  "rot_deg": -22.54767118895826,
  "dx_mm": 4.23288106828911,
  "dy_mm": -8.440977000763674
}