{
  "label": "plane",
  "ds_mm": 2.0,
  "min_det": 0.006306821007723254,
  "scale": 0.6579847459960589,
  "rot_deg": -32.61897529335639,
  "dx_mm": -26.99143502215812,
  "dy_mm": -26.644076131921903
}