{
  "label": "plane",
  "ds_mm": 2.0,
  "min_det": 0.005495523603347796,
  "scale": 1.2321036102306318,
  "rot_deg": -14.139334936732652,
  "dx_mm": 7.985101935912269,
  "dy_mm": -27.523690341970124
}