{
  "label": "plane",
  "ds_mm": 2.0,
  "scale": 0.6508891746874198,
  "rot_deg": -3.388187348762365,
  "dx_mm": 21.137788040548372,
  "dy_mm": 17.78352234265263
}