{
  "label": "plane",
  "ds_mm": 2.0,
  "scale": 1.068295601981697,
  "rot_deg": 27.563657336861084,
  "dx_mm": 9.641660665909384,
  "dy_mm": 22.403649151954035
}