{
  "label": "plane",
  "ds_mm": 2.0,
  "min_det": 0.005506906007735488,
  "scale": 1.037967161856457,
  "rot_deg": 2.560660899658295,
  "dx_mm": 24.11295964381347,
  "dy_mm": -8.512366669255986
}