{
  "label": "plane",
  "ds_mm": 2.0,
  "min_det": 0.0055989607382871094,
  "scale": 0.967183760249321,
  "rot_deg": -44.91502478868034,
  "dx_mm": 29.55416513196314,
  "dy_mm": 1.9885913619499895
}