{
  "label": "plane",
  "ds_mm": 2.0,
  "min_det": 0.00549439447484676,
  "scale": 1.2139196440918598,
  "rot_deg": 17.610439072430054,
  "dx_mm": -11.144761392277651,
  "dy_mm": 13.86747621535961
}