{
  "label": "plane",
  "ds_mm": 2.0,
  "min_det": 0.0053345388913843194,
  "scale": 0.8477258009202557,
  "rot_deg": 37.36105604386148,
  "dx_mm": 25.976978256847076,
  "dy_mm": 26.553797955582475
}