{
  "label": "plane",
  "ds_mm": 2.0,
  "scale": 1.3555197457603818,
  "rot_deg": 36.53889413513771,
  "dx_mm": 0.25760123255301437,
  "dy_mm": 12.526243386005675
}