{
  "label": "plane",
  "ds_mm": 2.0,
  "scale": 0.930846913460625,
  "rot_deg": -29.97795251744795,
  "dx_mm": -19.094394819285533,
  "dy_mm": 6.9842595612841265
}