{
  "label": "plane",
  "ds_mm": 2.0,
  "min_det": 0.005377133221654762,
  "scale": 1.456957003002398,
  "rot_deg": 11.607208806007257,
  "dx_mm": 8.89545625404142,
  "dy_mm": -22.60632608229393
}