{
  "label": "plane",
  "ds_mm": 2.0,
  "min_det": 0.006108197654888039,
  "scale": 0.6441589639372153,
  "rot_deg": 25.726812836053668,
  "dx_mm": -2.452571783525883,
  "dy_mm": -14.821843103220631
}