{
  "label": "plane",
  "ds_mm": 2.0,
  "scale": 1.44875683317525,
  "rot_deg": 41.23180515427184,
  "dx_mm": -19.817317601129446,
  "dy_mm": 3.426556805635528
}