{
  "label": "plane",
  "ds_mm": 2.0,
  "scale": 1.219550492034343,
  "rot_deg": -28.02289854031285,
  "dx_mm": 6.944516342175,
  "dy_mm": -0.700487246562254
}