{
  "label": "plane",
  "ds_mm": 2.0,
  "min_det": 0.0054990691204955065,
  "scale": 1.2464178494313236,
  "rot_deg": -29.227514548616412,
  "dx_mm": 22.743060704277873,
  "dy_mm": 12.349743960700927
}