{
  "label": "plane",
  "ds_mm": 2.0,
  "scale": 1.0491681293533572,
  "rot_deg": 41.43743985023366,
  "dx_mm": -10.782390536553436,
  "dy_mm": -0.09773604531449465
}