{
  "label": "plane",
  "ds_mm": 2.0,
  "scale": 0.823016476248785,
  "rot_deg": -35.46920968404252,
  "dx_mm": -25.82886698026286,
  "dy_mm": 14.424325443351634
}