{
  "label": "plane",
  "ds_mm": 2.0,
  "scale": 1.355524842859153,
  "rot_deg": 23.636949749131233,
  "dx_mm": 29.66010516931334,
  "dy_mm": -9.677669018573447
}