{
  "label": "plane",
  "ds_mm": 2.0,
  "min_det": 0.0059124619185088245,
  "scale": 0.863555663338381,
  "rot_deg": 34.56198894250558,
  "dx_mm": -4.158231515265982,
  "dy_mm": -8.592363474894448
}