{
  "label": "plane",
  "ds_mm": 2.0,
  "scale": 1.323493654845131,
  "rot_deg": 26.14270037061364,
  "dx_mm": -29.30052965827134,
  "dy_mm": -18.937804809515782
}