{
  "label": "plane",
  "ds_mm": 2.0,
  "min_det": 0.005355049231342001,
  "scale": 1.4534101299633493,
  "rot_deg": 26.467591626968158,
  "dx_mm": 0.28224854665741717,
  "dy_mm": -23.585252542543905
}