{
  "label": "plane",
  "ds_mm": 2.0,
  "scale": 0.7877408049071104,
  "rot_deg": -26.399576174253543,
  "dx_mm": 25.105342459781404,
  "dy_mm": 20.53500123295133
}