{
  "label": "plane",
  "ds_mm": 2.0,
  "scale": 1.371618839531692,
  "rot_deg": -43.924231096506865,
  "dx_mm": -18.251328403577514,
  "dy_mm": -11.693907878921731
}