{
  "label": "plane",
  "ds_mm": 2.0,
  "min_det": 0.0060318802331770695,
  "scale": 0.8428205895698901,
  "rot_deg": -42.55786971538338,
  "dx_mm": -11.41983063412048,
  "dy_mm": -1.6007561808883572
}