{
  "label": "plane",
  "ds_mm": 2.0,
  "scale": 0.9633566006581344,
  "rot_deg": -18.82894625855413,
  "dx_mm": -3.275857168760737,
  "dy_mm": -29.358671813947396
}