{
  "label": "plane",
  "ds_mm": 2.0,
  "min_det": 0.005488218024207194,
  "scale": 1.4333305376748164,
  "rot_deg": 43.647438082113936,
  "dx_mm": -17.82783536408015,
  "dy_mm": -22.059841581171426
}