{
  "label": "plane",
  "ds_mm": 2.0,
  "min_det": 0.006129134578250315,
  "scale": 0.951948390525566,
  "rot_deg": -38.983676257557335,
  "dx_mm": -26.86748430302836,
  "dy_mm": 9.665705371759415
}