{
  "label": "plane",
  "ds_mm": 2.0,
  "scale": 0.9554468089947843,
  "rot_deg": 29.19466079377544,
  "dx_mm": 16.970172234620378,
  "dy_mm": 10.806376246601495
}