{
  "label": "plane",
  "ds_mm": 2.0,
  "min_det": 0.005933718715600117,
  "scale": 0.6900440388646145,
  "rot_deg": -10.904789905557486,
  "dx_mm": 3.930649642683008,
  "dy_mm": 15.674034200213882
}