{
  "label": "plane",
  "ds_mm": 2.0,
  "min_det": 0.005474922658069463,
  "scale": 1.4269063330676546,
  "rot_deg": -30.120996233672734,
  "dx_mm": -19.721162096292588,
  "dy_mm": -26.890577336464098
}