{
  "label": "plane",
  "ds_mm": 2.0,
  "scale": 1.1782403250992213,
  "rot_deg": -0.052424785250643424,
  "dx_mm": 7.978549528004294,
  "dy_mm": 2.7080036332444806
}