{
  "label": "plane",
  "ds_mm": 2.0,
  "scale": 1.3277976273804932,
  "rot_deg": 4.6198311260825875,
  "dx_mm": 17.95512899663651,
  "dy_mm": -27.781482366070513
}