{
  "label": "plane",
  "ds_mm": 2.0,
  "min_det": 0.006149491920412707,
  "scale": 0.7967159664316258,
  "rot_deg": 20.62063884627662,
  "dx_mm": -21.221953486265562,
  "dy_mm": -6.929774284955933
}