{
  "label": "plane",
  "ds_mm": 2.0,
  "scale": 1.3622886828212029,
  "rot_deg": 39.54126055905998,
  "dx_mm": 29.11439047876918,
  "dy_mm": -10.606628909739804
}