{
  "label": "plane",
  "ds_mm": 2.0,
  "scale": 1.1800604466202644,
  "rot_deg": 23.97119799166549,
  "dx_mm": 8.843595575740956,
  "dy_mm": -20.626043723228765
}