{
  "label": "plane",
  "ds_mm": 2.0,
  "scale": 0.9522869651817778,
  "rot_deg": -7.665323295059217,
  "dx_mm": -9.20150396122773,
  "dy_mm": -14.58674694768122
}