{
  "label": "plane",
  "ds_mm": 2.0,
  "min_det": 0.0053449663049196135,
  "scale": 1.0110743282075119,
  "rot_deg": 42.41785294963978,
  "dx_mm": 1.9442437748886086,
  "dy_mm": 26.479898108661565
}