{
  "label": "plane",
  "ds_mm": 2.0,
  "min_det": 0.005812125873585251,
  "scale": 0.9738688746187429,
  "rot_deg": 11.932486529129704,
  "dx_mm": -16.985285330449074,
  "dy_mm": 17.322021580784515
}