{
  "label": "plane",
  "ds_mm": 2.0,
  "scale": 1.2316369711258415,
  "rot_deg": 31.428413306376612,
  "dx_mm": 4.740767771203657,
  "dy_mm": 1.191922026255554
}