{
  "label": "plane",
  "ds_mm": 2.0,
  "min_det": 0.006254810122138903,
  "scale": 0.6483368278253493,
  "rot_deg": 1.9437832825555574,
  "dx_mm": -19.73311259757839,
  "dy_mm": 27.320337531312845
}