{
  "label": "plane",
  "ds_mm": 2.0,
  "scale": 1.3781360570507863,
  "rot_deg": -41.330128743348084,
  "dx_mm": 0.37859447971013793,
  "dy_mm": -29.099517828573088
}