{
  "label": "plane",
  "ds_mm": 2.0,
  "min_det": 0.005525525524225462,
  "scale": 1.1784707169055468,
  "rot_deg": -41.19470422282924,
  "dx_mm": 19.36670191137955,
  "dy_mm": 0.5114582330303854
}