{
  "label": "plane",
  "ds_mm": 2.0,
  "scale": 1.122217784157029,
  "rot_deg": -7.9869762471112224,
  "dx_mm": 19.464849870182412,
  "dy_mm": -5.786787521507922
}