{
  "label": "plane",
  "ds_mm": 2.0,
  "min_det": 0.005380252562904632,
  "scale": 1.3609418723362212,
  "rot_deg": 29.013889401290314,
  "dx_mm": 10.830082598907076,
  "dy_mm": -29.999304779849286
}