{
  "label": "plane",
  "ds_mm": 2.0,
  "min_det": 0.006114989468345835,
  "scale": 0.771086874283528,
  "rot_deg": -38.60414179040782,
  "dx_mm": -13.591094141709362,
  "dy_mm": -2.2900984823270676
}