{
  "label": "plane",
  "ds_mm": 2.0,
  "scale": 0.9899326398385306,
  "rot_deg": -33.32471865913242,
  "dx_mm": 27.664757521761203,
  "dy_mm": -5.765302549616145
}