{
  "label": "plane",
  "ds_mm": 2.0,
  "scale": 1.2333880940210715,
  "rot_deg": -20.459698934415822,
  "dx_mm": -2.3787114986137823,
  "dy_mm": 17.453190387282064
}