{
  "label": "plane",
  "ds_mm": 2.0,
  "scale": 1.4049696171031822,
  "rot_deg": 28.341663498135446,
  "dx_mm": -14.99246133373716,
  "dy_mm": 15.378967854261298
}