{
  "label": "plane",
  "ds_mm": 2.0,
  "scale": 1.116639214227197,
  "rot_deg": -11.640572820967932,
  "dx_mm": 9.807060990657448,
  "dy_mm": 14.457887833972876
}