{
  "label": "plane",
  "ds_mm": 2.0,
  "scale": 1.487665257802329,
  "rot_deg": -41.50919498082749,
  "dx_mm": 22.866725447760402,
  "dy_mm": 3.229761143574464
}