{
  "label": "plane",
  "ds_mm": 2.0,
  "min_det": 0.005507183798786424,
  "scale": 1.172620556256791,
  "rot_deg": 22.094159669539778,
  "dx_mm": -22.81428122209489,
  "dy_mm": 29.188282433701495
}