{
  "label": "plane",
  "ds_mm": 2.0,
  "min_det": 0.005693363928340718,
  "scale": 0.6261885804977934,
  "rot_deg": 9.683146804945288,
  "dx_mm": 23.633164037232525,
  "dy_mm": 29.460974164407176
}