{
  "label": "plane",
  "ds_mm": 2.0,
  "scale": 1.200790161256696,
  "rot_deg": -34.25191870684203,
  "dx_mm": -5.141421044105336,
  "dy_mm": 9.64472843214866
}