{
  "label": "plane",
  "ds_mm": 2.0,
  "scale": 0.6848284648415912,
  "rot_deg": 12.919116432268048,
  "dx_mm": -28.46976300352126,
  "dy_mm": 1.125022227949536
}