{
  "label": "plane",
  "ds_mm": 2.0,
  "scale": 1.4461600822351248,
  "rot_deg": 28.095262050788605,
  "dx_mm": 16.300288753459206,
  "dy_mm": 2.893536310712207
}