{
  "label": "plane",
  "ds_mm": 2.0,
  "scale": 1.011164882974653,
  "rot_deg": 3.8743283922493106,
  "dx_mm": -4.311124750426554,
  "dy_mm": 6.898412501091016
}