{
  "label": "plane",
  "ds_mm": 2.0,
  "min_det": 0.00576785556132523,
  "scale": 0.8556317120322594,
  "rot_deg": -4.787275754769915,
  "dx_mm": 4.002961767730866,
  "dy_mm": -1.6544290263353751
}