{
  "label": "plane",
  "ds_mm": 2.0,
  "scale": 1.4661597458057454,
  "rot_deg": -35.67056114389852,
  "dx_mm": -8.465166635187444,
  "dy_mm": 29.723736357431363
}