{
  "label": "plane",
  "ds_mm": 2.0,
  "scale": 0.8665207753981374,
  "rot_deg": -13.763246322908376,
  "dx_mm": -4.936459446733586,
  "dy_mm": -17.862953895546156
}