{
  "label": "plane",
  "ds_mm": 2.0,
  "scale": 1.4301934999242623,
  "rot_deg": 11.368246291267525,
  "dx_mm": -5.768348045427658,
  "dy_mm": 28.8774180548737
}