{
  "label": "plane",
  "ds_mm": 2.0,
  "min_det": 0.005374429810368773,
  "scale": 1.2611634543270578,
  "rot_deg": 3.079821237211249,
  "dx_mm": 15.042951040365672,
  "dy_mm": 13.686720090905702
}