{
  "label": "plane",
  "ds_mm": 2.0,
  "scale": 1.3407603626923605,
  "rot_deg": 8.624668180622102,
  "dx_mm": 19.478613538337818,
  "dy_mm": -8.113442592849509
}