{
  "label": "plane",
  "ds_mm": 2.0,
  "scale": 1.2861321112040525,
  "rot_deg": -39.409645849349815,
  "dx_mm": 29.612997131663704,
  "dy_mm": -8.895925224060598
}