{
  "label": "plane",
  "ds_mm": 2.0,
  "min_det": 0.005828126907745287,
  "scale": 0.6773103015627423,
  "rot_deg": 36.037549223968114,
  "dx_mm": 11.44430435738537,
  "dy_mm": 15.606957098660487
}