{
  "label": "plane",
  "ds_mm": 2.0,
  "scale": 0.960196854222455,
  "rot_deg": 35.9571070840088,
  "dx_mm": 12.195029845420386,
  "dy_mm": 3.656323656433706
}