{
  "label": "plane",
  "ds_mm": 2.0,
  "min_det": 0.005755116343769966,
  "scale": 0.7399213748526108,
  "rot_deg": -15.108065557663352,
  "dx_mm": 18.77483035934668,
  "dy_mm": 12.479324490384911
}