{
  "label": "plane",
  "ds_mm": 2.0,
  "scale": 0.9540673732724507,
  "rot_deg": -8.47214486139272,
  "dx_mm": 2.495293848223831,
  "dy_mm": 9.720527275210905
}