{
  "label": "plane",
  "ds_mm": 2.0,
  "min_det": 0.0060583083610112115,
  "scale": 0.7974083646969093,
  "rot_deg": 25.906682228046023,
  "dx_mm": -13.476963995590395,
  "dy_mm": -3.7122676174838176
}