{
  "label": "plane",
  "ds_mm": 2.0,
  "min_det": 0.005566154648026784,
  "scale": 1.4339249313783944,
  "rot_deg": -43.57119969229102,
  "dx_mm": 0.22941120707506713,
  "dy_mm": 25.591292484099633
}