{
  "label": "plane",
  "ds_mm": 2.0,
  "min_det": 0.00545861707692556,
  "scale": 1.4069132890662206,
  "rot_deg": -22.32012238718263,
  "dx_mm": 5.441344673329766,
  "dy_mm": -15.421518953271116
}