{
  "label": "plane",
  "ds_mm": 2.0,
  "min_det": 0.005895734798425566,
  "scale": 0.8054550662083787,
  "rot_deg": 13.608254593534014,
  "dx_mm": -3.869802309062681,
  "dy_mm": -27.32509576345638
}