{
  "label": "plane",
  "ds_mm": 2.0,
  "min_det": 0.0057120566234437915,
  "scale": 1.2614219537192901,
  "rot_deg": -22.671524892916302,
  "dx_mm": -25.636351096913423,
  "dy_mm": 0.44569735764817864
}