{
  "label": "plane",
  "ds_mm": 2.0,
  "min_det": 0.0052928292041324685,
  "scale": 1.3933401203567102,
  "rot_deg": 33.952780031280724,
  "dx_mm": -14.440045591001017,
  "dy_mm": 2.2632271093366256
}