{
  "label": "plane",
  "ds_mm": 2.0,
  "scale": 1.2031784994926027,
  "rot_deg": -8.086814759477981,
  "dx_mm": 20.128544904414156,
  "dy_mm": -14.61804704182709
}