{
  "label": "plane",
  "ds_mm": 2.0,
  "min_det": 0.006096051920931296,
  "scale": 0.806285124587943,
  "rot_deg": 22.387727131373822,
  "dx_mm": -16.897823092562906,
  "dy_mm": -20.032317853437185
}