{
  "label": "plane",
  "ds_mm": 2.0,
  "scale": 1.021871657750621,
  "rot_deg": 36.52397222409935,
  "dx_mm": -13.709457871846588,
  "dy_mm": 15.53908223506506
}