{
  "label": "plane",
  "ds_mm": 2.0,
  "scale": 1.323028184760929,
  "rot_deg": 12.761038575489117,
  "dx_mm": -22.828604391523665,
  "dy_mm": 22.403427419533237
}