{
  "label": "plane",
  "ds_mm": 2.0,
  "min_det": 0.005417815398182749,
  "scale": 1.3140299200412198,
  "rot_deg": -8.017458363473033,
  "dx_mm": 29.926160699126328,
  "dy_mm": -20.359305274508994
}