{
  "label": "plane",
  "ds_mm": 2.0,
  "scale": 0.7240632090597953,
  "rot_deg": 3.5186392456285063,
  "dx_mm": 17.212172601272314,
  "dy_mm": 1.3759396606520085
}