{
  "label": "plane",
  "ds_mm": 2.0,
  "min_det": 0.00544076308138602,
  "scale": 1.4377643543449907,
  "rot_deg": -18.856621087192956,
  "dx_mm": 16.552656164221887,
  "dy_mm": 5.66771972827874
}