{
  "label": "plane",
  "ds_mm": 2.0,
  "min_det": 0.005535453406745086,
  "scale": 0.9688310920607874,
  "rot_deg": 5.571433888580231,
  "dx_mm": 27.351634846700932,
  "dy_mm": -27.346659067777047
}