{
  "label": "plane",
  "ds_mm": 2.0,
  "min_det": 0.0056982475148374765,
  "scale": 0.7829383159435621,
  "rot_deg": -18.529583769866022,
  "dx_mm": 22.69675048648142,
  "dy_mm": 26.763272285341813
}