{
  "label": "plane",
  "ds_mm": 2.0,
  "min_det": 0.005588394998360373,
  "scale": 1.2274608136637863,
  "rot_deg": 18.238707171231248,
  "dx_mm": -11.385830677875862,
  "dy_mm": -7.700931957078701
}