{
  "label": "plane",
  "ds_mm": 2.0,
  "min_det": 0.0058898182263878345,
  "scale": 0.7242864556514443,
  "rot_deg": -44.19835633874507,
  "dx_mm": 1.7806292241162822,
  "dy_mm": -26.667149146000543
}