{
  "label": "plane",
  "ds_mm": 2.0,
  "min_det": 0.005772695774229348,
  "scale": 0.8714271039040253,
  "rot_deg": -37.969748176027636,
  "dx_mm": 4.170209379869149,
  "dy_mm": -11.405320713811406
}