{
  "label": "plane",
  "ds_mm": 2.0,
  "scale": 0.9501785732372061,
  "rot_deg": -34.59973063294012,
  "dx_mm": 12.296229303669726,
  "dy_mm": -19.095965633065006
}