{
  "label": "plane",
  "ds_mm": 2.0,
  "min_det": 0.005355728351464342,
  "scale": 1.4840575110639995,
  "rot_deg": -4.602258884295715,
  "dx_mm": 11.336720183728467,
  "dy_mm": 13.18611637599706
}