{
  "label": "plane",
  "ds_mm": 2.0,
  "scale": 0.9550342622516566,
  "rot_deg": 27.896562333620025,
  "dx_mm": 11.565533986582288,
  "dy_mm": -24.632569468141853
}