{
  "label": "plane",
  "ds_mm": 2.0,
  "scale": 1.3827288719545545,
  "rot_deg": -24.503464509831243,
  "dx_mm": -11.816772056315664,
  "dy_mm": 2.331815154820106
}