{
  "label": "plane",
  "ds_mm": 2.0,
  "min_det": 0.005892343434521494,
  "scale": 0.7546526301589187,
  "rot_deg": 23.04982505078435,
  "dx_mm": 4.724884323588057,
  "dy_mm": -16.727752844088585
}