{
  "label": "plane",
  "ds_mm": 2.0,
  "min_det": 0.005326151001583232,
  "scale": 1.2548078388917707,
  "rot_deg": 25.278720848379805,
  "dx_mm": -12.21184532394258,
  "dy_mm": 21.896091957325297
}