{
  "label": "plane",
  "ds_mm": 2.0,
  "min_det": 0.00552052306726314,
  "scale": 1.1315808730992107,
  "rot_deg": 21.95526542440693,
  "dx_mm": 2.6030223860380772,
  "dy_mm": -2.428139396226449
}