{
  "label": "plane",
  "ds_mm": 2.0,
  "min_det": 0.005832022581405735,
  "scale": 1.1878175231604504,
  "rot_deg": 18.580660519454568,
  "dx_mm": -29.47751731239636,
  "dy_mm": -27.90509558838332
}