{
  "label": "plane",
  "ds_mm": 2.0,
  "min_det": 0.006153905798787113,
  "scale": 0.8999768575916547,
  "rot_deg": 37.82104391101589,
  "dx_mm": -19.361141784379072,
  "dy_mm": -28.685768929489612
}