{
  "label": "plane",
  "ds_mm": 2.0,
  "scale": 1.0770727786327616,
  "rot_deg": -13.851684414917592,
  "dx_mm": -21.932316415433363,
  "dy_mm": 11.254854197966509
}