{
  "label": "plane",
  "ds_mm": 2.0,
  "min_det": 0.005745669794616474,
  "scale": 1.101090054390506,
  "rot_deg": -14.302350180291445,
  "dx_mm": -12.84250805983919,
  "dy_mm": 28.236938547063666
}