{
  "label": "plane",
  "ds_mm": 2.0,
  "min_det": 0.005495586340768986,
  "scale": 1.4043017729096832,
  "rot_deg": -29.891399270859473,
  "dx_mm": 9.703928837965066,
  "dy_mm": 15.338539799067583
}