{
  "label": "plane",
  "ds_mm": 2.0,
  "min_det": 0.005614046347375665,
  "scale": 1.264693519002987,
  "rot_deg": -42.06096523180415,
  "dx_mm": 9.299841389734226,
  "dy_mm": 28.646314367876492
}