{
  "label": "plane",
  "ds_mm": 2.0,
  "scale": 0.9373391221774039,
  "rot_deg": -27.07820384224344,
  "dx_mm": 23.792805076370044,
  "dy_mm": 4.8009857265428195
}