{
  "label": "plane",
  "ds_mm": 2.0,
  "scale": 0.6478114749220123,
  "rot_deg": -44.20369834013247,
  "dx_mm": -8.076687456890358,
  "dy_mm": -18.652470871741208
}