{
  "label": "plane",
  "ds_mm": 2.0,
  "scale": 1.480694652246482,
  "rot_deg": -43.443517602166736,
  "dx_mm": -15.216001446961474,
  "dy_mm": -6.811011225595223
}