{
  "label": "plane",
  "ds_mm": 2.0,
  "scale": 0.6216164017749158,
  "rot_deg": 33.2954517304744,
  "dx_mm": 25.21589750208384,
  "dy_mm": -27.974266577172752
}