{
  "label": "plane",
  "ds_mm": 2.0,
  "min_det": 0.005552068700806055,
  "scale": 1.0622725204411596,
  "rot_deg": 24.28731689994939,
  "dx_mm": -2.869071086694113,
  "dy_mm": 11.640795280263369
}