{
  "label": "plane",
  "ds_mm": 2.0,
  "scale": 0.8141363076109266,
  "rot_deg": 38.767014707413864,
  "dx_mm": -26.919683033947155,
  "dy_mm": -7.832754034856457
}