{
  "label": "plane",
  "ds_mm": 2.0,
  "min_det": 0.005953042607738989,
  "scale": 1.0264149202397714,
  "rot_deg": -11.256816410582708,
  "dx_mm": -28.181642475834,
  "dy_mm": 21.663050214802446
}