{
  "label": "plane",
  "ds_mm": 2.0,
  "scale": 0.6600300739570836,
  "rot_deg": -30.079230907352162,
  "dx_mm": 10.506588231617712,
  "dy_mm": -14.637440575955193
}