{
  "label": "plane",
  "ds_mm": 2.0,
  "min_det": 0.005731304117790477,
  "scale": 1.0056622515455027,
  "rot_deg": -20.97774515001336,
  "dx_mm": -0.40580270151308895,
  "dy_mm": 12.093457582737344
}