{
  "label": "plane",
  "ds_mm": 2.0,
  "min_det": 0.0057135853121055465,
  "scale": 0.9805799679938361,
  "rot_deg": 25.99821016026152,
  "dx_mm": -3.5692536721912873,
  "dy_mm": -0.13205868947271426
}