{
  "label": "plane",
  "ds_mm": 2.0,
  "scale": 1.3582945653344707,
  "rot_deg": 31.53817353314068,
  "dx_mm": -29.0797466270551,
  "dy_mm": -4.538010903931543
}