{
  "label": "plane",
  "ds_mm": 2.0,
  "scale": 1.3687030402861438,
  "rot_deg": 22.8063142138017,
  "dx_mm": -13.768171439156692,
  "dy_mm": -9.129308441531776
}