{
  "label": "plane",
  "ds_mm": 2.0,
  "min_det": 0.005616403024170704,
  "scale": 0.9919227480754511,
  "rot_deg": -33.80836573554747,
  "dx_mm": 22.315191574093433,
  "dy_mm": 9.192322322706197
}