{
  "label": "plane",
  "ds_mm": 2.0,
  "min_det": 0.005895946721273381,
  "scale": 0.7822731591160494,
  "rot_deg": -10.692023174311544,
  "dx_mm": -1.6899112997616257,
  "dy_mm": 3.782993591328591
}