{
  "label": "plane",
  "ds_mm": 2.0,
  "scale": 0.6062627141851676,
  "rot_deg": 41.44129806612531,
  "dx_mm": 12.711014857352879,
  "dy_mm": 28.314174230815865
}