{
  "label": "plane",
  "ds_mm": 2.0,
  "scale": 1.4935115991290575,
  "rot_deg": -14.690837511626285,
  "dx_mm": 9.771636495337845,
  "dy_mm": 14.023227232741263
}