{
  "label": "plane",
  "ds_mm": 2.0,
  "min_det": 0.005662906738595421,
  "scale": 0.8466237378874297,
  "rot_deg": 1.4313110322160014,
  "dx_mm": 17.236721226563475,
  "dy_mm": -2.516936801010189
}