{
  "label": "plane",
  "ds_mm": 2.0,
  "min_det": 0.005661518470159838,
  "scale": 1.0348166063569795,
  "rot_deg": 28.761387163894057,
  "dx_mm": 5.4524052785246155,
  "dy_mm": -22.8180588976657
}