{
  "label": "plane",
  "ds_mm": 2.0,
  "min_det": 0.005290991441146461,
  "scale": 1.3234384183562842,
  "rot_deg": 12.24443198929798,
  "dx_mm": -1.0771431612953144,
  "dy_mm": 23.68059088272536
}