{
  "label": "plane",
  "ds_mm": 2.0,
  "min_det": 0.005825288437009191,
  "scale": 0.6923640358633314,
  "rot_deg": -20.904913297973515,
  "dx_mm": 13.520461376251731,
  "dy_mm": -6.612679405892283
}