{
  "label": "plane",
  "ds_mm": 2.0,
  "min_det": 0.005542494489711467,
  "scale": 1.0556410832375365,
  "rot_deg": -4.898713595198814,
  "dx_mm": 14.589341933136986,
  "dy_mm": 13.817095576312646
}