{
  "label": "plane",
  "ds_mm": 2.0,
  "min_det": 0.005525527310503313,
  "scale": 1.3590876335054198,
  "rot_deg": -34.850162298478,
  "dx_mm": 0.5203285847967791,
  "dy_mm": 4.464767369984166
}