{
  "label": "plane",
  "ds_mm": 2.0,
  "min_det": 0.006041393189447848,
  "scale": 0.619490059956065,
  "rot_deg": 15.57661258568966,
  "dx_mm": -0.0886242784195943,
  "dy_mm": 10.245158487918921
}