{
  "label": "plane",
  "ds_mm": 2.0,
  "scale": 1.127027315119681,
  "rot_deg": 21.377228013616687,
  "dx_mm": -9.487675109480946,
  "dy_mm": -4.902563864994143
}