{
  "label": "plane",
  "ds_mm": 2.0,
  "min_det": 0.005519312969145369,
  "scale": 1.2919229618788148,
  "rot_deg": 1.8762146891260088,
  "dx_mm": -7.788668367845272,
  "dy_mm": 11.466366475058337
}