{
  "label": "plane",
  "ds_mm": 2.0,
  "scale": 1.2796733861938137,
  "rot_deg": -5.245990743679975,
  "dx_mm": 23.50783269540547,
  "dy_mm": 14.735878532153741
}