{
  "label": "plane",
  "ds_mm": 2.0,
  "min_det": 0.005837090848729182,
  "scale": 0.8466367539110556,
  "rot_deg": 9.706144173938142,
  "dx_mm": -4.328544353966844,
  "dy_mm": 8.696043303508894
}