{
  "label": "plane",
  "ds_mm": 2.0,
  "min_det": 0.0062410972225332186,
  "scale": 0.7671061829552821,
  "rot_deg": -1.9687174666392693,
  "dx_mm": -29.16416676193277,
  "dy_mm": -2.296541762271545
}