{
  "label": "plane",
  "ds_mm": 2.0,
  "min_det": 0.005420161986231351,
  "scale": 1.2217413783266897,
  "rot_deg": 34.667134154875754,
  "dx_mm": -11.593796547614264,
  "dy_mm": 9.219999678726026
}