{
  "label": "plane",
  "ds_mm": 2.0,
  "min_det": 0.0059454479052088545,
  "scale": 0.9055276735094326,
  "rot_deg": 4.835500644966011,
  "dx_mm": -23.311239897445827,
  "dy_mm": 29.9598842559487
}