{
  "label": "plane",
  "ds_mm": 2.0,
  "min_det": 0.005603387393663477,
  "scale": 1.3067161587550644,
  "rot_deg": 15.363531207413466,
  "dx_mm": -14.505477269484395,
  "dy_mm": -27.59041492764069
}