{
  "label": "plane",
  "ds_mm": 2.0,
  "min_det": 0.005743988682993213,
  "scale": 0.8854868228442463,
  "rot_deg": -32.073085104004306,
  "dx_mm": 15.39236180312858,
  "dy_mm": 19.78381504446363
}