{
  "label": "plane",
  "ds_mm": 2.0,
  "scale": 0.8436634039469066,
  "rot_deg": 1.3691542402977674,
  "dx_mm": -22.04925276225098,
  "dy_mm": -8.436205555448012
}