{
  "label": "plane",
  "ds_mm": 2.0,
  "min_det": 0.0055240542355517825,
  "scale": 1.1825079275029444,
  "rot_deg": 2.5312530830626514,
  "dx_mm": -1.1110037504083081,
  "dy_mm": 16.862597831448916
}