{
  "label": "plane",
  "ds_mm": 2.0,
  "scale": 1.1432295661350576,
  "rot_deg": -24.340257161726978,
  "dx_mm": 29.46000750572074,
  "dy_mm": 17.14464874712442
}