{
  "label": "plane",
  "ds_mm": 2.0,
  "min_det": 0.005349766136805679,
  "scale": 1.158864000046785,
  "rot_deg": 12.103056464500277,
  "dx_mm": 7.184420111271223,
  "dy_mm": 26.218903413493564
}