{
  "label": "plane",
  "ds_mm": 2.0,
  "scale": 0.6973660463612854,
  "rot_deg": 26.253994585150693,
  "dx_mm": 19.80280855569452,
  "dy_mm": 12.139421920347225
}