{
  "label": "plane",
  "ds_mm": 2.0,
  "min_det": 0.006289392504112173,
  "scale": 0.6893983644849667,
  "rot_deg": 38.087656704138354,
  "dx_mm": -22.496055326966175,
  "dy_mm": 22.803412409163364
}