{
  "label": "plane",
  "ds_mm": 2.0,
  "scale": 0.9436728987539469,
  "rot_deg": -22.797276202696132,
  "dx_mm": -10.83660517858451,
  "dy_mm": -12.069128265849493
}