{
  "label": "plane",
  "ds_mm": 2.0,
  "min_det": 0.006001721424706011,
  "scale": 0.8375417422633881,
  "rot_deg": -10.742779433995032,
  "dx_mm": -16.967744833776138,
  "dy_mm": 0.6729591753837987
}