{
  "label": "plane",
  "ds_mm": 2.0,
  "min_det": 0.00581290926768883,
  "scale": 1.1032652361942246,
  "rot_deg": -2.3113505148684936,
  "dx_mm": -25.482967467784235,
  "dy_mm": 21.72151590536967
}