{
  "label": "plane",
  "ds_mm": 2.0,
  "scale": 1.2985290946993695,
  "rot_deg": 38.990529391542296,
  "dx_mm": -20.492599412473812,
  "dy_mm": -28.63061589264339
}