{
  "label": "plane",
  "ds_mm": 2.0,
  "min_det": 0.005727678043216365,
  "scale": 0.9468231998623619,
  "rot_deg": 9.46563692995933,
  "dx_mm": -0.35345197092855685,
  "dy_mm": -4.3269349598995035
}