{
  "label": "plane",
  "ds_mm": 2.0,
  "scale": 1.4779834487980048,
  "rot_deg": 44.97251456632978,
  "dx_mm": -21.593475052034044,
  "dy_mm": -17.08165404894749
}