{
  "label": "plane",
  "ds_mm": 2.0,
  "min_det": 0.005870945566739521,
  "scale": 0.8041843046049839,
  "rot_deg": -36.341338843866836,
  "dx_mm": 9.531989982677857,
  "dy_mm": 16.110775046525013
}