{
  "label": "plane",
  "ds_mm": 2.0,
  "min_det": 0.0052964241741415945,
  "scale": 1.4537968587845396,
  "rot_deg": 35.155940381774286,
  "dx_mm": -21.574905190499294,
  "dy_mm": 0.32972457705853486
}