{
  "label": "plane",
  "ds_mm": 2.0,
  "scale": 1.2245055785185808,
  "rot_deg": 20.514911863201974,
  "dx_mm": 25.62436891382012,
  "dy_mm": -16.13392461481901
}