{
  "label": "plane",
  "ds_mm": 2.0,
  "min_det": 0.005485037442975009,
  "scale": 1.1984514092098957,
  "rot_deg": 1.831326822764673,
  "dx_mm": 16.831495922539695,
  "dy_mm": -25.469925824145307
}