{
  "label": "plane",
  "ds_mm": 2.0,
  "min_det": 0.005356829169814614,
  "scale": 1.4972804570551324,
  "rot_deg": 14.54409460360177,
  "dx_mm": 6.881338977532941,
  "dy_mm": -24.669511801497485
}