{
  "label": "plane",
  "ds_mm": 2.0,
  "min_det": 0.005521176105361653,
  "scale": 1.4769921944701814,
  "rot_deg": -23.044309521054124,
  "dx_mm": -22.75399758482572,
  "dy_mm": -14.921147700323514
}