{
  "label": "plane",
  "ds_mm": 2.0,
  "scale": 1.4666029782899253,
  "rot_deg": 1.0282086561460844,
  "dx_mm": -8.370107125781455,
  "dy_mm": 21.109950430387862
}