{
  "label": "plane",
  "ds_mm": 2.0,
  "scale": 0.7656100943253823,
  "rot_deg": -22.158921816338758,
  "dx_mm": -19.67842728542913,
  "dy_mm": 4.799393332168883
}