{
  "label": "plane",
  "ds_mm": 2.0,
  "min_det": 0.005736143851228257,
  "scale": 1.2201409240861345,
  "rot_deg": -4.70727316271045,
  "dx_mm": -27.1175410442965,
  "dy_mm": -9.446107983869219
}