{
  "label": "plane",
  "ds_mm": 2.0,
  "min_det": 0.004911020548396362,
  "scale": 1.489694429862536,
  "rot_deg": 36.81009039471843,
  "dx_mm": -22.442034705145037,
  "dy_mm": 22.246084949164967
}