{
  "label": "plane",
  "ds_mm": 2.0,
  "min_det": 0.0061945308128447205,
  "scale": 0.8084130077855589,
  "rot_deg": -20.327690065786356,
  "dx_mm": -24.332106495038367,
  "dy_mm": 22.488033937864365
}