{
  "label": "plane",
  "ds_mm": 2.0,
  "min_det": 0.0053561149218087694,
  "scale": 1.2117486614080804,
  "rot_deg": 22.877093390548325,
  "dx_mm": -7.778328090587028,
  "dy_mm": 22.100708861237017
}