{
  "label": "plane",
  "ds_mm": 2.0,
  "min_det": 0.005852959423940505,
  "scale": 0.7198141776740772,
  "rot_deg": -31.863437191870364,
  "dx_mm": 16.33973150587554,
  "dy_mm": 14.978084081004717
}