{
  "label": "plane",
  "ds_mm": 2.0,
  "min_det": 0.005554315570587846,
  "scale": 1.1959595052051024,
  "rot_deg": -36.64472673904244,
  "dx_mm": 22.913035124403507,
  "dy_mm": 26.56055212270283
}