{
  "label": "plane",
  "ds_mm": 2.0,
  "scale": 0.7394840186864513,
  "rot_deg": -28.89151375625589,
  "dx_mm": 7.995714665668189,
  "dy_mm": 20.588818353976265
}