{
  "label": "plane",
  "ds_mm": 2.0,
  "min_det": 0.0059952300553523285,
  "scale": 1.137228599892615,
  "rot_deg": 40.5764975551008,
  "dx_mm": -25.775611045824597,
  "dy_mm": -29.90000023390689
}