{
  "label": "plane",
  "ds_mm": 2.0,
  "min_det": 0.00549757159588387,
  "scale": 1.1240273153840796,
  "rot_deg": -35.00104626577805,
  "dx_mm": 16.00362711968804,
  "dy_mm": -20.309949191862277
}