{
  "label": "plane",
  "ds_mm": 2.0,
  "min_det": 0.005950341061299201,
  "scale": 0.9387134490273719,
  "rot_deg": -31.346388718553463,
  "dx_mm": -24.480545633661237,
  "dy_mm": -15.700898525191286
}