{
  "label": "plane",
  "ds_mm": 2.0,
  "scale": 0.7630417038819396,
  "rot_deg": 16.95043982659262,
  "dx_mm": 14.345315572129579,
  "dy_mm": -20.644688053891294
}