{
  "label": "plane",
  "ds_mm": 2.0,
  "min_det": 0.005868673495672596,
  "scale": 0.7917592205772783,
  "rot_deg": -28.519331049677056,
  "dx_mm": -5.776525332420842,
  "dy_mm": -22.740765853753174
}