{
  "label": "plane",
  "ds_mm": 2.0,
  "scale": 0.7576442789084311,
  "rot_deg": 4.740286846112902,
  "dx_mm": 24.04730536302766,
  "dy_mm": 9.247425394734776
}