{
  "label": "plane",
  "ds_mm": 2.0,
  "scale": 1.3378407414164202,
  "rot_deg": 30.376135343680076,
  "dx_mm": -24.771501373301923,
  "dy_mm": -10.929971679179712
}