{
  "label": "plane",
  "ds_mm": 2.0,
  "scale": 1.280743983239731,
  "rot_deg": 0.9819823891160837,
  "dx_mm": 1.0255316413503763,
  "dy_mm": -19.737682474257134
}