{
  "label": "plane",
  "ds_mm": 2.0,
  "scale": 1.3029548380194846,
  "rot_deg": 33.60150853766939,
  "dx_mm": 1.4027202856072591,
  "dy_mm": -12.41130199448087
}