{
  "label": "plane",
  "ds_mm": 2.0,
  "scale": 0.8209126655864054,
  "rot_deg": -44.286688046231745,
  "dx_mm": 15.012859877030102,
  "dy_mm": 22.20362285677617
}