{
  "label": "plane",
  "ds_mm": 2.0,
  "scale": 1.3299239494950927,
  "rot_deg": -30.039957039377057,
  "dx_mm": 1.1867889456910667,
  "dy_mm": -7.564309130651463
}