{
  "label": "plane",
  "ds_mm": 2.0,
  "scale": 1.0853305147410721,
  "rot_deg": 20.22278304077534,
  "dx_mm": 4.490643196684594,
  "dy_mm": -6.939823568662582
}