{
  "label": "plane",
  "ds_mm": 2.0,
  "scale": 0.6581187988495864,
  "rot_deg": 12.275695535790042,
  "dx_mm": 28.566886979370025,
  "dy_mm": -16.468549768414533
}