{
  "label": "plane",
  "ds_mm": 2.0,
  "min_det": 0.005363095362114934,
  "scale": 1.2199926542632697,
  "rot_deg": 15.525376472196214,
  "dx_mm": 5.303500078134768,
  "dy_mm": 13.894486732986536
}