{
  "label": "plane",
  "ds_mm": 2.0,
  "min_det": 0.004782733351784301,
  "scale": 1.4425217518087496,
  "rot_deg": 43.368316994427175,
  "dx_mm": 4.088315226415169,
  "dy_mm": 11.433777331965885
}