{
  "label": "plane",
  "ds_mm": 2.0,
  "scale": 1.358935755388823,
  "rot_deg": 27.8312214417639,
  "dx_mm": -29.53147013727766,
  "dy_mm": -12.759823563709148
}