{
  "label": "plane",
  "ds_mm": 2.0,
  "scale": 1.162755661379302,
  "rot_deg": -20.926926696324756,
  "dx_mm": -11.181866542719106,
  "dy_mm": 18.610794579673076
}