{
  "label": "plane",
  "ds_mm": 2.0,
  "min_det": 0.005850974532828836,
  "scale": 0.6637235188797108,
  "rot_deg": -11.817317518320834,
  "dx_mm": 14.370058658475386,
  "dy_mm": 12.868611630897426
}