{
  "label": "plane",
  "ds_mm": 2.0,
  "min_det": 0.006055279527028451,
  "scale": 0.6128083722267793,
  "rot_deg": -24.605653056852578,
  "dx_mm": -2.584579543285102,
  "dy_mm": -15.32642058002635
}