{
  "label": "plane",
  "ds_mm": 2.0,
  "scale": 0.9074862617331767,
  "rot_deg": 35.28377251778571,
  "dx_mm": -17.893242304145005,
  "dy_mm": 18.53792546825023
}