{
  "label": "plane",
  "ds_mm": 2.0,
  "scale": 0.881395939318694,
  "rot_deg": -13.991605860716348,
  "dx_mm": 10.462803123047905,
  "dy_mm": 2.268073725007909
}