{
  "label": "plane",
  "ds_mm": 2.0,
  "scale": 1.4665503420895947,
  "rot_deg": -9.267750679073309,
  "dx_mm": -28.660173409047523,
  "dy_mm": 13.965238987409045
}