{
  "label": "plane",
  "ds_mm": 2.0,
  "scale": 1.1477205465449343,
  "rot_deg": 39.602361712273265,
  "dx_mm": -17.925915574165348,
  "dy_mm": 24.75747624384303
}