{
  "label": "plane",
  "ds_mm": 2.0,
  "scale": 1.4967882518725586,
  "rot_deg": 25.839186709202608,
  "dx_mm": -2.5979739229663004,
  "dy_mm": 9.242311261740163
}