{
  "label": "plane",
  "ds_mm": 2.0,
  "scale": 0.8517941158185045,
  "rot_deg": -16.890878240076262,
  "dx_mm": 11.49923288137677,
  "dy_mm": -16.326236964790944
}