{
  "label": "plane",
  "ds_mm": 2.0,
  "min_det": 0.005438889420600776,
  "scale": 1.1670936112599697,
  "rot_deg": 43.29096387961613,
  "dx_mm": -23.555566965215487,
  "dy_mm": 23.687337649118298
}