{
  "label": "plane",
  "ds_mm": 2.0,
  "min_det": 0.005853119089620798,
  "scale": 0.8365951621018437,
  "rot_deg": -30.91600384495813,
  "dx_mm": 7.263895141149213,
  "dy_mm": 23.83973472797205
}