{
  "label": "plane",
  "ds_mm": 2.0,
  "scale": 0.6688840581196099,
  "rot_deg": 16.306482330875667,
  "dx_mm": 0.014407643553731475,
  "dy_mm": -27.093807571226925
}