{
  "label": "plane",
  "ds_mm": 2.0,
  "min_det": 0.0061295413422823115,
  "scale": 0.7524618777987245,
  "rot_deg": 37.18606254501108,
  "dx_mm": -18.986564192174,
  "dy_mm": 21.03647122052589
}