{
  "label": "plane",
  "ds_mm": 2.0,
  "scale": 0.734706256920345,
  "rot_deg": 31.629711323206806,
  "dx_mm": -29.432856099245225,
  "dy_mm": -18.569461710243292
}