{
  "label": "plane",
  "ds_mm": 2.0,
  "min_det": 0.005914203548420246,
  "scale": 1.0469801827711809,
  "rot_deg": -31.333966245349863,
  "dx_mm": -19.526718407788557,
  "dy_mm": 16.040594655403133
}