{
  "label": "plane",
  "ds_mm": 2.0,
  "scale": 0.6794454713407245,
  "rot_deg": 38.55289374835468,
  "dx_mm": -4.945930819053764,
  "dy_mm": 27.73706520221736
}