{
  "label": "plane",
  "ds_mm": 2.0,
  "scale": 0.9363311885761121,
  "rot_deg": 43.321621933441335,
  "dx_mm": 29.24754860156734,
  "dy_mm": -21.806256841707636
}