{
  "label": "plane",
  "ds_mm": 2.0,
  "min_det": 0.0055253747903949,
  "scale": 1.2601120215147534,
  "rot_deg": -33.46710204888854,
  "dx_mm": 5.6263364284941915,
  "dy_mm": -4.257741982002809
}