{
  "label": "plane",
  "ds_mm": 2.0,
  "min_det": 0.005496505090524025,
  "scale": 1.4748281365159328,
  "rot_deg": -13.209826698368087,
  "dx_mm": -6.898833343449475,
  "dy_mm": 7.250807157001972
}