{
  "label": "plane",
  "ds_mm": 2.0,
  "min_det": 0.005497672864606505,
  "scale": 1.4161223778091383,
  "rot_deg": 4.9563317865420515,
  "dx_mm": -17.27439989689426,
  "dy_mm": 7.317703425083266
}