{
  "label": "plane",
  "ds_mm": 2.0,
  "scale": 1.0456471747755538,
  "rot_deg": 27.916125964799306,
  "dx_mm": 7.070494394699182,
  "dy_mm": 27.914223436342297
}