{
  "label": "plane",
  "ds_mm": 2.0,
  "scale": 1.1467799585102085,
  "rot_deg": 39.17524022213391,
  "dx_mm": 13.958440761845168,
  "dy_mm": -16.854726331576472
}