{
  "label": "plane",
  "ds_mm": 2.0,
  "scale": 1.0615335227350293,
  "rot_deg": 8.76128905269448,
  "dx_mm": -19.020722786465395,
  "dy_mm": 27.94049576201523
}