{
  "label": "plane",
  "ds_mm": 2.0,
  "min_det": 0.005684151845704046,
  "scale": 0.908380373197121,
  "rot_deg": -32.11954705152044,
  "dx_mm": 21.808905255660477,
  "dy_mm": 21.8136269423159
}