{
  "label": "plane",
  "ds_mm": 2.0,
  "min_det": 0.0053606781034639455,
  "scale": 1.4691965180004336,
  "rot_deg": 29.266063584859012,
  "dx_mm": -6.307302594194773,
  "dy_mm": -20.938685814864023
}