{
  "label": "plane",
  "ds_mm": 2.0,
  "scale": 0.7463207488102286,
  "rot_deg": 24.34564395712333,
  "dx_mm": 5.548730939234055,
  "dy_mm": 3.3047223179618896
}