{
  "label": "plane",
  "ds_mm": 2.0,
  "scale": 0.810418152232203,
  "rot_deg": -44.47636065170642,
  "dx_mm": 5.218072988208732,
  "dy_mm": 16.2390655496893
}