{
  "label": "plane",
  "ds_mm": 2.0,
  "min_det": 0.006139773065242506,
  "scale": 0.7260648532291212,
  "rot_deg": -42.3884624512561,
  "dx_mm": -11.3119753704763,
  "dy_mm": -7.423012498387539
}