{
  "label": "plane",
  "ds_mm": 2.0,
  "scale": 0.6756423526199041,
  "rot_deg": -18.925136599546693,
  "dx_mm": 29.879662008417384,
  "dy_mm": -3.1211159103100385
}