{
  "label": "plane",
  "ds_mm": 2.0,
  "scale": 0.7347669239282368,
  "rot_deg": 5.4627445628216265,
  "dx_mm": 18.416990821725143,
  "dy_mm": -15.02139987339109
}