{
  "label": "plane",
  "ds_mm": 2.0,
  "scale": 0.6448916701542126,
  "rot_deg": 40.96747991658776,
  "dx_mm": 11.305557500759377,
  "dy_mm": -10.029590747033811
}