{
  "label": "plane",
  "ds_mm": 2.0,
  "scale": 0.9307297931526339,
  "rot_deg": 3.8413412764648527,
  "dx_mm": -8.744756944348463,
  "dy_mm": 12.09202067075622
}