{
  "label": "plane",
  "ds_mm": 2.0,
  "scale": 0.9915098837722304,
  "rot_deg": 41.54611120954439,
  "dx_mm": -0.12924248637950697,
  "dy_mm": -11.729457974891897
}