{
  "label": "plane",
  "ds_mm": 2.0,
  "min_det": 0.004821686765931669,
  "scale": 1.4467255814665192,
  "rot_deg": 26.157567078064233,
  "dx_mm": 25.450878977258952,
  "dy_mm": 14.147861731707899
}