{
  "label": "plane",
  "ds_mm": 2.0,
  "min_det": 0.00576346150870336,
  "scale": 0.8831011922625305,
  "rot_deg": 33.975894356643934,
  "dx_mm": 2.699894835433426,
  "dy_mm": 0.13262365302474777
}