{
  "label": "plane",
  "ds_mm": 2.0,
  "scale": 1.068036284534761,
  "rot_deg": 29.340095069897103,
  "dx_mm": 25.45047541590005,
  "dy_mm": -22.229097021796925
}