{
  "label": "plane",
  "ds_mm": 2.0,
  "scale": 1.0353153665416162,
  "rot_deg": 6.60707305214985,
  "dx_mm": 20.466150631965746,
  "dy_mm": 11.035068650084021
}