{
  "label": "plane",
  "ds_mm": 2.0,
  "min_det": 0.005667079475019697,
  "scale": 1.1864394389462656,
  "rot_deg": -22.800766554071505,
  "dx_mm": -18.904958888897113,
  "dy_mm": -15.270538913572498
}