{
  "label": "plane",
  "ds_mm": 2.0,
  "scale": 1.1268015364731525,
  "rot_deg": 18.85869728525475,
  "dx_mm": -15.791075070986347,
  "dy_mm": -28.8320558513563
}