{
  "label": "plane",
  "ds_mm": 2.0,
  "min_det": 0.005417814660750762,
  "scale": 1.2748985200370364,
  "rot_deg": -4.346023053761513,
  "dx_mm": 24.1839619118833,
  "dy_mm": -3.263456297635269
}