{
  "label": "plane",
  "ds_mm": 2.0,
  "min_det": 0.005602213991488794,
  "scale": 1.2856156544166315,
  "rot_deg": -28.956157566451736,
  "dx_mm": -8.38751554972195,
  "dy_mm": 4.288743238998634
}