{
  "label": "plane",
  "ds_mm": 2.0,
  "scale": 1.4035297043174682,
  "rot_deg": 30.945436932312077,
  "dx_mm": 0.9197371192032158,
  "dy_mm": -1.2123417130939593
}