{
  "label": "plane",
  "ds_mm": 2.0,
  "scale": 1.4519687121526572,
  "rot_deg": -31.09689239080417,
  "dx_mm": -12.258201651266933,
  "dy_mm": 28.952940136254703
}