{
  "label": "plane",
  "ds_mm": 2.0,
  "scale": 1.4828579118718026,
  "rot_deg": 9.812679706626284,
  "dx_mm": -27.37018246202069,
  "dy_mm": -12.58218171141323
}