{
  "label": "plane",
  "ds_mm": 2.0,
  "min_det": 0.0060550286434610115,
  "scale": 0.6834279312988361,
  "rot_deg": 17.003252098483884,
  "dx_mm": -6.513432041924393,
  "dy_mm": 7.54691719434679
}