{
  "label": "plane",
  "ds_mm": 2.0,
  "min_det": 0.00567797242346104,
  "scale": 0.7611658437777681,
  "rot_deg": -24.47923151430705,
  "dx_mm": 21.359215682538043,
  "dy_mm": -19.452405483110617
}