{
  "label": "plane",
  "ds_mm": 2.0,
  "min_det": 0.0056666605006993305,
  "scale": 0.9663580584833985,
  "rot_deg": -35.57793921048092,
  "dx_mm": 21.780870343416062,
  "dy_mm": 23.255150132005078
}