{
  "label": "plane",
  "ds_mm": 2.0,
  "min_det": 0.005815264490724722,
  "scale": 0.8274106467884063,
  "rot_deg": 38.25553419070904,
  "dx_mm": 13.904122202269562,
  "dy_mm": -26.128287505192713
}