{
  "label": "plane",
  "ds_mm": 2.0,
  "min_det": 0.005908652954460908,
  "scale": 0.6293318945027412,
  "rot_deg": 18.88456490566373,
  "dx_mm": 11.65452391704357,
  "dy_mm": 0.43646525224163213
}