{
  "label": "plane",
  "ds_mm": 2.0,
  "min_det": 0.005468016520696584,
  "scale": 1.4560467593565862,
  "rot_deg": -24.216741604460264,
  "dx_mm": 9.571797864142368,
  "dy_mm": 10.643130350300986
}