{
  "label": "plane",
  "ds_mm": 2.0,
  "min_det": 0.006025872243437953,
  "scale": 0.7127702215606053,
  "rot_deg": 17.049042686959694,
  "dx_mm": -11.590999470257827,
  "dy_mm": 25.077173840973465
}