{
  "label": "plane",
  "ds_mm": 2.0,
  "scale": 1.0784039269409158,
  "rot_deg": 36.580024432645814,
  "dx_mm": -16.874730805910225,
  "dy_mm": -0.9561456947403393
}