{
  "label": "plane",
  "ds_mm": 2.0,
  "scale": 1.2670611714588018,
  "rot_deg": 34.521181931971,
  "dx_mm": -8.386826936269308,
  "dy_mm": -14.905474423933116
}