{
  "label": "plane",
  "ds_mm": 2.0,
  "scale": 1.3446474863951339,
  "rot_deg": -43.54331534493462,
  "dx_mm": 0.41112014640005157,
  "dy_mm": -3.3846987285794157
}