{
  "label": "plane",
  "ds_mm": 2.0,
  "min_det": 0.005742907177979369,
  "scale": 0.8564797488352884,
  "rot_deg": -23.112615963276138,
  "dx_mm": 13.675215676029772,
  "dy_mm": 22.902849193364887
}