{
  "label": "plane",
  "ds_mm": 2.0,
  "min_det": 0.0056999171287617405,
  "scale": 1.0333028294765685,
  "rot_deg": -0.6853572302019018,
  "dx_mm": -6.596623957644518,
  "dy_mm": -23.55251257289239
}