{
  "label": "plane",
  "ds_mm": 2.0,
  "scale": 0.6059959669380366,
  "rot_deg": 33.952632424816215,
  "dx_mm": -12.138974993689366,
  "dy_mm": -11.665892450730151
}