{
  "label": "plane",
  "ds_mm": 2.0,
  "min_det": 0.005685221059279921,
  "scale": 0.9417267143197032,
  "rot_deg": -42.506794767981546,
  "dx_mm": 21.061745542996192,
  "dy_mm": 10.513668044203712
}