{
  "label": "plane",
  "ds_mm": 2.0,
  "min_det": 0.005608066923916526,
  "scale": 1.0210294870658618,
  "rot_deg": -39.572947455114196,
  "dx_mm": 17.683483543158346,
  "dy_mm": -1.890691957379154
}