{
  "label": "plane",
  "ds_mm": 2.0,
  "scale": 0.9555277330618307,
  "rot_deg": 18.115070434172814,
  "dx_mm": 28.999633744314494,
  "dy_mm": -5.886262892829357
}