{
  "label": "plane",
  "ds_mm": 2.0,
  "scale": 0.7124408044387942,
  "rot_deg": 31.133035555283527,
  "dx_mm": -9.552941410931545,
  "dy_mm": 2.1384288689504345
}