{
  "label": "plane",
  "ds_mm": 2.0,
  "min_det": 0.00572744468710619,
  "scale": 0.886955677103313,
  "rot_deg": -42.215100535440975,
  "dx_mm": 23.396094772389645,
  "dy_mm": 19.36532180717662
}