{
  "label": "plane",
  "ds_mm": 2.0,
  "scale": 1.3975271851041458,
  "rot_deg": 29.12946041026929,
  "dx_mm": 11.690013444752331,
  "dy_mm": -0.9020749854658163
}