{
  "label": "plane",
  "ds_mm": 2.0,
  "min_det": 0.006338483119110723,
  "scale": 0.8112209764874314,
  "rot_deg": -37.75204057569947,
  "dx_mm": -25.088347150371952,
  "dy_mm": 26.28282133338343
}