{
  "label": "plane",
  "ds_mm": 2.0,
  "scale": 1.0647160813531649,
  "rot_deg": -7.076843678487506,
  "dx_mm": 21.291509347526024,
  "dy_mm": 20.516220599344642
}