{
  "label": "plane",
  "ds_mm": 2.0,
  "min_det": 0.00574598591604239,
  "scale": 0.7965879701414688,
  "rot_deg": -6.132685370418152,
  "dx_mm": 11.807456194862944,
  "dy_mm": -6.130380056248924
}