{
  "label": "plane",
  "ds_mm": 2.0,
  "scale": 1.30934246706842,
  "rot_deg": 8.26749751239938,
  "dx_mm": -8.030286021661816,
  "dy_mm": -15.383560932741872
}