{
  "label": "plane",
  "ds_mm": 2.0,
  "scale": 0.761679250593583,
  "rot_deg": 27.02095833878451,
  "dx_mm": 12.16576380914534,
  "dy_mm": 0.7962108288957417
}