{
  "label": "plane",
  "ds_mm": 2.0,
  "scale": 1.304128563191305,
  "rot_deg": -15.00284979261038,
  "dx_mm": 24.675910087664008,
  "dy_mm": -25.14143223929942
}