{
  "label": "plane",
  "ds_mm": 2.0,
  "scale": 1.3062776872037505,
  "rot_deg": -5.194289664775184,
  "dx_mm": 4.923346844593517,
  "dy_mm": -5.119877800384348
}