{
  "label": "plane",
  "ds_mm": 2.0,
  "scale": 0.7905321126255183,
  "rot_deg": 2.721762742782701,
  "dx_mm": 3.2835406347669363,
  "dy_mm": 28.646623893462504
}