{
  "label": "plane",
  "ds_mm": 2.0,
  "scale": 0.8821467192100355,
  "rot_deg": 2.535110235683625,
  "dx_mm": -22.08079642868734,
  "dy_mm": 27.686870380860228
}