{
  "label": "plane",
  "ds_mm": 2.0,
  "scale": 1.1526535988489282,
  "rot_deg": -17.79179501178127,
  "dx_mm": 13.971898915684037,
  "dy_mm": -27.713433218671828
}