{
  "label": "plane",
  "ds_mm": 2.0,
  "scale": 1.4407853287694443,
  "rot_deg": -27.00339768526587,
  "dx_mm": 2.129080689289644,
  "dy_mm": 29.945976340750434
}