{
  "label": "plane",
  "ds_mm": 2.0,
  "scale": 1.188103660834452,
  "rot_deg": 27.713151778570747,
  "dx_mm": -27.323028247062496,
  "dy_mm": -3.992068070529605
}