{
  "label": "plane",
  "ds_mm": 2.0,
  "scale": 1.0600172590598094,
  "rot_deg": -30.84566671272774,
  "dx_mm": -11.921928210047884,
  "dy_mm": -19.136478015851324
}