{
  "label": "plane",
  "ds_mm": 2.0,
  "scale": 0.9912238705420995,
  "rot_deg": 27.89669138124833,
  "dx_mm": 19.130091953920697,
  "dy_mm": -5.541516009258778
}