{
  "label": "plane",
  "ds_mm": 2.0,
  "scale": 1.3285592954612995,
  "rot_deg": -26.076864517412872,
  "dx_mm": 20.707984149792807,
  "dy_mm": -12.53456058235087
}