{
  "label": "plane",
  "ds_mm": 2.0,
  "scale": 1.4809639094405411,
  "rot_deg": -17.715933286725978,
  "dx_mm": 29.389411328641245,
  "dy_mm": -14.381984319751602
}