{
  "label": "plane",
  "ds_mm": 2.0,
  "scale": 1.0311491273721476,
  "rot_deg": 24.14673411477895,
  "dx_mm": 23.51923633862357,
  "dy_mm": -9.428839003740556
}