{
  "label": "plane",
  "ds_mm": 2.0,
  "min_det": 0.005329938063206415,
  "scale": 1.494320694707858,
  "rot_deg": 12.443686792306757,
  "dx_mm": -15.52169694936876,
  "dy_mm": 13.526368596837095
}