{
  "label": "plane",
  "ds_mm": 2.0,
  "min_det": 0.0058369581377080365,
  "scale": 0.8986483579968274,
  "rot_deg": 29.504414400553884,
  "dx_mm": -7.147683678392912,
  "dy_mm": 3.2473493877137045
}