{
  "label": "plane",
  "ds_mm": 2.0,
  "min_det": 0.00598071217560774,
  "scale": 0.7551064689244367,
  "rot_deg": 13.431605362228964,
  "dx_mm": -13.167752731569198,
  "dy_mm": 28.234032909750553
}