{
  "label": "plane",
  "ds_mm": 2.0,
  "min_det": 0.005914798232026824,
  "scale": 0.7744500387983201,
  "rot_deg": -21.959630368716677,
  "dx_mm": -4.406804129509155,
  "dy_mm": -9.687746912185492
}