{
  "label": "plane",
  "ds_mm": 2.0,
  "min_det": 0.005231516656438607,
  "scale": 1.3677127861498124,
  "rot_deg": 37.42313398649411,
  "dx_mm": -0.02650207877509203,
  "dy_mm": -4.755820975928554
}