{
  "label": "plane",
  "ds_mm": 2.0,
  "scale": 1.4225286361531178,
  "rot_deg": 11.179263164404183,
  "dx_mm": -25.79498877005661,
  "dy_mm": -27.816633725152382
}