{
  "label": "plane",
  "ds_mm": 2.0,
  "min_det": 0.005990006185766491,
  "scale": 0.9394101677610698,
  "rot_deg": 6.515763469481861,
  "dx_mm": -25.625639186466618,
  "dy_mm": -12.376546276043936
}