{
  "label": "plane",
  "ds_mm": 2.0,
  "scale": 0.9639472322865857,
  "rot_deg": 20.966292641918855,
  "dx_mm": -23.7510096918467,
  "dy_mm": -23.691338948482056
}