{
  "label": "plane",
  "ds_mm": 2.0,
  "scale": 1.0248249890318728,
  "rot_deg": 39.9588383408355,
  "dx_mm": -23.755390281037897,
  "dy_mm": 23.757510001635268
}