{
  "label": "plane",
  "ds_mm": 2.0,
  "min_det": 0.005757976007594519,
  "scale": 1.0113431400416548,
  "rot_deg": -8.068280349105805,
  "dx_mm": -8.880048551144899,
  "dy_mm": 0.25828800802694474
}