{
  "label": "plane",
  "ds_mm": 2.0,
  "scale": 1.2888994403724312,
  "rot_deg": 44.38804722189437,
  "dx_mm": 23.84444034191789,
  "dy_mm": 20.441980086326815
}