{
  "label": "plane",
  "ds_mm": 2.0,
  "min_det": 0.005437383948927202,
  "scale": 1.3428159169866853,
  "rot_deg": -14.454339634465768,
  "dx_mm": 22.0923066623551,
  "dy_mm": -19.60918774808306
}