{
  "label": "plane",
  "ds_mm": 2.0,
  "scale": 0.775429411802632,
  "rot_deg": 12.360061911813602,
  "dx_mm": 26.196506593096423,
  "dy_mm": -24.91751631744443
}