{
  "label": "plane",
  "ds_mm": 2.0,
  "scale": 1.1517576271786263,
  "rot_deg": 1.5529168985558428,
  "dx_mm": -14.622121676041145,
  "dy_mm": 19.432230556002374
}