{
  "label": "plane",
  "ds_mm": 2.0,
  "min_det": 0.005873558518607973,
  "scale": 0.7170822095059844,
  "rot_deg": 37.74503950356335,
  "dx_mm": 14.078236269688652,
  "dy_mm": -9.45750287450575
}