{
  "label": "plane",
  "ds_mm": 2.0,
  "min_det": 0.0056909409163726,
  "scale": 1.1713400638917801,
  "rot_deg": -23.126688947121707,
  "dx_mm": -16.536525019360703,
  "dy_mm": -6.479032534658479
}