{
  "label": "plane",
  "ds_mm": 2.0,
  "min_det": 0.0062484977894403755,
  "scale": 0.7541861871098259,
  "rot_deg": -36.75823591318425,
  "dx_mm": -17.13773423000253,
  "dy_mm": 16.032562096888448
}