{
  "label": "plane",
  "ds_mm": 2.0,
  "min_det": 0.005548808251641721,
  "scale": 1.0160557824490133,
  "rot_deg": 7.324721996862586,
  "dx_mm": 20.625415426753236,
  "dy_mm": -29.403668328234513
}