{
  "label": "plane",
  "ds_mm": 2.0,
  "scale": 0.939681292298786,
  "rot_deg": -43.32580514520335,
  "dx_mm": 11.988345926937974,
  "dy_mm": -3.503994987694796
}