{
  "label": "plane",
  "ds_mm": 2.0,
  "min_det": 0.005378102124990582,
  "scale": 1.4051559816840613,
  "rot_deg": 37.042583294753555,
  "dx_mm": -16.972337949540986,
  "dy_mm": -6.7307638886514845
}