{
  "label": "plane",
  "ds_mm": 2.0,
  "scale": 0.9545758347232195,
  "rot_deg": -31.13386681909651,
  "dx_mm": 3.003349412724674,
  "dy_mm": 4.148776507198228
}