{
  "label": "plane",
  "ds_mm": 2.0,
  "scale": 0.6699974159270905,
  "rot_deg": -32.83734434037421,
  "dx_mm": -10.810577451243159,
  "dy_mm": 2.7014846891096056
}