{
  "label": "plane",
  "ds_mm": 2.0,
  "min_det": 0.005796120505122171,
  "scale": 0.6898455443318712,
  "rot_deg": 28.53854902917014,
  "dx_mm": 21.92489001466356,
  "dy_mm": -18.377314847730666
}