{
  "label": "plane",
  "ds_mm": 2.0,
  "min_det": 0.005691519090027854,
  "scale": 0.9847131466229482,
  "rot_deg": 0.42320240769852546,
  "dx_mm": -0.035612409436286185,
  "dy_mm": 6.52296709475246
}