{
  "label": "plane",
  "ds_mm": 2.0,
  "min_det": 0.005693309575731931,
  "scale": 0.9369713904296595,
  "rot_deg": -27.182542100121598,
  "dx_mm": 1.3838243614676955,
  "dy_mm": -18.987138170782067
}