{
  "label": "plane",
  "ds_mm": 2.0,
  "min_det": 0.005776634178143156,
  "scale": 1.1659098837718722,
  "rot_deg": 4.154849554540405,
  "dx_mm": -26.056437570455422,
  "dy_mm": -7.045791145432283
}