{
  "label": "plane",
  "ds_mm": 2.0,
  "min_det": 0.0056459319151332486,
  "scale": 0.7363597816172375,
  "rot_deg": 28.79567694125238,
  "dx_mm": 17.411480124620603,
  "dy_mm": 20.288488298380194
}