{
  "label": "plane",
  "ds_mm": 2.0,
  "scale": 1.1478358686881012,
  "rot_deg": -6.741273254944957,
  "dx_mm": 25.457659119093158,
  "dy_mm": -12.240783242644731
}