{
  "label": "plane",
  "ds_mm": 2.0,
  "min_det": 0.005636080205054001,
  "scale": 1.0041560031429753,
  "rot_deg": 29.4934706387088,
  "dx_mm": -0.054958216599700904,
  "dy_mm": 2.3662934244058036
}