{
  "label": "plane",
  "ds_mm": 2.0,
  "scale": 1.0795795608988994,
  "rot_deg": 7.408378198050038,
  "dx_mm": 21.345814903243593,
  "dy_mm": -1.1660076240448056
}