{
  "label": "plane",
  "ds_mm": 2.0,
  "min_det": 0.005770600295535866,
  "scale": 0.7702725568423696,
  "rot_deg": -1.791783881293867,
  "dx_mm": 11.427235759968639,
  "dy_mm": -0.6746180256457386
}