{
  "label": "plane",
  "ds_mm": 2.0,
  "min_det": 0.005473136868453096,
  "scale": 1.480487434381966,
  "rot_deg": -16.387719111675636,
  "dx_mm": -11.555711233676465,
  "dy_mm": -25.824752070848653
}