{
  "label": "plane",
  "ds_mm": 2.0,
  "min_det": 0.005375607359355471,
  "scale": 1.4328062671177342,
  "rot_deg": 4.855770290657084,
  "dx_mm": -11.708316677749465,
  "dy_mm": 24.03356513758159
}