{
  "label": "plane",
  "ds_mm": 2.0,
  "scale": 1.2301341366621326,
  "rot_deg": 24.520109466294755,
  "dx_mm": -4.850984603291238,
  "dy_mm": 0.796418252991554
}