{
  "label": "plane",
  "ds_mm": 2.0,
  "min_det": 0.005564073325566993,
  "scale": 1.072705922518706,
  "rot_deg": -29.392044678173587,
  "dx_mm": 17.543779724389225,
  "dy_mm": -3.277718445527949
}