{
  "label": "plane",
  "ds_mm": 2.0,
  "min_det": 0.005999756231485252,
  "scale": 1.0572850067181583,
  "rot_deg": -43.37954532768728,
  "dx_mm": -27.34463957055549,
  "dy_mm": 0.7994607534681961
}