{
  "label": "plane",
  "ds_mm": 2.0,
  "min_det": 0.006336526202876411,
  "scale": 0.9160958875248069,
  "rot_deg": 42.44944000846266,
  "dx_mm": -28.83858815100109,
  "dy_mm": -28.866602739657097
}