{
  "label": "plane",
  "ds_mm": 2.0,
  "min_det": 0.005509250174893879,
  "scale": 1.233665000984341,
  "rot_deg": -18.995185851421102,
  "dx_mm": 6.793914238038198,
  "dy_mm": -18.379694493149294
}