{
  "label": "plane",
  "ds_mm": 2.0,
  "min_det": 0.005563287895416153,
  "scale": 1.2253674722696646,
  "rot_deg": -11.491937544016174,
  "dx_mm": -6.732529975083295,
  "dy_mm": -26.66480894628149
}