{
  "label": "plane",
  "ds_mm": 2.0,
  "min_det": 0.00585330585673691,
  "scale": 1.0007371456361018,
  "rot_deg": -11.444857077170347,
  "dx_mm": -16.862321253183996,
  "dy_mm": 29.149041006691327
}