{
  "label": "plane",
  "ds_mm": 2.0,
  "min_det": 0.00561753831109862,
  "scale": 1.295562577455258,
  "rot_deg": -43.87465990481679,
  "dx_mm": -7.223529838099353,
  "dy_mm": 5.051225614262016
}