{
  "label": "plane",
  "ds_mm": 2.0,
  "scale": 0.9548128187121842,
  "rot_deg": -26.038462451480935,
  "dx_mm": 22.56611288302627,
  "dy_mm": 9.09180228136006
}