{
  "label": "plane",
  "ds_mm": 2.0,
  "scale": 0.7895530878600969,
  "rot_deg": 7.685523810657848,
  "dx_mm": 6.820827944745062,
  "dy_mm": 25.013810403370456
}