{
  "label": "plane",
  "ds_mm": 2.0,
  "min_det": 0.0055699453592766655,
  "scale": 1.435600109069219,
  "rot_deg": -25.478691425958054,
  "dx_mm": -11.272313067006277,
  "dy_mm": 20.478526882346614
}