{
  "label": "plane",
  "ds_mm": 2.0,
  "min_det": 0.0055529576770786526,
  "scale": 1.2147560102834771,
  "rot_deg": -36.18045737740248,
  "dx_mm": 21.832104963174146,
  "dy_mm": 28.789295628041984
}