{
  "label": "plane",
  "ds_mm": 2.0,
  "scale": 1.0612174974422324,
  "rot_deg": -15.43919632335298,
  "dx_mm": 8.263926194948048,
  "dy_mm": 22.740505257100708
}