{
  "label": "plane",
  "ds_mm": 2.0,
  "min_det": 0.00625836021486722,
  "scale": 0.6433073566946134,
  "rot_deg": -42.7248729752307,
  "dx_mm": -12.310868812555455,
  "dy_mm": -8.531144971756806
}