{
  "label": "plane",
  "ds_mm": 2.0,
  "scale": 0.9280096727958649,
  "rot_deg": -23.367457480689946,
  "dx_mm": 15.75859610591823,
  "dy_mm": -7.774892423984202
}