{
  "label": "plane",
  "ds_mm": 2.0,
  "scale": 1.0145348361369861,
  "rot_deg": 19.462755395387973,
  "dx_mm": 28.299627275266175,
  "dy_mm": 5.550838273981341
}