{
  "label": "plane",
  "ds_mm": 2.0,
  "scale": 0.9718303657076974,
  "rot_deg": -28.60914030410091,
  "dx_mm": -14.424923375985736,
  "dy_mm": 12.922624268318152
}