{
  "label": "plane",
  "ds_mm": 2.0,
  "min_det": 0.005911710172501614,
  "scale": 0.9059747264831246,
  "rot_deg": -12.50283728777768,
  "dx_mm": -14.418613488370722,
  "dy_mm": 4.381238281264302
}