{
  "label": "plane",
  "ds_mm": 2.0,
  "scale": 0.8181363363668831,
  "rot_deg": 41.862091810134515,
  "dx_mm": 19.358609485218054,
  "dy_mm": 23.27185499130055
}