{
  "label": "plane",
  "ds_mm": 2.0,
  "min_det": 0.0059711791202018685,
  "scale": 0.6254924766034544,
  "rot_deg": 13.472807913024013,
  "dx_mm": 5.147275779962094,
  "dy_mm": 7.2925015255722485
}