{
  "label": "plane",
  "ds_mm": 2.0,
  "min_det": 0.005137144285737489,
  "scale": 1.2906351836036059,
  "rot_deg": 39.304003748312155,
  "dx_mm": 5.235772231749024,
  "dy_mm": 6.851794784889783
}