{
  "label": "plane",
  "ds_mm": 2.0,
  "min_det": 0.005318969547746777,
  "scale": 1.4158963965140123,
  "rot_deg": 7.5208102397056535,
  "dx_mm": -11.673882262171055,
  "dy_mm": 29.600571301543667
}