{
  "label": "plane",
  "ds_mm": 2.0,
  "min_det": 0.005543286562926741,
  "scale": 1.0627680724473922,
  "rot_deg": -17.630282388244378,
  "dx_mm": 22.36841898731918,
  "dy_mm": 12.545564246829073
}