{
  "label": "plane",
  "ds_mm": 2.0,
  "scale": 1.2702824372092063,
  "rot_deg": -40.66816297024265,
  "dx_mm": -18.34724590848581,
  "dy_mm": 21.84798656259707
}