{
  "label": "plane",
  "ds_mm": 2.0,
  "scale": 1.0509950776059982,
  "rot_deg": 40.41363452920042,
  "dx_mm": 6.622653393228383,
  "dy_mm": -16.32985383141537
}