{
  "label": "plane",
  "ds_mm": 2.0,
  "scale": 1.315389813991898,
  "rot_deg": 20.04406541449042,
  "dx_mm": 28.54497626591462,
  "dy_mm": -20.70908102107731
}