{
  "label": "plane",
  "ds_mm": 2.0,
  "min_det": 0.005642727061270476,
  "scale": 1.1383089682646075,
  "rot_deg": -3.9857249410124638,
  "dx_mm": -10.608299202592907,
  "dy_mm": 26.605798354796207
}