{
  "label": "plane",
  "ds_mm": 2.0,
  "min_det": 0.005511164427882677,
  "scale": 1.3096816681573646,
  "rot_deg": -32.39125316928903,
  "dx_mm": -17.273520540581895,
  "dy_mm": -29.7857699407585
}