{
  "label": "plane",
  "ds_mm": 2.0,
  "scale": 0.8651715473377454,
  "rot_deg": 7.267839943871813,
  "dx_mm": -19.783589725038734,
  "dy_mm": 25.06503068211567
}