{
  "label": "plane",
  "ds_mm": 2.0,
  "min_det": 0.005730472731084945,
  "scale": 0.906347199351716,
  "rot_deg": -10.05053630604835,
  "dx_mm": 4.88825071861941,
  "dy_mm": 4.505858295905995
}