{
  "label": "plane",
  "ds_mm": 2.0,
  "scale": 1.2377812508403738,
  "rot_deg": 38.35986124898534,
  "dx_mm": -14.010599551864637,
  "dy_mm": -1.0369495991552427
}