{
  "label": "plane",
  "ds_mm": 2.0,
  "min_det": 0.005120658659727177,
  "scale": 1.3425344209279437,
  "rot_deg": 39.32285612499278,
  "dx_mm": -10.593297038389824,
  "dy_mm": 14.66359378013751
}