{
  "label": "plane",
  "ds_mm": 2.0,
  "min_det": 0.005742119861430204,
  "scale": 1.0520303414721048,
  "rot_deg": -28.145861964889267,
  "dx_mm": -5.218090356757347,
  "dy_mm": 7.031014560604326
}