{
  "label": "plane",
  "ds_mm": 2.0,
  "scale": 0.9530020269824817,
  "rot_deg": 29.656934363244815,
  "dx_mm": -1.9410078791771284,
  "dy_mm": -11.183826119850515
}