{
  "label": "plane",
  "ds_mm": 2.0,
  "scale": 1.4273364689222074,
  "rot_deg": -38.05236809579993,
  "dx_mm": -1.1849329071718948,
  "dy_mm": -15.212532118902864
}