{
  "label": "plane",
  "ds_mm": 2.0,
  "scale": 0.9176649460916501,
  "rot_deg": 12.793719627856603,
  "dx_mm": 22.877374821843034,
  "dy_mm": -18.485763975077703
}