{
  "label": "plane",
  "ds_mm": 2.0,
  "scale": 0.7943351573148529,
  "rot_deg": -6.3844733817705475,
  "dx_mm": 12.961695152110316,
  "dy_mm": -4.186816655607398
}