{
  "label": "plane",
  "ds_mm": 2.0,
  "min_det": 0.005934052036515417,
  "scale": 0.9454276894777501,
  "rot_deg": -11.321298414726428,
  "dx_mm": -26.60969756530997,
  "dy_mm": -20.94830691374467
}