{
  "label": "plane",
  "ds_mm": 2.0,
  "scale": 1.1234632382480076,
  "rot_deg": 7.054199800575006,
  "dx_mm": -21.345932716197822,
  "dy_mm": -18.82008558440208
}