{
  "label": "plane",
  "ds_mm": 2.0,
  "scale": 0.9999363851127299,
  "rot_deg": 14.288493974854788,
  "dx_mm": -24.91108820586314,
  "dy_mm": -26.57532954895752
}