{
  "label": "plane",
  "ds_mm": 2.0,
  "min_det": 0.005233155039561605,
  "scale": 1.4106954945096941,
  "rot_deg": 18.969098170366927,
  "dx_mm": 3.449826854590526,
  "dy_mm": 5.877496454482312
}