{
  "label": "plane",
  "ds_mm": 2.0,
  "min_det": 0.006192240220076547,
  "scale": 0.8273261641520218,
  "rot_deg": -10.333941018738479,
  "dx_mm": -29.4107912024783,
  "dy_mm": 13.690396826580383
}