{
  "label": "plane",
  "ds_mm": 2.0,
  "scale": 0.8572295291000058,
  "rot_deg": -30.88536036659483,
  "dx_mm": -21.925706405413727,
  "dy_mm": 0.9885313390591612
}