{
  "label": "plane",
  "ds_mm": 2.0,
  "min_det": 0.005455558739609317,
  "scale": 1.325600431049716,
  "rot_deg": -9.06698931314957,
  "dx_mm": 14.36607862225172,
  "dy_mm": -2.0456158653836383
}