{
  "label": "plane",
  "ds_mm": 2.0,
  "min_det": 0.005630901073660783,
  "scale": 0.9485499172335106,
  "rot_deg": 21.23654550597061,
  "dx_mm": 14.22775898831933,
  "dy_mm": -17.31216809999374
}