{
  "label": "plane",
  "ds_mm": 2.0,
  "scale": 1.3438729565126954,
  "rot_deg": 2.0985870515302807,
  "dx_mm": 4.6129810308220485,
  "dy_mm": -19.62597127021702
}