{
  "label": "plane",
  "ds_mm": 2.0,
  "min_det": 0.005828994347407808,
  "scale": 1.0607284980452745,
  "rot_deg": -39.78986182670998,
  "dx_mm": -6.183573992200241,
  "dy_mm": 19.32753647290602
}