{
  "label": "plane",
  "ds_mm": 2.0,
  "scale": 1.0557780044211758,
  "rot_deg": 40.81093060796583,
  "dx_mm": 10.733971105852,
  "dy_mm": -9.097621245617994
}