{
  "label": "plane",
  "ds_mm": 2.0,
  "min_det": 0.006039841679619593,
  "scale": 0.7133122773486306,
  "rot_deg": -10.308137479999417,
  "dx_mm": -7.317839914402914,
  "dy_mm": 18.588224865992117
}