{
  "label": "plane",
  "ds_mm": 2.0,
  "scale": 1.235814257578637,
  "rot_deg": 20.66165422957077,
  "dx_mm": -18.294011569881697,
  "dy_mm": -6.472891974099035
}