{
  "label": "plane",
  "ds_mm": 2.0,
  "scale": 0.8593703122288384,
  "rot_deg": -24.528124052745273,
  "dx_mm": -3.3933325105131615,
  "dy_mm": -12.966076546074436
}