{
  "label": "plane",
  "ds_mm": 2.0,
  "min_det": 0.005657643400621879,
  "scale": 0.9922594167647358,
  "rot_deg": 11.194744519139213,
  "dx_mm": -6.887637662148393,
  "dy_mm": 23.686111718304673
}