{
  "label": "plane",
  "ds_mm": 2.0,
  "min_det": 0.005480139424901545,
  "scale": 1.4525691331457047,
  "rot_deg": 4.201480424565894,
  "dx_mm": -5.7487129901196425,
  "dy_mm": -29.1347478581964
}