{
  "label": "plane",
  "ds_mm": 2.0,
  "scale": 1.1022049759426937,
  "rot_deg": 3.3266491828242053,
  "dx_mm": 7.86093837241684,
  "dy_mm": 0.6696230517238071
}