{
  "label": "plane",
  "ds_mm": 2.0,
  "min_det": 0.00543235440481137,
  "scale": 1.1001679526494623,
  "rot_deg": 26.684871026413276,
  "dx_mm": 10.08331496524508,
  "dy_mm": 3.556373176870707
}