{
  "label": "plane",
  "ds_mm": 2.0,
  "min_det": 0.005815006392155289,
  "scale": 0.6914764604393586,
  "rot_deg": -5.742795157393388,
  "dx_mm": 10.9637293607164,
  "dy_mm": -20.74678524659337
}