{
  "label": "plane",
  "ds_mm": 2.0,
  "min_det": 0.005496807354819488,
  "scale": 1.0422092581048301,
  "rot_deg": -19.325403265823336,
  "dx_mm": 28.884458445238607,
  "dy_mm": -21.114514825762242
}