{
  "label": "plane",
  "ds_mm": 2.0,
  "scale": 1.2548735108712343,
  "rot_deg": -9.884519153841339,
  "dx_mm": -25.18424791551812,
  "dy_mm": 6.21960233755042
}