{
  "label": "plane",
  "ds_mm": 2.0,
  "scale": 0.9345897930740523,
  "rot_deg": -7.932239561046465,
  "dx_mm": 24.55585161478278,
  "dy_mm": -17.333147373358045
}