{
  "label": "plane",
  "ds_mm": 2.0,
  "scale": 1.0619090046986635,
  "rot_deg": -20.594043278727924,
  "dx_mm": 20.261018001359005,
  "dy_mm": 8.954932401093785
}