{
  "label": "plane",
  "ds_mm": 2.0,
  "min_det": 0.00609685879829019,
  "scale": 0.8240503937372895,
  "rot_deg": -18.575379339976976,
  "dx_mm": -18.8642302268038,
  "dy_mm": 27.383383360203503
}