{
  "label": "plane",
  "ds_mm": 2.0,
  "scale": 0.8630921730163112,
  "rot_deg": 14.817172687272226,
  "dx_mm": 0.6565415627363755,
  "dy_mm": -27.615507414805577
}