{
  "label": "plane",
  "ds_mm": 2.0,
  "scale": 1.3147441858156619,
  "rot_deg": -43.38754354356613,
  "dx_mm": 21.269678675106206,
  "dy_mm": -23.526737716273615
}