{
  "label": "plane",
  "ds_mm": 2.0,
  "min_det": 0.005355324463103323,
  "scale": 1.4987958250321056,
  "rot_deg": -12.903222752921579,
  "dx_mm": 24.445692158563794,
  "dy_mm": 17.674958160046266
}