{
  "label": "plane",
  "ds_mm": 2.0,
  "scale": 1.4676562620313836,
  "rot_deg": -0.147909924427708,
  "dx_mm": 8.756367503831832,
  "dy_mm": 7.341246088676463
}