{
  "label": "plane",
  "ds_mm": 2.0,
  "min_det": 0.005076823252229169,
  "scale": 1.3306085133556553,
  "rot_deg": 27.007123304713375,
  "dx_mm": 26.981993707378855,
  "dy_mm": 1.0373118437713238
}