{
  "label": "plane",
  "ds_mm": 2.0,
  "min_det": 0.004977241226729482,
  "scale": 1.446129020529886,
  "rot_deg": 40.96607787595157,
  "dx_mm": -16.414353757291906,
  "dy_mm": 15.176362661585088
}