{
  "label": "plane",
  "ds_mm": 2.0,
  "scale": 0.8521635444299296,
  "rot_deg": 22.332277271268197,
  "dx_mm": 23.3338026973927,
  "dy_mm": -26.74082498729466
}