{
  "label": "plane",
  "ds_mm": 2.0,
  "scale": 1.3621987679933114,
  "rot_deg": 36.84348651826997,
  "dx_mm": 14.871317051455556,
  "dy_mm": 0.5079938194093572
}