{
  "label": "plane",
  "ds_mm": 2.0,
  "min_det": 0.005417060528259279,
  "scale": 1.4933690944843687,
  "rot_deg": -19.064499077749748,
  "dx_mm": 22.368869526499886,
  "dy_mm": -4.082915641317484
}