{
  "label": "plane",
  "ds_mm": 2.0,
  "scale": 0.6409100228567396,
  "rot_deg": -11.440203916062124,
  "dx_mm": -19.127523599012292,
  "dy_mm": 22.050993156160295
}