{
  "label": "plane",
  "ds_mm": 2.0,
  "scale": 0.6161008983172406,
  "rot_deg": 23.628083957489608,
  "dx_mm": 16.029341383734113,
  "dy_mm": -6.919421192951475
}