{
  "label": "plane",
  "ds_mm": 2.0,
  "min_det": 0.005484364875393465,
  "scale": 1.374884730698286,
  "rot_deg": -15.806151580031557,
  "dx_mm": 5.664529678000363,
  "dy_mm": -4.225255808637094
}