{
  "label": "plane",
  "ds_mm": 2.0,
  "scale": 1.361086202392799,
  "rot_deg": 4.20182598387521,
  "dx_mm": 18.98018476361679,
  "dy_mm": -20.472246691341766
}