{
  "label": "plane",
  "ds_mm": 2.0,
  "min_det": 0.006027933766825224,
  "scale": 0.7526898877897255,
  "rot_deg": 21.76637109350223,
  "dx_mm": -7.517975640726334,
  "dy_mm": -10.785347943450418
}