{
  "label": "plane",
  "ds_mm": 2.0,
  "min_det": 0.005080849609899701,
  "scale": 1.3582451166934097,
  "rot_deg": 40.87546577004825,
  "dx_mm": 25.79099789629761,
  "dy_mm": -13.910089333064953
}