{
  "label": "plane",
  "ds_mm": 2.0,
  "min_det": 0.005909557379090752,
  "scale": 0.6753168629064,
  "rot_deg": 22.087313437311195,
  "dx_mm": 4.914034606332727,
  "dy_mm": 12.1300187285741
}