{
  "label": "plane",
  "ds_mm": 2.0,
  "min_det": 0.005814527771111237,
  "scale": 0.7747241232428348,
  "rot_deg": 8.124062379728215,
  "dx_mm": 5.986704568390245,
  "dy_mm": 0.16672865253532976
}