{
  "label": "plane",
  "ds_mm": 2.0,
  "scale": 0.7563785414121668,
  "rot_deg": -30.195890998672734,
  "dx_mm": -27.820626849655323,
  "dy_mm": 27.2561513401834
}