{
  "label": "plane",
  "ds_mm": 2.0,
  "min_det": 0.00574399936304374,
  "scale": 1.1265915646393243,
  "rot_deg": -31.165256535646737,
  "dx_mm": -5.367754944649544,
  "dy_mm": 25.692966263116816
}