{
  "label": "plane",
  "ds_mm": 2.0,
  "scale": 0.644556429976018,
  "rot_deg": 19.229118356724328,
  "dx_mm": 18.899714289487164,
  "dy_mm": 11.695746547661358
}