{
  "label": "plane",
  "ds_mm": 2.0,
  "scale": 1.148517896159412,
  "rot_deg": 5.171745590901011,
  "dx_mm": 3.4866184892931216,
  "dy_mm": -5.271597792130542
}