{
  "label": "plane",
  "ds_mm": 2.0,
  "scale": 1.3688929055368595,
  "rot_deg": -34.10675014857294,
  "dx_mm": -6.256211887873956,
  "dy_mm": 0.31413705339149445
}