{
  "label": "plane",
  "ds_mm": 2.0,
  "min_det": 0.0057945552114020285,
  "scale": 0.6984114304108595,
  "rot_deg": -39.615627432420425,
  "dx_mm": 28.486515668128405,
  "dy_mm": 14.922734599289903
}