{
  "label": "plane",
  "ds_mm": 2.0,
  "scale": 1.3869684402463478,
  "rot_deg": 38.9298892419185,
  "dx_mm": 2.624996206437821,
  "dy_mm": -25.817553283655112
}