{
  "label": "plane",
  "ds_mm": 2.0,
  "min_det": 0.005673062739252963,
  "scale": 0.9488110880886782,
  "rot_deg": 40.225139242325966,
  "dx_mm": 7.1764768906978915,
  "dy_mm": -3.758304134634482
}