{
  "label": "plane",
  "ds_mm": 2.0,
  "scale": 1.4997236796662143,
  "rot_deg": -5.09018021526709,
  "dx_mm": 16.96712169379247,
  "dy_mm": 16.0849041136033
}