{
  "label": "plane",
  "ds_mm": 2.0,
  "scale": 0.6633259569750287,
  "rot_deg": -15.070629337251479,
  "dx_mm": -27.8135488457894,
  "dy_mm": 27.79788768012925
}