{
  "label": "plane",
  "ds_mm": 2.0,
  "scale": 1.3338851605880588,
  "rot_deg": 40.09065124182327,
  "dx_mm": -18.823331098283063,
  "dy_mm": 23.004999883118813
}