{
  "label": "plane",
  "ds_mm": 2.0,
  "min_det": 0.006012808163232886,
  "scale": 0.8078638251641257,
  "rot_deg": -11.583704428525337,
  "dx_mm": -21.164292357520907,
  "dy_mm": -23.668401958801688
}