{
  "label": "plane",
  "ds_mm": 2.0,
  "min_det": 0.005941541929551747,
  "scale": 0.8218270798678962,
  "rot_deg": 33.171481143193304,
  "dx_mm": -8.185883400401202,
  "dy_mm": 6.595977056586499
}