{
  "label": "plane",
  "ds_mm": 2.0,
  "min_det": 0.005525731115289201,
  "scale": 1.3403400491385264,
  "rot_deg": -4.049610557300056,
  "dx_mm": -8.5505070030937,
  "dy_mm": 12.490034858750072
}