{
  "label": "plane",
  "ds_mm": 2.0,
  "min_det": 0.006051513441466133,
  "scale": 0.7985522408931328,
  "rot_deg": 30.308791704611963,
  "dx_mm": -8.521170494155161,
  "dy_mm": -28.055204183225534
}