{
  "label": "plane",
  "ds_mm": 2.0,
  "min_det": 0.005635851492695091,
  "scale": 1.2979382328193105,
  "rot_deg": -7.2037211766674005,
  "dx_mm": -19.85176906466058,
  "dy_mm": -5.580049923436203
}