{
  "label": "plane",
  "ds_mm": 2.0,
  "min_det": 0.005518855691163811,
  "scale": 1.4347433967891656,
  "rot_deg": -40.086671949901685,
  "dx_mm": -19.78193403292168,
  "dy_mm": -12.014894196786212
}