{
  "label": "plane",
  "ds_mm": 2.0,
  "min_det": 0.0054307501372445124,
  "scale": 1.466952985118679,
  "rot_deg": -23.07470956572668,
  "dx_mm": 21.44580660532465,
  "dy_mm": 16.292649327082472
}