{
  "label": "plane",
  "ds_mm": 2.0,
  "min_det": 0.005995774828852124,
  "scale": 0.7640637699835755,
  "rot_deg": 25.828558305657182,
  "dx_mm": -5.943781994283139,
  "dy_mm": -2.5685999541068796
}