{
  "label": "plane",
  "ds_mm": 2.0,
  "min_det": 0.005539813259952516,
  "scale": 1.2460772616993614,
  "rot_deg": -3.377741164664414,
  "dx_mm": 0.8170016856279396,
  "dy_mm": -7.890533044090397
}