{
  "label": "plane",
  "ds_mm": 2.0,
  "min_det": 0.005805379372117514,
  "scale": 1.0897731412551295,
  "rot_deg": 18.92068619418611,
  "dx_mm": -25.321677053815367,
  "dy_mm": 6.954052816383559
}