{
  "label": "plane",
  "ds_mm": 2.0,
  "scale": 0.6994334445469339,
  "rot_deg": 13.09895320036128,
  "dx_mm": -10.942139223141364,
  "dy_mm": 16.67823408776262
}