{
  "label": "plane",
  "ds_mm": 2.0,
  "min_det": 0.005872032949524522,
  "scale": 1.0464789873137548,
  "rot_deg": 15.459404465787756,
  "dx_mm": -22.242637193561563,
  "dy_mm": -18.68234225609573
}