{
  "label": "plane",
  "ds_mm": 2.0,
  "min_det": 0.005925189326411033,
  "scale": 0.9534476105867198,
  "rot_deg": -6.879958957052786,
  "dx_mm": -20.35271024712281,
  "dy_mm": 11.924413067206181
}