{
  "label": "plane",
  "ds_mm": 2.0,
  "scale": 1.2198781480370369,
  "rot_deg": -30.00701368126476,
  "dx_mm": 22.62097032642174,
  "dy_mm": 5.601125893491549
}