{
  "label": "plane",
  "ds_mm": 2.0,
  "min_det": 0.0057322973913272336,
  "scale": 0.6329690676862862,
  "rot_deg": -2.806502386315003,
  "dx_mm": 24.533446518294056,
  "dy_mm": 26.544723999564027
}