{
  "label": "plane",
  "ds_mm": 2.0,
  "min_det": 0.006028199001006863,
  "scale": 0.7213256316849054,
  "rot_deg": -19.106266224662463,
  "dx_mm": -11.261997809175575,
  "dy_mm": -14.56912166279212
}