{
  "label": "plane",
  "ds_mm": 2.0,
  "scale": 1.3738104996524623,
  "rot_deg": -34.75973186421104,
  "dx_mm": -19.595201342898054,
  "dy_mm": -7.704930558935192
}