{
  "label": "plane",
  "ds_mm": 2.0,
  "scale": 0.8652910861963562,
  "rot_deg": 12.424174305650332,
  "dx_mm": -12.884711809531645,
  "dy_mm": 6.94288574576094
}