{
  "label": "plane",
  "ds_mm": 2.0,
  "scale": 0.9996523096218306,
  "rot_deg": 15.469695043340117,
  "dx_mm": 21.33045835836387,
  "dy_mm": -18.805165627925327
}