{
  "label": "plane",
  "ds_mm": 2.0,
  "scale": 1.2477712384606297,
  "rot_deg": 37.79116491983338,
  "dx_mm": -22.041048407861197,
  "dy_mm": 20.844936483251793
}