{
  "label": "plane",
  "ds_mm": 2.0,
  "min_det": 0.005692275179221974,
  "scale": 0.8727949319418774,
  "rot_deg": 24.77622107910871,
  "dx_mm": 12.753312948745837,
  "dy_mm": -9.76142142452008
}