{
  "label": "plane",
  "ds_mm": 2.0,
  "min_det": 0.005736174269928096,
  "scale": 1.0333666473121532,
  "rot_deg": 3.21787028081782,
  "dx_mm": -11.018886964356014,
  "dy_mm": -27.951027442781225
}