{
  "label": "plane",
  "ds_mm": 2.0,
  "scale": 0.7534237691221777,
  "rot_deg": -40.40253899965887,
  "dx_mm": 15.369492964751878,
  "dy_mm": -0.7989102943661983
}