{
  "label": "plane",
  "ds_mm": 2.0,
  "scale": 1.1142838434075832,
  "rot_deg": 10.010824273255103,
  "dx_mm": -10.99971508988105,
  "dy_mm": -1.785668547384521
}