{
  "label": "plane",
  "ds_mm": 2.0,
  "min_det": 0.005503520917943152,
  "scale": 1.2369809513962302,
  "rot_deg": -11.975050990985316,
  "dx_mm": 9.0860036774016,
  "dy_mm": -20.410771867968798
}