{
  "label": "plane",
  "ds_mm": 2.0,
  "min_det": 0.005321256188561712,
  "scale": 1.4622507949964967,
  "rot_deg": 12.164853103301844,
  "dx_mm": 15.922523891167124,
  "dy_mm": -18.50891450255523
}