{
  "label": "plane",
  "ds_mm": 2.0,
  "min_det": 0.006024742412202965,
  "scale": 0.6231379065920142,
  "rot_deg": 30.234147922428747,
  "dx_mm": -3.578164991353585,
  "dy_mm": 27.92699297489544
}