{
  "label": "plane",
  "ds_mm": 2.0,
  "min_det": 0.005632394458030006,
  "scale": 1.1693515218374246,
  "rot_deg": -1.6625095357740207,
  "dx_mm": -7.89136202251359,
  "dy_mm": -4.575031613026631
}