{
  "label": "plane",
  "ds_mm": 2.0,
  "scale": 1.4553721895523481,
  "rot_deg": -27.70185895747519,
  "dx_mm": -14.766397306263547,
  "dy_mm": -4.541343949038737
}