{
  "label": "plane",
  "ds_mm": 2.0,
  "min_det": 0.006072844205839903,
  "scale": 0.6805977877312196,
  "rot_deg": -6.550285460709844,
  "dx_mm": -7.798943809058574,
  "dy_mm": 8.536345606293054
}