{
  "label": "plane",
  "ds_mm": 2.0,
  "min_det": 0.005899904510166495,
  "scale": 0.9602615289080716,
  "rot_deg": 4.629637177434205,
  "dx_mm": -22.4611460567161,
  "dy_mm": -29.9712723585136
}