{
  "label": "plane",
  "ds_mm": 2.0,
  "scale": 1.096663716343308,
  "rot_deg": -10.583800329249662,
  "dx_mm": 29.07762739723389,
  "dy_mm": 24.673284364208754
}