{
  "label": "plane",
  "ds_mm": 2.0,
  "min_det": 0.005649720758680697,
  "scale": 1.0313213125484462,
  "rot_deg": 16.059430562609442,
  "dx_mm": -3.282908561751377,
  "dy_mm": 4.6943280014420665
}