{
  "label": "plane",
  "ds_mm": 2.0,
  "min_det": 0.005712081642938413,
  "scale": 0.7286320162792962,
  "rot_deg": 32.316648453875004,
  "dx_mm": 18.022501311710165,
  "dy_mm": 9.987964295269357
}