{
  "label": "plane",
  "ds_mm": 2.0,
  "min_det": 0.00555156633720933,
  "scale": 1.4334427523934405,
  "rot_deg": -36.211509656727465,
  "dx_mm": 1.1954993128487637,
  "dy_mm": 28.574512426388523
}