{
  "label": "plane",
  "ds_mm": 2.0,
  "scale": 1.2008877075665212,
  "rot_deg": -21.49846804040779,
  "dx_mm": 20.408414696227688,
  "dy_mm": 29.278265207265505
}