{
  "label": "plane",
  "ds_mm": 2.0,
  "min_det": 0.005551386381719426,
  "scale": 1.2998506068272428,
  "rot_deg": -38.94028293312163,
  "dx_mm": 10.999094703098748,
  "dy_mm": 18.41640502279354
}