{
  "label": "plane",
  "ds_mm": 2.0,
  "min_det": 0.006070810564237815,
  "scale": 0.6416741632836276,
  "rot_deg": -44.42206296983211,
  "dx_mm": 10.373674719981643,
  "dy_mm": 19.021769860081776
}