{
  "label": "plane",
  "ds_mm": 2.0,
  "scale": 0.8337803599743474,
  "rot_deg": -35.830219114428715,
  "dx_mm": 9.138223015939161,
  "dy_mm": -21.11011857214472
}