{
  "label": "plane",
  "ds_mm": 2.0,
  "min_det": 0.005662098268794383,
  "scale": 1.4056768897045422,
  "rot_deg": 26.59113144532428,
  "dx_mm": -29.006843728766057,
  "dy_mm": -29.63185594580726
}