{
  "label": "plane",
  "ds_mm": 2.0,
  "scale": 0.7495980530103126,
  "rot_deg": 22.007332557107063,
  "dx_mm": -3.358829839230417,
  "dy_mm": -2.903901317583923
}