{
  "label": "plane",
  "ds_mm": 2.0,
  "scale": 0.8662304372539146,
  "rot_deg": -17.17146713201774,
  "dx_mm": 14.084772949118324,
  "dy_mm": 9.052405547488192
}