{
  "label": "plane",
  "ds_mm": 2.0,
  "scale": 1.1283335762914013,
  "rot_deg": -27.11701842092391,
  "dx_mm": 7.180782037051593,
  "dy_mm": -10.575599337113111
}