{
  "label": "plane",
  "ds_mm": 2.0,
  "scale": 0.9646242203392914,
  "rot_deg": 5.634300451258831,
  "dx_mm": 24.496717992266582,
  "dy_mm": -18.031989540657047
}