{
  "label": "plane",
  "ds_mm": 2.0,
  "scale": 1.2209835517419387,
  "rot_deg": -5.7501267318880736,
  "dx_mm": 15.095170081144673,
  "dy_mm": -20.361858754031452
}