{
  "label": "plane",
  "ds_mm": 2.0,
  "min_det": 0.006236700116140439,
  "scale": 0.6266434174372348,
  "rot_deg": 39.89510717760804,
  "dx_mm": -13.205693175564406,
  "dy_mm": 23.586090266573855
}