{
  "label": "plane",
  "ds_mm": 2.0,
  "min_det": 0.005614896024791684,
  "scale": 0.9775601242013485,
  "rot_deg": -41.972597677318156,
  "dx_mm": 20.299728361013102,
  "dy_mm": -4.7911891641559095
}