{
  "label": "plane",
  "ds_mm": 2.0,
  "min_det": 0.005499622141725583,
  "scale": 1.4202829485958683,
  "rot_deg": 10.469080222874524,
  "dx_mm": -9.330139716783947,
  "dy_mm": -24.43400210791395
}