{
  "label": "plane",
  "ds_mm": 2.0,
  "scale": 1.4041653121095827,
  "rot_deg": -43.44539791506667,
  "dx_mm": 25.157494163176594,
  "dy_mm": 18.933602175108504
}