{
  "label": "plane",
  "ds_mm": 2.0,
  "scale": 1.2483301647765292,
  "rot_deg": 38.76001118229546,
  "dx_mm": 10.655612824109667,
  "dy_mm": 9.130386734329072
}