{
  "label": "plane",
  "ds_mm": 2.0,
  "scale": 1.4360270656516099,
  "rot_deg": -3.0476122826899186,
  "dx_mm": 17.632035058364607,
  "dy_mm": 13.011457091309225
}