{
  "label": "plane",
  "ds_mm": 2.0,
  "scale": 1.1629413772287873,
  "rot_deg": 29.60406597626927,
  "dx_mm": -24.46192171406349,
  "dy_mm": 21.715672595804314
}