{
  "label": "plane",
  "ds_mm": 2.0,
  "scale": 0.8908919190088749,
  "rot_deg": -3.085504170925418,
  "dx_mm": -11.997420065561798,
  "dy_mm": -5.5197995724880435
}