{
  "label": "plane",
  "ds_mm": 2.0,
  "scale": 1.1423655890569613,
  "rot_deg": -11.567410640932273,
  "dx_mm": 20.051812874452466,
  "dy_mm": -8.030836323434286
}