{
  "label": "plane",
  "ds_mm": 2.0,
  "scale": 0.8572642801766803,
  "rot_deg": -8.794709354525828,
  "dx_mm": -27.224327865598337,
  "dy_mm": 17.252655219916967
}