{
  "label": "plane",
  "ds_mm": 2.0,
  "min_det": 0.006390635327658377,
  "scale": 0.8305970877330948,
  "rot_deg": 37.78705336855019,
  "dx_mm": -29.540514047459343,
  "dy_mm": -22.66761757656002
}