{
  "label": "plane",
  "ds_mm": 2.0,
  "min_det": 0.005650606262839032,
  "scale": 0.9156948085567562,
  "rot_deg": 15.677689042671823,
  "dx_mm": 9.762667541739063,
  "dy_mm": 0.1879977354208613
}