{
  "label": "plane",
  "ds_mm": 2.0,
  "min_det": 0.005426101478663802,
  "scale": 1.1234258484277961,
  "rot_deg": 4.442808785222645,
  "dx_mm": 17.49033534847539,
  "dy_mm": 15.12911166763859
}