{
  "label": "plane",
  "ds_mm": 2.0,
  "min_det": 0.005512552193628894,
  "scale": 1.1792228663788915,
  "rot_deg": -30.856509603558806,
  "dx_mm": 5.7492170641653,
  "dy_mm": -21.096824778102278
}