{
  "label": "plane",
  "ds_mm": 2.0,
  "scale": 1.4721321470736501,
  "rot_deg": 42.61434360062759,
  "dx_mm": 3.8706185516778078,
  "dy_mm": -24.5350311640674
}