{
  "label": "plane",
  "ds_mm": 2.0,
  "min_det": 0.005104723073070635,
  "scale": 1.332901893214545,
  "rot_deg": 23.074539987641558,
  "dx_mm": 13.558778403249782,
  "dy_mm": 13.996782731751715
}