{
  "label": "plane",
  "ds_mm": 2.0,
  "scale": 0.8670640862595478,
  "rot_deg": 42.17320295932406,
  "dx_mm": 28.667512122864373,
  "dy_mm": 1.928094755439254
}