{
  "label": "plane",
  "ds_mm": 2.0,
  "min_det": 0.005622858910376104,
  "scale": 0.8816852673209183,
  "rot_deg": -15.09708650379278,
  "dx_mm": 17.102025460562203,
  "dy_mm": -22.558593608853645
}