{
  "label": "plane",
  "ds_mm": 2.0,
  "min_det": 0.005442974117738685,
  "scale": 1.2384181769460207,
  "rot_deg": 30.33018470476121,
  "dx_mm": -13.000473174457643,
  "dy_mm": 8.57813463706654
}