{
  "label": "plane",
  "ds_mm": 2.0,
  "scale": 0.9194162317587272,
  "rot_deg": 37.29656010327088,
  "dx_mm": 5.508045245969107,
  "dy_mm": -29.452018238186522
}