{
  "label": "plane",
  "ds_mm": 2.0,
  "min_det": 0.0061561432978768545,
  "scale": 0.7856059065875903,
  "rot_deg": -40.92146456802756,
  "dx_mm": -11.712613460953204,
  "dy_mm": 13.301219579806862
}