{
  "label": "plane",
  "ds_mm": 2.0,
  "scale": 1.4398619571844415,
  "rot_deg": 1.8154095081511699,
  "dx_mm": -18.39357101582336,
  "dy_mm": -2.107307238758814
}