{
  "label": "plane",
  "ds_mm": 2.0,
  "min_det": 0.005903851264839731,
  "scale": 0.674833670049271,
  "rot_deg": 8.951715581395483,
  "dx_mm": 6.977462730276507,
  "dy_mm": -2.9254571900263215
}