{
  "label": "plane",
  "ds_mm": 2.0,
  "min_det": 0.005554839569624875,
  "scale": 0.996432217222113,
  "rot_deg": 34.163211212175455,
  "dx_mm": -10.251586400832544,
  "dy_mm": 26.505585040265892
}