{
  "label": "plane",
  "ds_mm": 2.0,
  "scale": 0.9196499834895404,
  "rot_deg": -16.75323543489486,
  "dx_mm": 12.477084578387561,
  "dy_mm": -16.526366704139008
}