{
  "label": "plane",
  "ds_mm": 2.0,
  "scale": 1.0581528661574464,
  "rot_deg": 21.538487616426835,
  "dx_mm": -4.641085062192925,
  "dy_mm": 1.8801415641276797
}