{
  "label": "plane",
  "ds_mm": 2.0,
  "scale": 1.3639666501902332,
  "rot_deg": 8.734606981451833,
  "dx_mm": 14.072073638874556,
  "dy_mm": -9.581098549651358
}