{
  "label": "plane",
  "ds_mm": 2.0,
  "min_det": 0.005789071586497324,
  "scale": 0.7698696022006029,
  "rot_deg": -16.02848717443622,
  "dx_mm": 4.004785162380102,
  "dy_mm": -24.391060272938585
}