{
  "label": "plane",
  "ds_mm": 2.0,
  "scale": 1.1205766311517342,
  "rot_deg": 33.40634841854893,
  "dx_mm": 2.3598579637586212,
  "dy_mm": 1.5239710075021158
}