{
  "label": "plane",
  "ds_mm": 2.0,
  "scale": 0.7227665743816054,
  "rot_deg": -35.28444140512954,
  "dx_mm": 5.402692262680546,
  "dy_mm": 24.24990648896471
}