{
  "label": "plane",
  "ds_mm": 2.0,
  "scale": 1.014680201036487,
  "rot_deg": 12.507003432136976,
  "dx_mm": 23.141640252344956,
  "dy_mm": -5.753614407458837
}