{
  "label": "plane",
  "ds_mm": 2.0,
  "min_det": 0.00584019658648342,
  "scale": 1.018382231847398,
  "rot_deg": 8.88066673138097,
  "dx_mm": -19.192847242349895,
  "dy_mm": -0.8567708364284066
}