{
  "label": "plane",
  "ds_mm": 2.0,
  "scale": 1.134598436662433,
  "rot_deg": 25.667921826262457,
  "dx_mm": -21.313822181375752,
  "dy_mm": -25.234724205273903
}