{
  "label": "plane",
  "ds_mm": 2.0,
  "scale": 0.661747932238897,
  "rot_deg": 3.3755099260909276,
  "dx_mm": 22.642320065189516,
  "dy_mm": 1.428384253431961
}