{
  "label": "plane",
  "ds_mm": 2.0,
  "scale": 0.991227739985673,
  "rot_deg": -44.51189746237546,
  "dx_mm": 19.679442352682173,
  "dy_mm": 9.224648546449032
}