{
  "label": "square",
  "ds_mm": 2.0,
  "min_det": 0.005589119513780631,
  "scale": 1.26867935177132,
  "rot_deg": -44.32348843082541,
  "dx_mm": 28.598934233801707,
  "dy_mm": -22.656834831184018
}