{
  "label": "square",
  "ds_mm": 2.0,
  "min_det": 0.005677669300891971,
  "scale": 1.4131000914702907,
  "rot_deg": 37.545086121843156,
  "dx_mm": 12.26278511015029,
  "dy_mm": -14.223882170227526
}