{
  "label": "square",
  "ds_mm": 2.0,
  "min_det": 0.005769474697805272,
  "scale": 1.1351498419527846,
  "rot_deg": -7.808346189368947,
  "dx_mm": 21.14532591349218,
  "dy_mm": -10.39175019191477
}