{
  "label": "square",
  "ds_mm": 2.0,
  "min_det": 0.006279283896979092,
  "scale": 0.9030021485911035,
  "rot_deg": -18.064389773734003,
  "dx_mm": -9.8024429020344,
  "dy_mm": -23.87791845554341
}