{
  "label": "square",
  "ds_mm": 2.0,
  "min_det": 0.00591903850164478,
  "scale": 1.3601301690766876,
  "rot_deg": -8.709093302875807,
  "dx_mm": -5.81666699976617,
  "dy_mm": 2.195060827724248
}