{
  "label": "square",
  "ds_mm": 2.0,
  "min_det": 0.006273196740591955,
  "scale": 0.8814492476064798,
  "rot_deg": 36.55567532310059,
  "dx_mm": -12.16861351355156,
  "dy_mm": -7.419491253096872
}