{
  "label": "square",
  "ds_mm": 2.0,
  "min_det": 0.006029656804598202,
  "scale": 0.9942815560868132,
  "rot_deg": 42.02510761477548,
  "dx_mm": 1.6038439342343338,
  "dy_mm": 25.833556465537022
}