{
  "label": "square",
  "ds_mm": 2.0,
  "min_det": 0.005979617020182021,
  "scale": 0.9505710231587228,
  "rot_deg": 38.28896758203496,
  "dx_mm": 5.834788825363567,
  "dy_mm": -11.251053301552204
}