{
  "label": "square",
  "ds_mm": 2.0,
  "min_det": 0.005831188638296694,
  "scale": 0.942078889042728,
  "rot_deg": -4.247019907422157,
  "dx_mm": 23.181266024379056,
  "dy_mm": 17.15883889047324
}