{
  "label": "square",
  "ds_mm": 2.0,
  "min_det": 0.005755190385247042,
  "scale": 1.393851272083894,
  "rot_deg": -4.776990675082132,
  "dx_mm": 7.820221169343299,
  "dy_mm": -6.2727456556627565
}