{
  "label": "square",
  "ds_mm": 2.0,
  "min_det": 0.005856490573318901,
  "scale": 1.148016446165755,
  "rot_deg": -0.09970721697194307,
  "dx_mm": 4.513415715223466,
  "dy_mm": -17.81454206753643
}