{
  "label": "square",
  "ds_mm": 2.0,
  "min_det": 0.005804145102444316,
  "scale": 1.0862718065636843,
  "rot_deg": 31.69376367943009,
  "dx_mm": 9.72749273369152,
  "dy_mm": -26.016802306725687
}