{
  "label": "square",
  "ds_mm": 2.0,
  "min_det": 0.006245057455017161,
  "scale": 1.0667154386284035,
  "rot_deg": 23.43784813562506,
  "dx_mm": -29.036379151450955,
  "dy_mm": -29.586775478954397
}