{
  "label": "square",
  "ds_mm": 2.0,
  "min_det": 0.006981980199849237,
  "scale": 0.6102777695485899,
  "rot_deg": 0.6889240537537447,
  "dx_mm": -29.577068925551025,
  "dy_mm": -0.4752471154759448
}