{
  "label": "square",
  "ds_mm": 2.0,
  "min_det": 0.005732711981470253,
  "scale": 1.08525552713593,
  "rot_deg": -18.116335402872753,
  "dx_mm": 26.318499574931522,
  "dy_mm": -5.203253357679188
}