{
  "label": "square",
  "ds_mm": 2.0,
  "min_det": 0.005973294675246899,
  "scale": 0.7522535799050136,
  "rot_deg": 30.170225962802903,
  "dx_mm": 13.114776683775723,
  "dy_mm": -24.011877519884223
}