{
  "label": "square",
  "ds_mm": 2.0,
  "min_det": 0.00586137248130855,
  "scale": 1.3341899625080358,
  "rot_deg": 3.7964056090512273,
  "dx_mm": 2.4652325201672056,
  "dy_mm": 6.700307946198912
}