{
  "label": "square",
  "ds_mm": 2.0,
  "min_det": 0.006925376974237247,
  "scale": 0.6355054414128232,
  "rot_deg": -15.746728372074614,
  "dx_mm": -28.179771743609592,
  "dy_mm": 12.000760415864647
}