{
  "label": "square",
  "ds_mm": 2.0,
  "min_det": 0.005887919389854965,
  "scale": 1.2370666543049533,
  "rot_deg": 29.483616223298625,
  "dx_mm": -7.9071913410513055,
  "dy_mm": -23.951651871676958
}