{
  "label": "square",
  "ds_mm": 2.0,
  "min_det": 0.005732689349102041,
  "scale": 1.3924668171189587,
  "rot_deg": -14.237957200126765,
  "dx_mm": 6.798650520856604,
  "dy_mm": -22.217430506725826
}