{
  "label": "square",
  "ds_mm": 2.0,
  "min_det": 0.005961207103438804,
  "scale": 1.3123133531635476,
  "rot_deg": -16.434552486090997,
  "dx_mm": -8.004202482180567,
  "dy_mm": -3.7674899411624736
}