{
  "label": "square",
  "ds_mm": 2.0,
  "min_det": 0.005934041310275747,
  "scale": 0.9589848084820164,
  "rot_deg": 8.710065107264619,
  "dx_mm": 10.287319806384076,
  "dy_mm": -8.828850533778422
}