{
  "label": "square",
  "ds_mm": 2.0,
  "min_det": 0.005930916853786823,
  "scale": 1.428864394167536,
  "rot_deg": 39.960165594351366,
  "dx_mm": -14.089122946031763,
  "dy_mm": 15.87289697450808
}