{
  "label": "square",
  "ds_mm": 2.0,
  "min_det": 0.006352774496751014,
  "scale": 0.6118425064512302,
  "rot_deg": -8.211982943405388,
  "dx_mm": 1.7848887874381383,
  "dy_mm": -13.622365742736108
}