{
  "label": "square",
  "ds_mm": 2.0,
  "min_det": 0.006019027020672454,
  "scale": 1.3016919503951518,
  "rot_deg": -9.688414954030684,
  "dx_mm": -8.360261592431229,
  "dy_mm": -4.712424875523883
}