{
  "label": "square",
  "ds_mm": 2.0,
  "min_det": 0.006156448856364567,
  "scale": 1.1809429586715838,
  "rot_deg": 31.73028186001639,
  "dx_mm": -22.773676858780846,
  "dy_mm": -10.993451437831279
}