{
  "label": "square",
  "ds_mm": 2.0,
  "min_det": 0.005993559952167176,
  "scale": 1.00905104889952,
  "rot_deg": 34.38656644363999,
  "dx_mm": 2.953201203182388,
  "dy_mm": -0.08247424372961731
}