{
  "label": "square",
  "ds_mm": 2.0,
  "min_det": 0.0063453708329872,
  "scale": 0.8525220791400246,
  "rot_deg": 8.930927566204822,
  "dx_mm": -10.313238781359441,
  "dy_mm": 5.23896517186045
}