{
  "label": "square",
  "ds_mm": 2.0,
  "min_det": 0.005776672801046601,
  "scale": 1.1329796848105147,
  "rot_deg": 22.39345664244567,
  "dx_mm": 18.104952505777128,
  "dy_mm": 1.1176054887584819
}