{
  "label": "square",
  "ds_mm": 2.0,
  "min_det": 0.006222829777180363,
  "scale": 0.6967443837035369,
  "rot_deg": -21.711025464899155,
  "dx_mm": 3.5146714152338703,
  "dy_mm": 23.459090769176136
}