{
  "label": "square",
  "ds_mm": 2.0,
  "min_det": 0.006650156261588947,
  "scale": 0.8804767950680962,
  "rot_deg": 17.393462497908338,
  "dx_mm": -28.350556137830637,
  "dy_mm": 21.325853968644353
}