{
  "label": "square",
  "ds_mm": 2.0,
  "min_det": 0.0058118126121524715,
  "scale": 1.1523896354811023,
  "rot_deg": -14.008513425010321,
  "dx_mm": 12.181886897125644,
  "dy_mm": 7.68638863335493
}