{
  "label": "square",
  "ds_mm": 2.0,
  "min_det": 0.00590238661939818,
  "scale": 0.7010145319519445,
  "rot_deg": 44.56067419837096,
  "dx_mm": 26.308065869856122,
  "dy_mm": -20.385637262032482
}