{
  "label": "square",
  "ds_mm": 2.0,
  "min_det": 0.005841089383471822,
  "scale": 0.815437599415554,
  "rot_deg": 11.896472333155486,
  "dx_mm": 23.187145538616072,
  "dy_mm": -20.178207558043308
}