{
  "label": "square",
  "ds_mm": 2.0,
  "min_det": 0.005943709274501076,
  "scale": 1.2499087093393877,
  "rot_deg": -37.296129692072654,
  "dx_mm": -9.725358979860637,
  "dy_mm": 1.159871558125694
}