{
  "label": "square",
  "ds_mm": 2.0,
  "min_det": 0.00588507867793416,
  "scale": 0.6698206023915384,
  "rot_deg": -24.657666116623194,
  "dx_mm": 29.622893394437412,
  "dy_mm": 23.655613449328115
}