{
  "label": "square",
  "ds_mm": 2.0,
  "min_det": 0.006953723703283062,
  "scale": 0.6099764711393565,
  "rot_deg": 14.11017093083182,
  "dx_mm": -29.28623964949808,
  "dy_mm": 9.79120924435361
}