{
  "label": "square",
  "ds_mm": 2.0,
  "min_det": 0.006137389488312284,
  "scale": 1.1090975448875862,
  "rot_deg": 21.051401540035457,
  "dx_mm": -15.859222828683937,
  "dy_mm": -5.15832927973441
}