{
  "label": "square",
  "ds_mm": 2.0,
  "min_det": 0.005811817162054274,
  "scale": 1.2335482224598406,
  "rot_deg": 29.20157743734181,
  "dx_mm": 1.799205980707054,
  "dy_mm": -19.924319717567876
}