{
  "label": "square",
  "ds_mm": 2.0,
  "min_det": 0.005775493318517142,
  "scale": 1.3523179145091788,
  "rot_deg": 10.925957662160904,
  "dx_mm": -6.4414482159058615,
  "dy_mm": -26.31816462104964
}