{
  "label": "square",
  "ds_mm": 2.0,
  "min_det": 0.006001985810701613,
  "scale": 1.3774489330376958,
  "rot_deg": 14.490740288589734,
  "dx_mm": -26.15243195560864,
  "dy_mm": -19.14764693747624
}