{
  "label": "square",
  "ds_mm": 2.0,
  "min_det": 0.006047166940688705,
  "scale": 0.6654054177422781,
  "rot_deg": -29.052594575535792,
  "dx_mm": 18.206397092456868,
  "dy_mm": 4.616269832007852
}