{
  "label": "square",
  "ds_mm": 2.0,
  "min_det": 0.006043271864909047,
  "scale": 1.4832451281543337,
  "rot_deg": -4.75343146182437,
  "dx_mm": -21.309771863285583,
  "dy_mm": 4.461476033377352
}