{
  "label": "square",
  "ds_mm": 2.0,
  "min_det": 0.005697616454239647,
  "scale": 1.2969081206120425,
  "rot_deg": 38.222432111854815,
  "dx_mm": 18.307175321690835,
  "dy_mm": 7.997710530184989
}