{
  "label": "square",
  "ds_mm": 2.0,
  "min_det": 0.005905664447026251,
  "scale": 1.359089333573921,
  "rot_deg": 44.099408223172745,
  "dx_mm": -8.606593697104458,
  "dy_mm": -8.098626971007839
}