{
  "label": "square",
  "ds_mm": 2.0,
  "min_det": 0.00594613946849598,
  "scale": 1.1362107167084763,
  "rot_deg": 30.989741792106443,
  "dx_mm": -1.377673698199274,
  "dy_mm": -5.043990916616494
}