{
  "label": "square",
  "ds_mm": 2.0,
  "min_det": 0.005935709371678528,
  "scale": 1.1198979343367428,
  "rot_deg": -34.10974031488919,
  "dx_mm": -1.981524423577298,
  "dy_mm": -18.717829101061643
}