{
  "label": "square",
  "ds_mm": 2.0,
  "min_det": 0.0056849695703697625,
  "scale": 1.3081365088408947,
  "rot_deg": 29.891917245594257,
  "dx_mm": 14.30823547527654,
  "dy_mm": -18.221723941493636
}