{
  "label": "square",
  "ds_mm": 2.0,
  "min_det": 0.005792211388936917,
  "scale": 1.0528936090651935,
  "rot_deg": -40.0870685424097,
  "dx_mm": 16.535059951738873,
  "dy_mm": 7.811799638212577
}