{
  "label": "square",
  "ds_mm": 2.0,
  "min_det": 0.006557302809778801,
  "scale": 0.819390174589046,
  "rot_deg": 39.92688717755192,
  "dx_mm": -23.222317267974493,
  "dy_mm": 7.733232795252796
}