{
  "label": "square",
  "ds_mm": 2.0,
  "min_det": 0.00567655325545961,
  "scale": 1.1397578901343857,
  "rot_deg": -13.337579562454732,
  "dx_mm": 26.624700225037166,
  "dy_mm": 5.7149077401417046
}