{
  "label": "square",
  "ds_mm": 2.0,
  "min_det": 0.00579049346739115,
  "scale": 1.2630938584578997,
  "rot_deg": 33.91189671832906,
  "dx_mm": 2.1081495925595206,
  "dy_mm": -24.28420733536978
}