{
  "label": "square",
  "ds_mm": 2.0,
  "min_det": 0.006471747307585083,
  "scale": 0.8663218049334953,
  "rot_deg": 17.913808060866643,
  "dx_mm": -20.99043621944751,
  "dy_mm": 3.537591459264945
}