{
  "label": "square",
  "ds_mm": 2.0,
  "min_det": 0.005588588662001952,
  "scale": 1.3396116695879376,
  "rot_deg": -5.439829846304185,
  "dx_mm": 20.514132561028113,
  "dy_mm": -27.927259752048357
}