{
  "label": "square",
  "ds_mm": 2.0,
  "min_det": 0.005989309642625111,
  "scale": 1.4320012618007185,
  "rot_deg": 9.700498743933231,
  "dx_mm": -23.762566754639913,
  "dy_mm": -9.682583912806201
}