{
  "label": "square",
  "ds_mm": 2.0,
  "min_det": 0.005951255289383413,
  "scale": 1.0468802637474868,
  "rot_deg": 24.441540905467704,
  "dx_mm": 7.8010977497024925,
  "dy_mm": 20.454820458204843
}