{
  "label": "square",
  "ds_mm": 2.0,
  "min_det": 0.005685460272564949,
  "scale": 1.3525168809031696,
  "rot_deg": -41.24277872749958,
  "dx_mm": 8.911109894616345,
  "dy_mm": -23.413110727584716
}