{
  "label": "square",
  "ds_mm": 2.0,
  "min_det": 0.006497853222555521,
  "scale": 0.6081699115472174,
  "rot_deg": 14.270126043332539,
  "dx_mm": -3.8831588331213887,
  "dy_mm": 28.25441238707809
}