{
  "label": "square",
  "ds_mm": 2.0,
  "min_det": 0.0055230086893998725,
  "scale": 1.3309051267823002,
  "rot_deg": -3.2723454381773323,
  "dx_mm": 28.437987935866893,
  "dy_mm": 9.640103648769447
}