{
  "label": "square",
  "ds_mm": 2.0,
  "min_det": 0.005802131926784357,
  "scale": 1.3187086837037825,
  "rot_deg": 23.21134946202895,
  "dx_mm": 0.8027895583371354,
  "dy_mm": -9.399050248584398
}