{
  "label": "square",
  "ds_mm": 2.0,
  "min_det": 0.0056623161729399,
  "scale": 1.465493115892853,
  "rot_deg": -3.430447954566027,
  "dx_mm": 11.524463170328453,
  "dy_mm": -11.276331801623002
}