{
  "label": "square",
  "ds_mm": 2.0,
  "min_det": 0.0062492433171081625,
  "scale": 1.2243868914580265,
  "rot_deg": -26.245255912639582,
  "dx_mm": -28.233599253405938,
  "dy_mm": -6.698733116621337
}