{
  "label": "square",
  "ds_mm": 2.0,
  "min_det": 0.006142229091587885,
  "scale": 0.7028182564256169,
  "rot_deg": -43.93136900694324,
  "dx_mm": 3.974618614103157,
  "dy_mm": -12.30975640919469
}