{
  "label": "square",
  "ds_mm": 2.0,
  "min_det": 0.0056590750045514004,
  "scale": 1.447823719213321,
  "rot_deg": 28.999182732515564,
  "dx_mm": 16.2562914378981,
  "dy_mm": 22.45618052451472
}