{
  "label": "square",
  "ds_mm": 2.0,
  "min_det": 0.005648605330504225,
  "scale": 1.3078817816746957,
  "rot_deg": 31.686516643659573,
  "dx_mm": 24.447491168822282,
  "dy_mm": 21.544060192752603
}