{
  "label": "square",
  "ds_mm": 2.0,
  "min_det": 0.0058112740353124396,
  "scale": 1.4879943829992672,
  "rot_deg": 23.5014487811672,
  "dx_mm": -16.278790633908955,
  "dy_mm": -23.22616624587261
}