{
  "label": "square",
  "ds_mm": 2.0,
  "min_det": 0.00573552778078287,
  "scale": 1.0100717621086566,
  "rot_deg": -26.44772555448781,
  "dx_mm": 21.242436255058962,
  "dy_mm": 23.586771333202968
}