{
  "label": "square",
  "ds_mm": 2.0,
  "min_det": 0.005876612632869488,
  "scale": 1.4706891147983825,
  "rot_deg": 6.488752502428859,
  "dx_mm": -9.289426168889122,
  "dy_mm": 15.100834810274627
}