{
  "label": "square",
  "ds_mm": 2.0,
  "min_det": 0.0061222274929980235,
  "scale": 0.9573208664842074,
  "rot_deg": 43.687214650371985,
  "dx_mm": -3.100551897512304,
  "dy_mm": 23.451563280427827
}