{
  "label": "square",
  "ds_mm": 2.0,
  "min_det": 0.005832742559465986,
  "scale": 1.4753006026610005,
  "rot_deg": 5.862354892366575,
  "dx_mm": -17.811321517589583,
  "dy_mm": -22.906559097403516
}