{
  "label": "square",
  "ds_mm": 2.0,
  "min_det": 0.006709559170218432,
  "scale": 0.6407363107830137,
  "rot_deg": 6.29357571844951,
  "dx_mm": -23.482527072782084,
  "dy_mm": -14.580854415260163
}