{
  "label": "square",
  "ds_mm": 2.0,
  "min_det": 0.006438602556076953,
  "scale": 1.1053288209730605,
  "rot_deg": 9.083531091574443,
  "dx_mm": -29.726589502514233,
  "dy_mm": 7.2186595298880505
}