{
  "label": "square",
  "ds_mm": 2.0,
  "min_det": 0.006360492541904395,
  "scale": 0.6886600025164253,
  "rot_deg": -33.45125561768906,
  "dx_mm": -5.719747463328307,
  "dy_mm": 13.003820636251191
}