{
  "label": "square",
  "ds_mm": 2.0,
  "min_det": 0.006631276219672965,
  "scale": 0.7964186367718519,
  "rot_deg": 39.80118811867584,
  "dx_mm": -27.08306922637059,
  "dy_mm": -1.3324954935479063
}