{
  "label": "square",
  "ds_mm": 2.0,
  "min_det": 0.006214595659721699,
  "scale": 1.1881572008987715,
  "rot_deg": 18.943150903599893,
  "dx_mm": -22.904269841911198,
  "dy_mm": 5.63345518608044
}