{
  "label": "square",
  "ds_mm": 2.0,
  "min_det": 0.00580135387146749,
  "scale": 1.255214921048215,
  "rot_deg": -6.621004291902516,
  "dx_mm": 1.612079937558054,
  "dy_mm": -26.076542037152667
}