{
  "label": "square",
  "ds_mm": 2.0,
  "min_det": 0.005586811905438263,
  "scale": 1.474720153875527,
  "rot_deg": -6.44376208022431,
  "dx_mm": 7.506361777701812,
  "dy_mm": 15.079376268113151
}