{
  "label": "square",
  "ds_mm": 2.0,
  "min_det": 0.006772758190963522,
  "scale": 0.6389921893603799,
  "rot_deg": -41.93868089464936,
  "dx_mm": -27.808818575941384,
  "dy_mm": -2.117447513998883
}