{
  "label": "square",
  "ds_mm": 2.0,
  "min_det": 0.005972966891786681,
  "scale": 0.6269317571901903,
  "rot_deg": -22.73560406504972,
  "dx_mm": 26.419551891093754,
  "dy_mm": 17.86630134205324
}