{
  "label": "square",
  "ds_mm": 2.0,
  "min_det": 0.006098766070335522,
  "scale": 1.0012930432160974,
  "rot_deg": -20.771730361081627,
  "dx_mm": -7.049195491380772,
  "dy_mm": 24.565390324560553
}