{
  "label": "square",
  "ds_mm": 2.0,
  "min_det": 0.006193910019026601,
  "scale": 0.7156114675030785,
  "rot_deg": -9.581918030356888,
  "dx_mm": 8.408478414309009,
  "dy_mm": 17.422474388897967
}