{
  "label": "square",
  "ds_mm": 2.0,
  "min_det": 0.006438719392481764,
  "scale": 1.0085596118537805,
  "rot_deg": 37.89135005993273,
  "dx_mm": -28.858320381595497,
  "dy_mm": -2.8371297756008076
}