{
  "label": "square",
  "ds_mm": 2.0,
  "min_det": 0.005610619305825924,
  "scale": 1.3830384928607704,
  "rot_deg": -37.39457102852216,
  "dx_mm": 16.043415988003744,
  "dy_mm": 12.880951013158068
}