{
  "label": "square",
  "ds_mm": 2.0,
  "min_det": 0.006268091483781468,
  "scale": 0.9623151830946075,
  "rot_deg": -43.172829274496976,
  "dx_mm": -17.767672484540356,
  "dy_mm": 27.736364054078216
}