{
  "label": "square",
  "ds_mm": 2.0,
  "min_det": 0.005858014943820865,
  "scale": 1.1637827986395473,
  "rot_deg": -43.802074132858436,
  "dx_mm": 2.7815149318741987,
  "dy_mm": 13.308060038342127
}