{
  "label": "square",
  "ds_mm": 2.0,
  "min_det": 0.005760043729085813,
  "scale": 1.2460238434734703,
  "rot_deg": 26.15446587393862,
  "dx_mm": 15.653777257147063,
  "dy_mm": 28.730475703003044
}