{
  "label": "square",
  "ds_mm": 2.0,
  "min_det": 0.0057950735716633395,
  "scale": 1.1341130250740037,
  "rot_deg": -18.049301247556496,
  "dx_mm": 17.187963987640444,
  "dy_mm": -6.304274884375239
}