{
  "label": "square",
  "ds_mm": 2.0,
  "min_det": 0.00631224371087742,
  "scale": 0.6509286666145778,
  "rot_deg": 11.200802338940917,
  "dx_mm": 4.76843324552577,
  "dy_mm": 17.72433250954343
}