{
  "label": "square",
  "ds_mm": 2.0,
  "min_det": 0.005627251706711371,
  "scale": 1.2800649614507456,
  "rot_deg": 19.691229668952033,
  "dx_mm": 22.84512100011723,
  "dy_mm": -18.975849268813423
}