{
  "label": "square",
  "ds_mm": 2.0,
  "min_det": 0.006227134037792807,
  "scale": 1.1281820891158743,
  "rot_deg": -40.61845474293638,
  "dx_mm": -29.955946606540916,
  "dy_mm": -25.287164310949144
}