{
  "label": "square",
  "ds_mm": 2.0,
  "min_det": 0.0063423460269864925,
  "scale": 0.9464558671672785,
  "rot_deg": -1.1678786572967539,
  "dx_mm": -18.302850063835727,
  "dy_mm": -14.101384229540116
}