{
  "label": "square",
  "ds_mm": 2.0,
  "min_det": 0.005711753455807302,
  "scale": 1.2323258136843627,
  "rot_deg": -36.47226793192027,
  "dx_mm": 13.442529228390995,
  "dy_mm": -28.41763039888402
}