{
  "label": "square",
  "ds_mm": 2.0,
  "min_det": 0.00657804857157083,
  "scale": 0.7736488453447721,
  "rot_deg": 35.01663103734069,
  "dx_mm": -20.82734225124237,
  "dy_mm": 22.400753565643015
}