{
  "label": "square",
  "ds_mm": 2.0,
  "min_det": 0.0056393187673693095,
  "scale": 1.2647245893349317,
  "rot_deg": 29.276988057710952,
  "dx_mm": 20.026736335786467,
  "dy_mm": -27.348674326652063
}