{
  "label": "square",
  "ds_mm": 2.0,
  "min_det": 0.005707846608522056,
  "scale": 1.3278117036368235,
  "rot_deg": 38.33386280087208,
  "dx_mm": 14.750316253521305,
  "dy_mm": -4.196221528497496
}