{
  "label": "square",
  "ds_mm": 2.0,
  "min_det": 0.005973202496225675,
  "scale": 1.3806284802907824,
  "rot_deg": 21.325176562396052,
  "dx_mm": -12.012731093453766,
  "dy_mm": 21.886444840676617
}