{
  "label": "square",
  "ds_mm": 2.0,
  "min_det": 0.0061901402866484986,
  "scale": 1.2082464481182633,
  "rot_deg": -0.4957433435679022,
  "dx_mm": -17.017983454311118,
  "dy_mm": 3.824410590357502
}