{
  "label": "square",
  "ds_mm": 2.0,
  "min_det": 0.005542714771281124,
  "scale": 1.4290917201945268,
  "rot_deg": 35.95312448683488,
  "dx_mm": 27.367447814858963,
  "dy_mm": 29.220411125003274
}