{
  "label": "square",
  "ds_mm": 2.0,
  "min_det": 0.00593194283452182,
  "scale": 0.7636892665482752,
  "rot_deg": 8.842574347728032,
  "dx_mm": 16.61625730842048,
  "dy_mm": -22.920257263747857
}