{
  "label": "square",
  "ds_mm": 2.0,
  "min_det": 0.006210457820660834,
  "scale": 1.068842048673412,
  "rot_deg": 36.200174204519115,
  "dx_mm": -18.75169079660448,
  "dy_mm": -7.737848104770848
}