{
  "label": "square",
  "ds_mm": 2.0,
  "min_det": 0.005933192548189288,
  "scale": 1.035826603953351,
  "rot_deg": -22.972208860493666,
  "dx_mm": 7.414217455968625,
  "dy_mm": 2.299529721040365
}