{
  "label": "square",
  "ds_mm": 2.0,
  "min_det": 0.006034127804530139,
  "scale": 0.661402009273231,
  "rot_deg": 0.031117415202935206,
  "dx_mm": 23.88563289436933,
  "dy_mm": 23.602511169911246
}