{
  "label": "square",
  "ds_mm": 2.0,
  "min_det": 0.00573840546762226,
  "scale": 1.1923939575559053,
  "rot_deg": -6.047606630568744,
  "dx_mm": 12.68295615711751,
  "dy_mm": -24.59010743944884
}