{
  "label": "square",
  "ds_mm": 2.0,
  "min_det": 0.0066289060629983465,
  "scale": 0.7171369389235525,
  "rot_deg": 18.02515083014039,
  "dx_mm": -19.87103786746199,
  "dy_mm": 10.611919140042666
}