{
  "label": "square",
  "ds_mm": 2.0,
  "min_det": 0.005973495980381087,
  "scale": 0.8063661731939367,
  "rot_deg": 7.739308923973212,
  "dx_mm": 11.205352694316275,
  "dy_mm": -21.194969908195475
}