{
  "label": "square",
  "ds_mm": 2.0,
  "min_det": 0.0059954943306381415,
  "scale": 0.8615859045867524,
  "rot_deg": 17.22114792894719,
  "dx_mm": 12.141893711639646,
  "dy_mm": 0.6957110138636544
}