{
  "label": "square",
  "ds_mm": 2.0,
  "min_det": 0.005464007554174483,
  "scale": 1.3788822816970099,
  "rot_deg": 4.233283520575071,
  "dx_mm": 17.257864770194715,
  "dy_mm": 26.639558054714406
}