{
  "label": "square",
  "ds_mm": 2.0,
  "min_det": 0.005720012452570217,
  "scale": 1.3285122206375712,
  "rot_deg": 8.967319556697205,
  "dx_mm": 14.642459544408453,
  "dy_mm": -0.9359458859079233
}