{
  "label": "square",
  "ds_mm": 2.0,
  "min_det": 0.005695046489422328,
  "scale": 1.492240896808635,
  "rot_deg": 43.222093740441295,
  "dx_mm": 7.611827086733584,
  "dy_mm": -2.199501565210987
}