{
  "label": "square",
  "ds_mm": 2.0,
  "min_det": 0.006171350173114518,
  "scale": 0.6349796276441803,
  "rot_deg": -18.364454539783065,
  "dx_mm": 10.080510348360399,
  "dy_mm": 28.904477677968018
}