{
  "label": "square",
  "ds_mm": 2.0,
  "min_det": 0.006246255920886142,
  "scale": 0.605954235140377,
  "rot_deg": 35.32613202941391,
  "dx_mm": 7.725464063467314,
  "dy_mm": 7.4127119385410225
}