{
  "label": "square",
  "ds_mm": 2.0,
  "min_det": 0.006221463753167199,
  "scale": 0.6079101359603707,
  "rot_deg": 33.407123203787705,
  "dx_mm": 10.089016350486553,
  "dy_mm": 29.314368422851125
}