{
  "label": "square",
  "ds_mm": 2.0,
  "min_det": 0.005996341767118259,
  "scale": 1.4007584897929224,
  "rot_deg": 12.159368131723994,
  "dx_mm": -21.367005296778807,
  "dy_mm": -5.898021333103575
}