{
  "label": "square",
  "ds_mm": 2.0,
  "min_det": 0.006298248845687399,
  "scale": 0.7501381578422429,
  "rot_deg": 27.898960500705485,
  "dx_mm": -5.642785205807073,
  "dy_mm": -2.406076850116147
}