{
  "label": "square",
  "ds_mm": 2.0,
  "min_det": 0.005564370745615197,
  "scale": 1.4789102221226198,
  "rot_deg": -44.03613346672758,
  "dx_mm": 17.38108691105011,
  "dy_mm": 16.680560022282293
}