{
  "label": "square",
  "ds_mm": 2.0,
  "min_det": 0.005995471957215268,
  "scale": 0.9750649917666117,
  "rot_deg": -10.431558412166247,
  "dx_mm": 2.9946736869469888,
  "dy_mm": 26.88838019594415
}