{
  "label": "square",
  "ds_mm": 2.0,
  "min_det": 0.005720983750944278,
  "scale": 1.3490838494392885,
  "rot_deg": -33.84626410522549,
  "dx_mm": 5.953293263951458,
  "dy_mm": 8.28439664467021
}