{
  "label": "square",
  "ds_mm": 2.0,
  "min_det": 0.006259566840603713,
  "scale": 1.1809010784862601,
  "rot_deg": -19.829578427100923,
  "dx_mm": -28.3050856812201,
  "dy_mm": 24.29133561068285
}