{
  "label": "square",
  "ds_mm": 2.0,
  "min_det": 0.006367457412851619,
  "scale": 0.7058906639621628,
  "rot_deg": 24.166642693319616,
  "dx_mm": -3.9602026042062874,
  "dy_mm": 19.673430753778185
}