{
  "label": "square",
  "ds_mm": 2.0,
  "min_det": 0.0059708266007796815,
  "scale": 1.003673278842257,
  "rot_deg": 16.130394296533986,
  "dx_mm": 9.257854695696594,
  "dy_mm": 13.24001726594912
}