{
  "label": "square",
  "ds_mm": 2.0,
  "min_det": 0.006182258907889577,
  "scale": 0.7708688595073712,
  "rot_deg": 32.181036542158566,
  "dx_mm": -2.8706028431345274,
  "dy_mm": -19.19296426727266
}