{
  "label": "square",
  "ds_mm": 2.0,
  "min_det": 0.005950982294728906,
  "scale": 0.7673289995318857,
  "rot_deg": 27.733781636375,
  "dx_mm": 22.586221004268793,
  "dy_mm": 15.162316553589989
}