{
  "label": "square",
  "ds_mm": 2.0,
  "min_det": 0.0058921136710101156,
  "scale": 1.4188190301064147,
  "rot_deg": 26.918863186302517,
  "dx_mm": -19.927824753036816,
  "dy_mm": -24.018616561920886
}