{
  "label": "square",
  "ds_mm": 2.0,
  "min_det": 0.006058595893390265,
  "scale": 0.7858271075603405,
  "rot_deg": 10.78580672134963,
  "dx_mm": 15.104486421773068,
  "dy_mm": 12.759740041318388
}