{
  "label": "square",
  "ds_mm": 2.0,
  "min_det": 0.005779549886640171,
  "scale": 1.2632255468244062,
  "rot_deg": -25.37786952435796,
  "dx_mm": 9.016026548769418,
  "dy_mm": -29.021879248005323
}