{
  "label": "square",
  "ds_mm": 2.0,
  "min_det": 0.005504185023831571,
  "scale": 1.3373383776247731,
  "rot_deg": -17.619418266696467,
  "dx_mm": 28.275831882197075,
  "dy_mm": 11.588362481414919
}