{
  "label": "square",
  "ds_mm": 2.0,
  "min_det": 0.006134704504611462,
  "scale": 0.6354132225077569,
  "rot_deg": -31.337584378820633,
  "dx_mm": 12.85558176659665,
  "dy_mm": 11.46604954816572
}