{
  "label": "square",
  "ds_mm": 2.0,
  "min_det": 0.00619597904400855,
  "scale": 0.9414292887780746,
  "rot_deg": -14.136148284606517,
  "dx_mm": -7.247061255889861,
  "dy_mm": 21.043534034224102
}