{
  "label": "square",
  "ds_mm": 2.0,
  "min_det": 0.005918249800997731,
  "scale": 0.9356061705398427,
  "rot_deg": -22.817270763575888,
  "dx_mm": 12.940945212401992,
  "dy_mm": 13.354757049875204
}