{
  "label": "square",
  "ds_mm": 2.0,
  "min_det": 0.0061279934743237955,
  "scale": 0.9222565561836891,
  "rot_deg": -12.080605432775386,
  "dx_mm": -2.4640133356240206,
  "dy_mm": 25.54382934962335
}