{
  "label": "square",
  "ds_mm": 2.0,
  "min_det": 0.005959681292765651,
  "scale": 1.4561439758600971,
  "rot_deg": -21.211603348754096,
  "dx_mm": -16.885824088893525,
  "dy_mm": -20.137748660769418
}