{
  "label": "square",
  "ds_mm": 2.0,
  "min_det": 0.005798360384142695,
  "scale": 1.050090028572745,
  "rot_deg": -36.58402456163335,
  "dx_mm": 12.993734866091586,
  "dy_mm": 25.596012106075314
}