{
  "label": "square",
  "ds_mm": 2.0,
  "min_det": 0.006847547244878471,
  "scale": 0.6501160448003415,
  "rot_deg": 18.911017156256577,
  "dx_mm": -26.09040231940006,
  "dy_mm": 18.99975436816119
}