{
  "label": "square",
  "ds_mm": 2.0,
  "min_det": 0.005735218483931444,
  "scale": 1.2545121241140231,
  "rot_deg": -10.394214760422471,
  "dx_mm": 19.011363375116424,
  "dy_mm": -6.986675200502781
}