{
  "label": "square",
  "ds_mm": 2.0,
  "min_det": 0.006102377127897818,
  "scale": 1.3253813574334363,
  "rot_deg": -5.610303849379079,
  "dx_mm": -24.819079347960347,
  "dy_mm": 25.371121422661652
}