{
  "label": "square",
  "ds_mm": 2.0,
  "min_det": 0.006565670730491929,
  "scale": 0.7432402439689232,
  "rot_deg": 1.51263534878143,
  "dx_mm": -14.16639645527323,
  "dy_mm": 8.995275286839444
}