{
  "label": "square",
  "ds_mm": 2.0,
  "min_det": 0.0060145442372669415,
  "scale": 1.4422120305637922,
  "rot_deg": 23.31708859774531,
  "dx_mm": -22.987059645031202,
  "dy_mm": 5.008952941059903
}