{
  "label": "square",
  "ds_mm": 2.0,
  "min_det": 0.005633083763695123,
  "scale": 1.3053141061688214,
  "rot_deg": 27.14499991116901,
  "dx_mm": 28.454552837543098,
  "dy_mm": 21.065526434975624
}