{
  "label": "square",
  "ds_mm": 2.0,
  "min_det": 0.006598970617440821,
  "scale": 0.7749646963175545,
  "rot_deg": 25.86308969612469,
  "dx_mm": -23.3383088924556,
  "dy_mm": 5.435347127057014
}