{
  "label": "square",
  "ds_mm": 2.0,
  "min_det": 0.006603806642936781,
  "scale": 0.798699424773065,
  "rot_deg": 38.7388457856722,
  "dx_mm": -24.275489793652106,
  "dy_mm": 11.767713051642815
}