{
  "label": "square",
  "ds_mm": 2.0,
  "min_det": 0.006374618415084115,
  "scale": 0.7475124718563553,
  "rot_deg": -31.987612022855785,
  "dx_mm": -10.921190509381614,
  "dy_mm": -6.674272998746062
}