{
  "label": "square",
  "ds_mm": 2.0,
  "min_det": 0.00602970359667013,
  "scale": 1.1428813104432844,
  "rot_deg": 8.817790186449251,
  "dx_mm": -15.341305883870962,
  "dy_mm": -24.146385908309043
}