{
  "label": "square",
  "ds_mm": 2.0,
  "min_det": 0.005824081812598952,
  "scale": 1.0840823051027777,
  "rot_deg": -44.62353945922374,
  "dx_mm": 7.948085771743763,
  "dy_mm": -17.875667174680324
}