{
  "label": "square",
  "ds_mm": 2.0,
  "min_det": 0.006059510653241509,
  "scale": 1.3967939324876921,
  "rot_deg": -5.734759288479147,
  "dx_mm": -29.847293678909555,
  "dy_mm": -29.43706852057278
}