{
  "label": "square",
  "ds_mm": 2.0,
  "min_det": 0.006065142464211702,
  "scale": 1.2054632013205302,
  "rot_deg": -5.097225905111216,
  "dx_mm": -14.189785357831198,
  "dy_mm": -17.306018152356756
}