{
  "label": "square",
  "ds_mm": 2.0,
  "min_det": 0.0059692755055118256,
  "scale": 1.2835200443808024,
  "rot_deg": 27.35799023473608,
  "dx_mm": -17.745860276494618,
  "dy_mm": -21.333310446098942
}