{
  "label": "square",
  "ds_mm": 2.0,
  "min_det": 0.005923192171633636,
  "scale": 1.3721072332970972,
  "rot_deg": 2.200714158052591,
  "dx_mm": -11.204122316586098,
  "dy_mm": -7.287133828930834
}