{
  "label": "square",
  "ds_mm": 2.0,
  "min_det": 0.0055930837562555265,
  "scale": 1.4899274106886362,
  "rot_deg": 14.478030240634979,
  "dx_mm": 12.562571270642856,
  "dy_mm": -21.998871607592704
}