{
  "label": "square",
  "ds_mm": 2.0,
  "min_det": 0.005837305412401407,
  "scale": 1.0713139598256396,
  "rot_deg": 9.152912818649,
  "dx_mm": 19.529366919806947,
  "dy_mm": 18.66055745068224
}