{
  "label": "square",
  "ds_mm": 2.0,
  "min_det": 0.005660632147957493,
  "scale": 1.4450817390387625,
  "rot_deg": -29.194102424443784,
  "dx_mm": 10.467783088538987,
  "dy_mm": -7.904368144886284
}