{
  "label": "square",
  "ds_mm": 2.0,
  "min_det": 0.005704478777174025,
  "scale": 1.344344656774163,
  "rot_deg": -38.57281827553622,
  "dx_mm": 3.427264592629072,
  "dy_mm": 27.72479602330059
}