{
  "label": "square",
  "ds_mm": 2.0,
  "min_det": 0.006256371343877013,
  "scale": 0.9126815853904323,
  "rot_deg": 3.271954581361854,
  "dx_mm": -12.115297965168551,
  "dy_mm": -13.15434803254017
}