{
  "label": "square",
  "ds_mm": 2.0,
  "min_det": 0.006231586745918848,
  "scale": 1.000324203480989,
  "rot_deg": 2.53231048747341,
  "dx_mm": -6.671147158829992,
  "dy_mm": 13.659083100080672
}