{
  "label": "square",
  "ds_mm": 2.0,
  "min_det": 0.00638720494291687,
  "scale": 0.7921924391729244,
  "rot_deg": -27.003244454127124,
  "dx_mm": -14.084785093943923,
  "dy_mm": -17.5152722618938
}