{
  "label": "square",
  "ds_mm": 2.0,
  "min_det": 0.005629244010673154,
  "scale": 1.4808521638366638,
  "rot_deg": 42.361608155410096,
  "dx_mm": 11.010726223940054,
  "dy_mm": 28.78747632868953
}