{
  "label": "square",
  "ds_mm": 2.0,
  "min_det": 0.0055516708770754685,
  "scale": 1.3006539350435582,
  "rot_deg": -1.071399048066631,
  "dx_mm": 25.909573923891948,
  "dy_mm": 13.237699004916621
}