{
  "label": "square",
  "ds_mm": 2.0,
  "min_det": 0.005652979933466871,
  "scale": 1.1985239432557637,
  "rot_deg": 13.614887584536248,
  "dx_mm": 22.614554203959017,
  "dy_mm": -20.384505890558266
}