{
  "label": "square",
  "ds_mm": 2.0,
  "min_det": 0.005892869609801329,
  "scale": 1.2434979495429173,
  "rot_deg": -34.479527426498386,
  "dx_mm": -5.642741227249978,
  "dy_mm": 15.665046753021777
}