{
  "label": "square",
  "ds_mm": 2.0,
  "min_det": 0.005688801544641296,
  "scale": 1.3132052072811136,
  "rot_deg": 7.252319375490771,
  "dx_mm": 13.521311757472205,
  "dy_mm": -14.288830142595383
}