{
  "label": "square",
  "ds_mm": 2.0,
  "min_det": 0.005865719100690776,
  "scale": 0.8648196591903916,
  "rot_deg": 18.729399358392044,
  "dx_mm": 25.756224089053518,
  "dy_mm": 8.355035337403237
}