{
  "label": "square",
  "ds_mm": 2.0,
  "min_det": 0.005776779705260938,
  "scale": 1.1200811248153313,
  "rot_deg": 37.99441615528731,
  "dx_mm": 18.744969307015317,
  "dy_mm": 15.718962317443818
}