{
  "label": "square",
  "ds_mm": 2.0,
  "min_det": 0.005936252812904524,
  "scale": 0.7029137245227925,
  "rot_deg": -12.084990115772449,
  "dx_mm": 26.87520143298981,
  "dy_mm": 17.921384429144062
}