{
  "label": "square",
  "ds_mm": 2.0,
  "min_det": 0.005930302237103837,
  "scale": 0.7581934403645312,
  "rot_deg": -42.26660133409713,
  "dx_mm": 18.17053160638165,
  "dy_mm": -14.911057518152038
}