{
  "label": "square",
  "ds_mm": 2.0,
  "min_det": 0.005600336433111817,
  "scale": 1.484323858878903,
  "rot_deg": 39.42319473365417,
  "dx_mm": 18.07457640285658,
  "dy_mm": 21.2659431625353
}