{
  "label": "square",
  "ds_mm": 2.0,
  "min_det": 0.006136628394100245,
  "scale": 0.8756012154241539,
  "rot_deg": 31.783557373920146,
  "dx_mm": -7.37979348671351,
  "dy_mm": -24.524272210732786
}