{
  "label": "square",
  "ds_mm": 2.0,
  "min_det": 0.00562363768547052,
  "scale": 1.411037572288215,
  "rot_deg": 43.3316094211073,
  "dx_mm": 20.287836189524576,
  "dy_mm": -24.511505171021646
}