{
  "label": "square",
  "ds_mm": 2.0,
  "min_det": 0.005539899464992739,
  "scale": 1.4443445225784286,
  "rot_deg": 44.52399404768842,
  "dx_mm": 28.122100464049666,
  "dy_mm": 16.15702555593522
}