{
  "label": "square",
  "ds_mm": 2.0,
  "min_det": 0.006035218817275277,
  "scale": 0.7014054377263186,
  "rot_deg": -9.55419881323315,
  "dx_mm": 13.908528474755919,
  "dy_mm": -27.67128366872605
}