{
  "label": "square",
  "ds_mm": 2.0,
  "min_det": 0.006067746146295569,
  "scale": 0.9903573459770925,
  "rot_deg": -44.53904559175377,
  "dx_mm": -4.839649044053935,
  "dy_mm": 14.787720167464975
}