{
  "label": "square",
  "ds_mm": 2.0,
  "min_det": 0.005948341499027607,
  "scale": 0.9933352340843028,
  "rot_deg": 36.322338320908585,
  "dx_mm": 2.4601238469932696,
  "dy_mm": -23.564009299080016
}