{
  "label": "square",
  "ds_mm": 2.0,
  "min_det": 0.005709394054210633,
  "scale": 0.9556706692264227,
  "rot_deg": 13.338131284986474,
  "dx_mm": 28.047638189775682,
  "dy_mm": -24.30443004078853
}