{
  "label": "square",
  "ds_mm": 2.0,
  "min_det": 0.006343687326250641,
  "scale": 0.8457001198205828,
  "rot_deg": 7.8609067060880164,
  "dx_mm": -5.241718129409687,
  "dy_mm": 27.170372725693213
}