{
  "label": "square",
  "ds_mm": 2.0,
  "min_det": 0.005744836305314463,
  "scale": 1.1847549991874446,
  "rot_deg": -33.61688824976565,
  "dx_mm": 15.199604279985792,
  "dy_mm": -10.135075794779436
}