{
  "label": "square",
  "ds_mm": 2.0,
  "min_det": 0.005903270823861191,
  "scale": 0.7203240940928664,
  "rot_deg": 37.506302060740154,
  "dx_mm": 24.174323858967348,
  "dy_mm": -18.85313569864816
}