{
  "label": "square",
  "ds_mm": 2.0,
  "min_det": 0.005775132181901442,
  "scale": 1.0477625914613222,
  "rot_deg": -40.4075643993975,
  "dx_mm": 14.599352937504591,
  "dy_mm": -27.910096944356027
}