{
  "label": "square",
  "ds_mm": 2.0,
  "min_det": 0.006811077181743316,
  "scale": 0.7300458115353036,
  "rot_deg": -12.859340364604734,
  "dx_mm": -26.780382949240607,
  "dy_mm": 8.351034531759218
}