{
  "label": "square",
  "ds_mm": 2.0,
  "min_det": 0.0060632702640519,
  "scale": 0.748227197048202,
  "rot_deg": 1.15017305862645,
  "dx_mm": 17.949866819455252,
  "dy_mm": 21.709016263703276
}