{
  "label": "square",
  "ds_mm": 2.0,
  "min_det": 0.005921453112097528,
  "scale": 0.8430060182418875,
  "rot_deg": 40.42842517265004,
  "dx_mm": 20.105114046892197,
  "dy_mm": 12.20428125731356
}