{
  "label": "square",
  "ds_mm": 2.0,
  "min_det": 0.005885726588912034,
  "scale": 1.1567724683770173,
  "rot_deg": 4.975146621584109,
  "dx_mm": 1.7875806828536973,
  "dy_mm": 29.531502656255945
}