{
  "label": "square",
  "ds_mm": 2.0,
  "min_det": 0.0064212088792258235,
  "scale": 0.8026192024405444,
  "rot_deg": 7.883590165378962,
  "dx_mm": -20.020746078342246,
  "dy_mm": -21.96144366404898
}