{
  "label": "square",
  "ds_mm": 2.0,
  "min_det": 0.006172365700081711,
  "scale": 1.2525051643770633,
  "rot_deg": -18.716957214665573,
  "dx_mm": -20.80156425142122,
  "dy_mm": -20.50440174997812
}