{
  "label": "square",
  "ds_mm": 2.0,
  "min_det": 0.005914034731386185,
  "scale": 1.0407442458238596,
  "rot_deg": 7.570244491314234,
  "dx_mm": 4.942439976144598,
  "dy_mm": -15.013476654457708
}