{
  "label": "square",
  "ds_mm": 2.0,
  "min_det": 0.005926319870647742,
  "scale": 0.8559729016259131,
  "rot_deg": -8.802449467572693,
  "dx_mm": 23.73541641816928,
  "dy_mm": 0.13012787039331286
}