{
  "label": "square",
  "ds_mm": 2.0,
  "min_det": 0.006178968633067509,
  "scale": 0.9746421075013232,
  "rot_deg": -17.843475874220896,
  "dx_mm": -11.56745597904418,
  "dy_mm": 29.527657774049665
}