{
  "label": "square",
  "ds_mm": 2.0,
  "min_det": 0.006310656093200899,
  "scale": 0.7430833509698724,
  "rot_deg": -9.85018301536686,
  "dx_mm": -3.5616041102015963,
  "dy_mm": -18.498872607548886
}