{
  "label": "square",
  "ds_mm": 2.0,
  "min_det": 0.005918750108747264,
  "scale": 1.1103624097878715,
  "rot_deg": -36.718914370970126,
  "dx_mm": -0.6200228767461482,
  "dy_mm": -17.363285420498137
}