{
  "label": "square",
  "ds_mm": 2.0,
  "min_det": 0.00649242707275801,
  "scale": 1.0178047245966182,
  "rot_deg": -11.846658745110531,
  "dx_mm": -29.033667904941908,
  "dy_mm": 24.230665918789143
}