{
  "label": "square",
  "ds_mm": 2.0,
  "min_det": 0.006508972026618499,
  "scale": 0.9838901624502143,
  "rot_deg": 18.48756147349995,
  "dx_mm": -26.53994010142751,
  "dy_mm": 22.01659179312614
}