{
  "label": "square",
  "ds_mm": 2.0,
  "min_det": 0.006555963546526159,
  "scale": 0.7003736153610247,
  "rot_deg": 23.717108472340342,
  "dx_mm": -14.345398121584338,
  "dy_mm": 22.861328589538367
}