{
  "label": "square",
  "ds_mm": 2.0,
  "min_det": 0.006041798351384754,
  "scale": 1.2229800924322762,
  "rot_deg": 24.87205795152586,
  "dx_mm": -14.589940938035685,
  "dy_mm": -3.0560527409587515
}