{
  "label": "square",
  "ds_mm": 2.0,
  "min_det": 0.00609512310063118,
  "scale": 1.2077309143172763,
  "rot_deg": -6.126466055346029,
  "dx_mm": -16.24928162076609,
  "dy_mm": -17.95501697624599
}