{
  "label": "square",
  "ds_mm": 2.0,
  "min_det": 0.006305482801990856,
  "scale": 1.2206353868761726,
  "rot_deg": -18.68018777861469,
  "dx_mm": -28.477868253883784,
  "dy_mm": -0.40641510523606783
}