{
  "label": "square",
  "ds_mm": 2.0,
  "min_det": 0.006179014772743908,
  "scale": 0.8323197253239527,
  "rot_deg": -14.398329340625232,
  "dx_mm": 1.6604479010602589,
  "dy_mm": 14.703350530613129
}