{
  "label": "square",
  "ds_mm": 2.0,
  "min_det": 0.00601013977118594,
  "scale": 1.2923707116946583,
  "rot_deg": 44.71422618057443,
  "dx_mm": -14.030794423790798,
  "dy_mm": -7.174729736679673
}