{
  "label": "square",
  "ds_mm": 2.0,
  "min_det": 0.005760302861026222,
  "scale": 1.0895745523528026,
  "rot_deg": 24.490844835082513,
  "dx_mm": 13.32028504905869,
  "dy_mm": -25.72407640738066
}