{
  "label": "square",
  "ds_mm": 2.0,
  "min_det": 0.0061805531264642714,
  "scale": 0.6546833987198766,
  "rot_deg": 30.68743857302232,
  "dx_mm": 10.431416807008205,
  "dy_mm": 16.33134386264019
}