{
  "label": "square",
  "ds_mm": 2.0,
  "min_det": 0.005737779032136828,
  "scale": 1.0449267765371806,
  "rot_deg": 39.26741911252405,
  "dx_mm": 27.37062270599855,
  "dy_mm": -1.79699984883381
}