{
  "label": "square",
  "ds_mm": 2.0,
  "min_det": 0.005740300757172955,
  "scale": 1.3209363770836844,
  "rot_deg": 35.4372896303974,
  "dx_mm": 9.178282040602696,
  "dy_mm": -11.675129596473234
}