{
  "label": "square",
  "ds_mm": 2.0,
  "min_det": 0.006306932738219349,
  "scale": 0.9094731784598071,
  "rot_deg": 1.7671977318412644,
  "dx_mm": -19.78710825249116,
  "dy_mm": -26.927232257208885
}