{
  "label": "square",
  "ds_mm": 2.0,
  "min_det": 0.006473943576418462,
  "scale": 0.8013527529530663,
  "rot_deg": 43.25287694092354,
  "dx_mm": -16.950730753345074,
  "dy_mm": 11.112292811792337
}