{
  "label": "square",
  "ds_mm": 2.0,
  "min_det": 0.005569983237528246,
  "scale": 1.353244026284959,
  "rot_deg": -35.032327149740205,
  "dx_mm": 29.133596691800648,
  "dy_mm": -13.9965234566541
}