{
  "label": "square",
  "ds_mm": 2.0,
  "min_det": 0.005528523658721195,
  "scale": 1.4751258756247916,
  "rot_deg": -20.12410683147255,
  "dx_mm": 13.032209753810136,
  "dy_mm": 16.58884353046708
}