{
  "label": "square",
  "ds_mm": 2.0,
  "min_det": 0.006082727086916825,
  "scale": 1.0772976271839674,
  "rot_deg": -14.946791236414679,
  "dx_mm": -3.5397359047744423,
  "dy_mm": -0.5279468070882984
}