{
  "label": "square",
  "ds_mm": 2.0,
  "min_det": 0.005825452983903109,
  "scale": 1.3552736343848015,
  "rot_deg": -30.60394303529621,
  "dx_mm": -3.132131292895263,
  "dy_mm": -5.499154876141585
}