{
  "label": "square",
  "ds_mm": 2.0,
  "min_det": 0.006695279724147769,
  "scale": 0.9124380536619258,
  "rot_deg": -7.86368036256534,
  "dx_mm": -28.156407107560213,
  "dy_mm": 3.7728219263713356
}