{
  "label": "square",
  "ds_mm": 2.0,
  "min_det": 0.005904859040267991,
  "scale": 1.2450258932664935,
  "rot_deg": 2.4433735855502334,
  "dx_mm": -11.519792767176714,
  "dy_mm": -27.696849884527616
}