{
  "label": "square",
  "ds_mm": 2.0,
  "min_det": 0.006234978616896568,
  "scale": 0.619665699290875,
  "rot_deg": 0.017343166427906453,
  "dx_mm": 13.51451967517216,
  "dy_mm": 21.300366974993892
}