{
  "label": "square",
  "ds_mm": 2.0,
  "min_det": 0.00599364934486838,
  "scale": 1.0780929866960631,
  "rot_deg": -7.62607806934448,
  "dx_mm": 3.877121627544703,
  "dy_mm": -8.083107074472473
}