{
  "label": "square",
  "ds_mm": 2.0,
  "min_det": 0.0056995742205563985,
  "scale": 1.4255563868108647,
  "rot_deg": -2.3708160593792513,
  "dx_mm": 9.225849276458426,
  "dy_mm": -10.50926886001686
}