{
  "label": "square",
  "ds_mm": 2.0,
  "min_det": 0.006094840475860064,
  "scale": 1.2672217403271735,
  "rot_deg": -4.591874479467002,
  "dx_mm": -12.958862339196635,
  "dy_mm": -0.1855693639061684
}