{
  "label": "square",
  "ds_mm": 2.0,
  "min_det": 0.006017370361642929,
  "scale": 1.0477461205348708,
  "rot_deg": 30.605317632893943,
  "dx_mm": 1.0607513930985242,
  "dy_mm": 24.26157987417136
}