{
  "label": "square",
  "ds_mm": 2.0,
  "min_det": 0.0060015705954874045,
  "scale": 0.7578405938488001,
  "rot_deg": 8.403707051037443,
  "dx_mm": 19.530415310203125,
  "dy_mm": 2.0899406692446334
}