{
  "label": "square",
  "ds_mm": 2.0,
  "min_det": 0.006068256350496392,
  "scale": 1.0679083907566267,
  "rot_deg": 42.62984295430279,
  "dx_mm": -5.369198709696711,
  "dy_mm": 23.419131036956536
}