{
  "label": "square",
  "ds_mm": 2.0,
  "min_det": 0.005821955332762384,
  "scale": 1.495071879374149,
  "rot_deg": 31.765020378433732,
  "dx_mm": -11.375217529486836,
  "dy_mm": -11.255143373621316
}