{
  "label": "square",
  "ds_mm": 2.0,
  "min_det": 0.005862083043320255,
  "scale": 0.9774452672376834,
  "rot_deg": 38.16336888172562,
  "dx_mm": 13.266967329459241,
  "dy_mm": -20.354829174154965
}