{
  "label": "square",
  "ds_mm": 2.0,
  "min_det": 0.00577311170951093,
  "scale": 1.0395255232288472,
  "rot_deg": -34.52477620050433,
  "dx_mm": 20.344789315140183,
  "dy_mm": -10.193154934873053
}