{
  "label": "square",
  "ds_mm": 2.0,
  "min_det": 0.006918415521774319,
  "scale": 0.7142639325000486,
  "rot_deg": -4.115654684739702,
  "dx_mm": -29.89005831736337,
  "dy_mm": 27.1490834597546
}