{
  "label": "square",
  "ds_mm": 2.0,
  "min_det": 0.006088471409041566,
  "scale": 1.3427743624905455,
  "rot_deg": -32.94563801448235,
  "dx_mm": -26.644055095652092,
  "dy_mm": 10.018373862341456
}