{
  "label": "square",
  "ds_mm": 2.0,
  "min_det": 0.005919372766568159,
  "scale": 1.276031356913426,
  "rot_deg": 2.19277670124675,
  "dx_mm": -4.349802732556782,
  "dy_mm": 20.69221973341638
}