{
  "label": "square",
  "ds_mm": 2.0,
  "min_det": 0.005947857281508137,
  "scale": 1.1871481595053182,
  "rot_deg": 17.212607748950617,
  "dx_mm": 1.1012885827002492,
  "dy_mm": 15.23134785803974
}