{
  "label": "square",
  "ds_mm": 2.0,
  "min_det": 0.0062790772409979725,
  "scale": 0.6184127898834454,
  "rot_deg": 6.811067131260025,
  "dx_mm": 9.21697997366578,
  "dy_mm": 14.330475913353247
}