{
  "label": "square",
  "ds_mm": 2.0,
  "min_det": 0.006420742399965129,
  "scale": 0.9162003714816055,
  "rot_deg": 42.113577179345015,
  "dx_mm": -20.243412089312145,
  "dy_mm": 14.737317707216405
}