{
  "label": "square",
  "ds_mm": 2.0,
  "min_det": 0.006214126407725126,
  "scale": 1.1691653882463797,
  "rot_deg": 39.86069098698026,
  "dx_mm": -22.107421790766715,
  "dy_mm": 5.812220419846078
}