{
  "label": "square",
  "ds_mm": 2.0,
  "min_det": 0.006599132537606929,
  "scale": 0.6049052676844018,
  "rot_deg": 12.084863535149822,
  "dx_mm": -8.753533913144246,
  "dy_mm": 28.849497993362817
}