{
  "label": "square",
  "ds_mm": 2.0,
  "min_det": 0.005919056238708804,
  "scale": 1.2183722599657774,
  "rot_deg": 41.70701952020086,
  "dx_mm": -7.287177976592421,
  "dy_mm": -27.81044001869548
}