{
  "label": "square",
  "ds_mm": 2.0,
  "min_det": 0.005884583131284181,
  "scale": 1.3496332733022265,
  "rot_deg": 28.473851844052874,
  "dx_mm": -5.481841499407626,
  "dy_mm": 6.438080751013565
}