{
  "label": "square",
  "ds_mm": 2.0,
  "min_det": 0.005858984342005735,
  "scale": 1.082477851972824,
  "rot_deg": 22.99286991363097,
  "dx_mm": 14.914426146949623,
  "dy_mm": 20.01077769000576
}