{
  "label": "square",
  "ds_mm": 2.0,
  "min_det": 0.006234584788179108,
  "scale": 1.1344945674877347,
  "rot_deg": 36.56790093527613,
  "dx_mm": -20.708378642808764,
  "dy_mm": 20.868962402173494
}