{
  "label": "square",
  "ds_mm": 2.0,
  "min_det": 0.005993039418990752,
  "scale": 0.7938428079247718,
  "rot_deg": 31.147354910265378,
  "dx_mm": 16.14065482729785,
  "dy_mm": 5.3915984509924115
}