{
  "label": "square",
  "ds_mm": 2.0,
  "min_det": 0.006545245582181127,
  "scale": 0.8326014647879226,
  "rot_deg": -33.854119040084925,
  "dx_mm": -28.726576360679644,
  "dy_mm": -20.888827981489
}