{
  "label": "square",
  "ds_mm": 2.0,
  "min_det": 0.006397305126502499,
  "scale": 0.7217138243603509,
  "rot_deg": -35.923440654535696,
  "dx_mm": -13.719277113294439,
  "dy_mm": -17.866400019846324
}