{
  "label": "square",
  "ds_mm": 2.0,
  "min_det": 0.005962757057721614,
  "scale": 1.0451011708858498,
  "rot_deg": -26.73618433265954,
  "dx_mm": 1.2140556762742492,
  "dy_mm": 16.795917700158043
}