{
  "label": "square",
  "ds_mm": 2.0,
  "min_det": 0.0064691093029316474,
  "scale": 0.6379564692051504,
  "rot_deg": 23.174829722847463,
  "dx_mm": -6.500712856550173,
  "dy_mm": 16.043655698991145
}