{
  "label": "square",
  "ds_mm": 2.0,
  "min_det": 0.006196054265326952,
  "scale": 0.7985634012155147,
  "rot_deg": -0.8306938717982035,
  "dx_mm": 3.939199005898921,
  "dy_mm": -0.4085801375554574
}