{
  "label": "square",
  "ds_mm": 2.0,
  "min_det": 0.006422161602670839,
  "scale": 0.731496186355724,
  "rot_deg": -13.694129464600273,
  "dx_mm": -6.7175821033237035,
  "dy_mm": -11.076919218821445
}