{
  "label": "square",
  "ds_mm": 2.0,
  "min_det": 0.006099769972427883,
  "scale": 1.3593949010879078,
  "rot_deg": -25.727548959389992,
  "dx_mm": -25.8944455190813,
  "dy_mm": 2.2986663859928456
}