{
  "label": "square",
  "ds_mm": 2.0,
  "min_det": 0.0067154042558209125,
  "scale": 0.6457440579221436,
  "rot_deg": 29.60276015838035,
  "dx_mm": -21.158277715372222,
  "dy_mm": 13.341892733679813
}