{
  "label": "square",
  "ds_mm": 2.0,
  "min_det": 0.006640767048502261,
  "scale": 0.6872347769414618,
  "rot_deg": 17.988948801426282,
  "dx_mm": -16.805804106709818,
  "dy_mm": 27.451652110042282
}