{
  "label": "square",
  "ds_mm": 2.0,
  "min_det": 0.006085553205461191,
  "scale": 0.8062401937012065,
  "rot_deg": 29.764011508030265,
  "dx_mm": 0.09620572459139254,
  "dy_mm": -25.26887074330734
}