{
  "label": "square",
  "ds_mm": 2.0,
  "min_det": 0.005983367549639902,
  "scale": 1.3265504907046881,
  "rot_deg": 19.40059997112769,
  "dx_mm": -9.261417532968778,
  "dy_mm": 22.435711020156205
}