{
  "label": "square",
  "ds_mm": 2.0,
  "min_det": 0.005476161515096754,
  "scale": 1.3056152937104004,
  "rot_deg": -5.771880498423158,
  "dx_mm": 21.45675680365526,
  "dy_mm": 26.52959779079341
}