{
  "label": "square",
  "ds_mm": 2.0,
  "min_det": 0.006316385208768818,
  "scale": 1.0828271987089666,
  "rot_deg": 12.174266837141161,
  "dx_mm": -25.669943979658413,
  "dy_mm": -5.9588563145046365
}