{
  "label": "square",
  "ds_mm": 2.0,
  "min_det": 0.006420047949165931,
  "scale": 0.6327792589378521,
  "rot_deg": 40.26035139323834,
  "dx_mm": -7.585465192318196,
  "dy_mm": -11.262464272839512
}