{
  "label": "square",
  "ds_mm": 2.0,
  "min_det": 0.006251389464353335,
  "scale": 0.8319779884571976,
  "rot_deg": -17.436512054742625,
  "dx_mm": -2.614639382579334,
  "dy_mm": -1.1155525443269703
}