{
  "label": "square",
  "ds_mm": 2.0,
  "min_det": 0.006153621862121786,
  "scale": 1.4589149743838328,
  "rot_deg": 9.865078510231498,
  "dx_mm": -28.21381164612744,
  "dy_mm": 18.844583281981507
}