{
  "label": "square",
  "ds_mm": 2.0,
  "min_det": 0.00588489134791016,
  "scale": 0.9536024998556045,
  "rot_deg": 10.919371018106759,
  "dx_mm": 15.123303690176478,
  "dy_mm": -8.362478571819313
}