{
  "label": "square",
  "ds_mm": 2.0,
  "min_det": 0.005656409639885086,
  "scale": 1.1789675521349388,
  "rot_deg": -34.102548583356196,
  "dx_mm": 21.1224282052478,
  "dy_mm": 18.386128406889505
}