{
  "label": "square",
  "ds_mm": 2.0,
  "min_det": 0.006298636869789607,
  "scale": 0.6462411100255214,
  "rot_deg": -36.97847295474064,
  "dx_mm": -0.2715697745389072,
  "dy_mm": 2.0691197087313355
}