{
  "label": "square",
  "ds_mm": 2.0,
  "min_det": 0.006013020852368408,
  "scale": 1.227506692881375,
  "rot_deg": -35.2999156706612,
  "dx_mm": -14.918469137962752,
  "dy_mm": 17.52973667799904
}