{
  "label": "square",
  "ds_mm": 2.0,
  "min_det": 0.006404673477763031,
  "scale": 0.8991090842850469,
  "rot_deg": -30.523680134546943,
  "dx_mm": -20.36764826280234,
  "dy_mm": 8.780459363568156
}