{
  "label": "square",
  "ds_mm": 2.0,
  "min_det": 0.005974286528865152,
  "scale": 1.2212325553186685,
  "rot_deg": 11.496907039599485,
  "dx_mm": -11.608445264427388,
  "dy_mm": -13.739238140821936
}