{
  "label": "square",
  "ds_mm": 2.0,
  "min_det": 0.005982388643745134,
  "scale": 1.0357989063403044,
  "rot_deg": -0.2719765225540627,
  "dx_mm": 6.35181971291442,
  "dy_mm": 19.98540917245323
}