{
  "label": "square",
  "ds_mm": 2.0,
  "min_det": 0.005967118187529132,
  "scale": 0.7541676203133763,
  "rot_deg": 25.428137272761262,
  "dx_mm": 17.806765713290773,
  "dy_mm": -9.244488480577655
}