{
  "label": "square",
  "ds_mm": 2.0,
  "min_det": 0.00588589632209712,
  "scale": 1.0460004153657305,
  "rot_deg": -42.04555697383779,
  "dx_mm": 4.113193712526247,
  "dy_mm": -19.634602739544963
}