{
  "label": "square",
  "ds_mm": 2.0,
  "min_det": 0.0057649181988269835,
  "scale": 1.1261902436025981,
  "rot_deg": -33.79637553976663,
  "dx_mm": 16.25079469454144,
  "dy_mm": -11.807459754540016
}