{
  "label": "square",
  "ds_mm": 2.0,
  "min_det": 0.005973767033464732,
  "scale": 0.9698023992265743,
  "rot_deg": 20.098864831425615,
  "dx_mm": 5.301147381544489,
  "dy_mm": -6.807122263827818
}