{
  "label": "square",
  "ds_mm": 2.0,
  "min_det": 0.006088318662677055,
  "scale": 1.12814423522636,
  "rot_deg": -39.907987174658004,
  "dx_mm": -16.09729818975987,
  "dy_mm": 29.4337015709907
}