{
  "label": "square",
  "ds_mm": 2.0,
  "min_det": 0.006180185007131889,
  "scale": 1.0797003225936597,
  "rot_deg": 39.953131138351694,
  "dx_mm": -18.211693965002056,
  "dy_mm": -15.427367916290486
}