{
  "label": "square",
  "ds_mm": 2.0,
  "min_det": 0.005950603058248921,
  "scale": 1.1407510615517342,
  "rot_deg": 7.5563948858878405,
  "dx_mm": -10.528479468270625,
  "dy_mm": -28.521208392824025
}