{
  "label": "square",
  "ds_mm": 2.0,
  "min_det": 0.006103092611430012,
  "scale": 0.7349389778238871,
  "rot_deg": -14.249349812968724,
  "dx_mm": 13.908669551500495,
  "dy_mm": 4.488990656963381
}