{
  "label": "square",
  "ds_mm": 2.0,
  "min_det": 0.005866313264114709,
  "scale": 1.0052535368320439,
  "rot_deg": -2.118948736274241,
  "dx_mm": 17.378013604112745,
  "dy_mm": -7.9567335356174524
}