{
  "label": "square",
  "ds_mm": 2.0,
  "min_det": 0.006035597088828094,
  "scale": 1.2767559508550976,
  "rot_deg": 19.726559042751887,
  "dx_mm": -22.149826963081203,
  "dy_mm": -17.386458736167228
}