{
  "label": "square",
  "ds_mm": 2.0,
  "min_det": 0.005932221170778451,
  "scale": 0.7996258475689284,
  "rot_deg": -5.475611898467832,
  "dx_mm": 21.087271915457578,
  "dy_mm": -15.046359341209737
}