{
  "label": "square",
  "ds_mm": 2.0,
  "min_det": 0.0060426612081407975,
  "scale": 0.8420907131431128,
  "rot_deg": -4.383604567861049,
  "dx_mm": 10.754866340240987,
  "dy_mm": 24.63899850375887
}