{
  "label": "square",
  "ds_mm": 2.0,
  "min_det": 0.00596813799430719,
  "scale": 0.667571081456167,
  "rot_deg": -13.641793169278962,
  "dx_mm": 27.73935860910713,
  "dy_mm": 9.193777423537249
}