{
  "label": "square",
  "ds_mm": 2.0,
  "min_det": 0.006825898081587477,
  "scale": 0.6430393051213626,
  "rot_deg": 5.791069626832638,
  "dx_mm": -23.390772482299848,
  "dy_mm": 9.239094519703784
}