{
  "label": "square",
  "ds_mm": 2.0,
  "min_det": 0.006148848288477516,
  "scale": 1.3279158851558204,
  "rot_deg": -29.43080379298543,
  "dx_mm": -29.71418809170742,
  "dy_mm": -21.31403665423899
}