{
  "label": "square",
  "ds_mm": 2.0,
  "min_det": 0.0059734591802424325,
  "scale": 1.1266844516374195,
  "rot_deg": 1.5879634988233633,
  "dx_mm": -9.528181571094443,
  "dy_mm": -27.20002269923869
}