{
  "label": "square",
  "ds_mm": 2.0,
  "min_det": 0.006063022818401962,
  "scale": 1.2975016060136249,
  "rot_deg": 33.05931834375539,
  "dx_mm": -26.940059444231288,
  "dy_mm": -26.322330521749457
}