{
  "label": "square",
  "ds_mm": 2.0,
  "min_det": 0.006282425372250828,
  "scale": 0.9383444433258049,
  "rot_deg": 6.784462933753389,
  "dx_mm": -17.144911320106623,
  "dy_mm": -15.76113832881903
}