{
  "label": "square",
  "ds_mm": 2.0,
  "min_det": 0.006085864788366956,
  "scale": 0.827743604760514,
  "rot_deg": 5.568185991018446,
  "dx_mm": 12.160578400507774,
  "dy_mm": 25.89482191670904
}