{
  "label": "square",
  "ds_mm": 2.0,
  "min_det": 0.005740948014362705,
  "scale": 1.3894826208902136,
  "rot_deg": -11.402609523458004,
  "dx_mm": 3.5669411367878325,
  "dy_mm": 7.889721032505641
}