{
  "label": "square",
  "ds_mm": 2.0,
  "min_det": 0.0061108377771856475,
  "scale": 1.1648153143643278,
  "rot_deg": 44.617441882399405,
  "dx_mm": -14.07142196269943,
  "dy_mm": 1.1792780542643833
}