{
  "label": "square",
  "ds_mm": 2.0,
  "min_det": 0.005737223104085727,
  "scale": 1.461778139093489,
  "rot_deg": 6.937959612213611,
  "dx_mm": 7.335637455450076,
  "dy_mm": 5.99019068470939
}