{
  "label": "square",
  "ds_mm": 2.0,
  "min_det": 0.006258770790030987,
  "scale": 0.9739541184124129,
  "rot_deg": 18.778155822825667,
  "dx_mm": -14.408961097969415,
  "dy_mm": 1.9054703747203696
}