{
  "label": "square",
  "ds_mm": 2.0,
  "min_det": 0.00657297400857793,
  "scale": 0.7850244347973754,
  "rot_deg": 18.385490241824336,
  "dx_mm": -20.29997892817212,
  "dy_mm": 13.198320422346484
}