{
  "label": "square",
  "ds_mm": 2.0,
  "min_det": 0.006206034625093778,
  "scale": 0.8084084811077864,
  "rot_deg": 16.591537471647875,
  "dx_mm": -1.4774762069912377,
  "dy_mm": -0.4663302813551269
}