{
  "label": "square",
  "ds_mm": 2.0,
  "min_det": 0.006744101010361303,
  "scale": 0.8094959722052084,
  "rot_deg": -4.286507557190966,
  "dx_mm": -26.488615554198766,
  "dy_mm": 23.87343927598276
}