{
  "label": "square",
  "ds_mm": 2.0,
  "min_det": 0.005956851993347961,
  "scale": 1.3680632599713016,
  "rot_deg": -25.46526817209505,
  "dx_mm": -18.176750214729687,
  "dy_mm": 15.937610705418372
}