{
  "label": "square",
  "ds_mm": 2.0,
  "min_det": 0.005912885570785369,
  "scale": 0.9454909975400383,
  "rot_deg": -24.30680410630903,
  "dx_mm": 9.690719797087077,
  "dy_mm": 24.632305861204358
}