{
  "label": "square",
  "ds_mm": 2.0,
  "min_det": 0.006366267561328214,
  "scale": 0.784206777605454,
  "rot_deg": 5.986703713181527,
  "dx_mm": -3.8039679957430224,
  "dy_mm": 20.601197681772774
}