{
  "label": "square",
  "ds_mm": 2.0,
  "min_det": 0.006091251717949764,
  "scale": 0.8736071395375421,
  "rot_deg": 37.709610419910305,
  "dx_mm": 3.6771401922529066,
  "dy_mm": 6.288226203830952
}