{
  "label": "square",
  "ds_mm": 2.0,
  "min_det": 0.006104775372135634,
  "scale": 1.261151417773768,
  "rot_deg": -18.045887699445263,
  "dx_mm": -18.173916603348907,
  "dy_mm": 5.554370190129603
}