{
  "label": "square",
  "ds_mm": 2.0,
  "min_det": 0.006272542331401964,
  "scale": 0.8817216217942403,
  "rot_deg": -23.3263704261877,
  "dx_mm": -8.984702212160663,
  "dy_mm": -1.534296756427576
}