{
  "label": "square",
  "ds_mm": 2.0,
  "min_det": 0.006537119383411458,
  "scale": 0.9358032178703004,
  "rot_deg": 24.093238509829348,
  "dx_mm": -26.758451440094618,
  "dy_mm": 20.45411734844705
}