{
  "label": "square",
  "ds_mm": 2.0,
  "min_det": 0.005703832265614853,
  "scale": 1.4176884128719536,
  "rot_deg": -32.23210292970489,
  "dx_mm": 5.714752554511321,
  "dy_mm": -29.67251873337499
}