{
  "label": "square",
  "ds_mm": 2.0,
  "min_det": 0.005860666261480026,
  "scale": 1.2395473707880775,
  "rot_deg": 40.176413962818984,
  "dx_mm": -2.1528417303984035,
  "dy_mm": -24.319714785571712
}