{
  "label": "square",
  "ds_mm": 2.0,
  "min_det": 0.006339467418688299,
  "scale": 1.014353106633946,
  "rot_deg": -21.71285089522498,
  "dx_mm": -20.18780206241626,
  "dy_mm": -8.115134821113557
}