{
  "label": "square",
  "ds_mm": 2.0,
  "min_det": 0.005867753119726102,
  "scale": 0.7503821868403058,
  "rot_deg": -13.54718010664261,
  "dx_mm": 27.867018740633185,
  "dy_mm": 22.431165839087015
}