{
  "label": "square",
  "ds_mm": 2.0,
  "min_det": 0.0059369714266280064,
  "scale": 1.1050476309119301,
  "rot_deg": 15.548474504745712,
  "dx_mm": 7.1375327198766385,
  "dy_mm": 15.002262471452894
}