{
  "label": "square",
  "ds_mm": 2.0,
  "min_det": 0.0065245331361609175,
  "scale": 0.8266386603710268,
  "rot_deg": -29.677973519834943,
  "dx_mm": -22.92001000661932,
  "dy_mm": 3.176550249205988
}