{
  "label": "square",
  "ds_mm": 2.0,
  "min_det": 0.006217748768173771,
  "scale": 0.9505868797263004,
  "rot_deg": -31.1204347522291,
  "dx_mm": -12.359831452038325,
  "dy_mm": 18.57859028277899
}