{
  "label": "square",
  "ds_mm": 2.0,
  "min_det": 0.005602129852082177,
  "scale": 1.2224018796539868,
  "rot_deg": -29.55289859740798,
  "dx_mm": 21.628936476557712,
  "dy_mm": 22.565661671488904
}