{
  "label": "square",
  "ds_mm": 2.0,
  "min_det": 0.005951875274979206,
  "scale": 0.8826397052518572,
  "rot_deg": -32.1423718999047,
  "dx_mm": 12.33162876856182,
  "dy_mm": 9.838402643476826
}