{
  "label": "square",
  "ds_mm": 2.0,
  "min_det": 0.006432220964243708,
  "scale": 0.9752612770697302,
  "rot_deg": -16.943719898389777,
  "dx_mm": -21.680784364167252,
  "dy_mm": 2.829530909172952
}