{
  "label": "square",
  "ds_mm": 2.0,
  "min_det": 0.00571223957700127,
  "scale": 1.467760023694706,
  "rot_deg": 8.507796821307565,
  "dx_mm": -3.6507708354881494,
  "dy_mm": -21.293529065690144
}