{
  "label": "square",
  "ds_mm": 2.0,
  "min_det": 0.006218296983923273,
  "scale": 0.8093086475772757,
  "rot_deg": 20.45509451687674,
  "dx_mm": -3.333832116630827,
  "dy_mm": -2.488268840076408
}