{
  "label": "square",
  "ds_mm": 2.0,
  "min_det": 0.006216711255247306,
  "scale": 1.1580371914319092,
  "rot_deg": -38.30901097564433,
  "dx_mm": -25.491523193778292,
  "dy_mm": 7.723032948808552
}