{
  "label": "square",
  "ds_mm": 2.0,
  "min_det": 0.006121494489533016,
  "scale": 1.2801053889892873,
  "rot_deg": -40.30118788517764,
  "dx_mm": -28.94481907283071,
  "dy_mm": -15.21139638370062
}