{
  "label": "square",
  "ds_mm": 2.0,
  "min_det": 0.005706616892354229,
  "scale": 1.0983241435330862,
  "rot_deg": 8.435955629935584,
  "dx_mm": 23.505542608944047,
  "dy_mm": -16.60738331925181
}